采购单位,标题,链接,发标日期
河南移动,河南移动2019年支撑系统和管理信息系统EMC设备维保服务项目_比选公告,https://b2b.10086.cn/b2b/main/viewNoticeContent.html?noticeBean.id=569176,2019-06-12
江苏移动,中国移动江苏公司盐城分公司2019-2020年生产经营临时租赁车辆项目项目_比选公告,https://b2b.10086.cn/b2b/main/viewNoticeContent.html?noticeBean.id=569178,2019-06-12
山西移动,中国移动山西公司2019-2020年省公司网络部网络管理中心IP承载网、CMNET业务质量监测系统维保服务采购项目_比选公告,https://b2b.10086.cn/b2b/main/viewNoticeContent.html?noticeBean.id=569186,2019-06-12
政企分公司,中移动金融科技有限公司新办公区信息化建设项目电话系统（中移全通）采购项目_比选公告,https://b2b.10086.cn/b2b/main/viewNoticeContent.html?noticeBean.id=569220,2019-06-12
河南移动,河南移动2019年支撑系统外部安全考核保障采购项目_比选公告,https://b2b.10086.cn/b2b/main/viewNoticeContent.html?noticeBean.id=569227,2019-06-12
北京移动,中国移动北京公司北京经济技术开发区视频联网服务项目_比选公告,https://b2b.10086.cn/b2b/main/viewNoticeContent.html?noticeBean.id=569230,2019-06-12
山西移动,中国移动山西公司2019年省公司信息技术部大数据公共安全服务能力开发服务采购项目_招标公告,https://b2b.10086.cn/b2b/main/viewNoticeContent.html?noticeBean.id=569237,2019-06-12
广东移动,中国移动广东公司2019-2022年全省物业管理服务公开比选项目_比选公告,https://b2b.10086.cn/b2b/main/viewNoticeContent.html?noticeBean.id=569239,2019-06-12
湖北移动,中国移动湖北公司荆州分公司2019-2020年交换局及县市大楼高压系统检修项目_比选公告,https://b2b.10086.cn/b2b/main/viewNoticeContent.html?noticeBean.id=569240,2019-06-12
政企分公司,福建省莆田湄洲日报社融媒体中心一期建设（机房及智能化建设）等保部分（中移全通）采购项目_比选公告,https://b2b.10086.cn/b2b/main/viewNoticeContent.html?noticeBean.id=569241,2019-06-12
在线服务公司,中移在线西藏分公司外呼营销支撑项目_比选公告,https://b2b.10086.cn/b2b/main/viewNoticeContent.html?noticeBean.id=569251,2019-06-12
内蒙移动,中国移动内蒙古公司包头分公司家宽资源购置管理审计服务采购项目_比选公告,https://b2b.10086.cn/b2b/main/viewNoticeContent.html?noticeBean.id=569256,2019-06-12
西藏移动,中国移动西藏公司阿里分公司2019年办公设备及会议系统维修维保项目_比选公告,https://b2b.10086.cn/b2b/main/viewNoticeContent.html?noticeBean.id=569257,2019-06-12
政企分公司,2018-2020年黔西南望谟县广播管理系统技术支撑服务（中移全通）采购项目_比选公告,https://b2b.10086.cn/b2b/main/viewNoticeContent.html?noticeBean.id=569283,2019-06-12
陕西移动,2019年汉中移动110远程联网主动防御安保系统租赁项目_比选公告,https://b2b.10086.cn/b2b/main/viewNoticeContent.html?noticeBean.id=569287,2019-06-12
互联网公司,中移互联网有限公司2019-2020年网络与系统安全评估公开比选项目_比选公告,https://b2b.10086.cn/b2b/main/viewNoticeContent.html?noticeBean.id=569303,2019-06-12
山东移动,山东移动2019年临沂分公司蒙阴交警智能监控平台采购项目_招标公告,https://b2b.10086.cn/b2b/main/viewNoticeContent.html?noticeBean.id=569304,2019-06-12
辽宁移动,中国移动辽宁公司2019年朝阳京沈高铁移动网络智能节能调度平台采购项目_比选公告,https://b2b.10086.cn/b2b/main/viewNoticeContent.html?noticeBean.id=569305,2019-06-12
重庆移动,办公楼宇变配电设备系统维保及零部件维修项目采购_比选公告,https://b2b.10086.cn/b2b/main/viewNoticeContent.html?noticeBean.id=569313,2019-06-12
辽宁移动,中国移动辽宁公司2019年云网协同工程云插座建设项目（协同器和敏捷运营使能平台）_比选公告,https://b2b.10086.cn/b2b/main/viewNoticeContent.html?noticeBean.id=569321,2019-06-12
上海移动,中国移动上海公司2019-20年思科IP电话终端及callmanager系统维保服务_询价公告,https://b2b.10086.cn/b2b/main/viewNoticeContent.html?noticeBean.id=569331,2019-06-12
研究院,中国移动研究院2019-2021年度员工团体体检服务项目_比选公告,https://b2b.10086.cn/b2b/main/viewNoticeContent.html?noticeBean.id=569345,2019-06-12
江苏移动,中国移动江苏公司苏州分公司零星宣传活动（户外营销执行）项目项目_比选公告,https://b2b.10086.cn/b2b/main/viewNoticeContent.html?noticeBean.id=569351,2019-06-12
研究院,雄安产业研究院前沿创新互动体验类场景制作及支撑服务_比选公告,https://b2b.10086.cn/b2b/main/viewNoticeContent.html?noticeBean.id=569359,2019-06-12
黑龙江移动,哈尔滨数据中心2019年纱窗采购项目_询价公告,https://b2b.10086.cn/b2b/main/viewNoticeContent.html?noticeBean.id=569375,2019-06-12
