采购单位,标题,链接,发标日期
在线服务公司,山西分公司为侯马市税务局智能门禁改造项目_采购公告,https://b2b.10086.cn/b2b/main/viewNoticeContent.html?noticeBean.id=559350,2019-05-06
河南移动,中国移动河南公司安阳分公司公安局殷墟遗址保护区“天眼”技防系统租赁服务合作伙伴引入项目_采购公告,https://b2b.10086.cn/b2b/main/viewNoticeContent.html?noticeBean.id=559368,2019-05-06
互联网公司,中移互联网有限公司2019-2020年公司综合类（采购、后勤行政等）支撑服务公开比选项目_比选公告,https://b2b.10086.cn/b2b/main/viewNoticeContent.html?noticeBean.id=559379,2019-05-06
新疆移动,中国移动新疆分公司克州分公司2019年网管支撑技术服务项目项目_比选公告,https://b2b.10086.cn/b2b/main/viewNoticeContent.html?noticeBean.id=559394,2019-05-06
湖南移动,湖南移动自治州分公司2019年州公司综合楼（含二机楼）门禁考勤系统改造项目_比选公告,https://b2b.10086.cn/b2b/main/viewNoticeContent.html?noticeBean.id=559400,2019-05-06
湖北移动,中国移动湖北公司武汉分公司东新09A业务区传输汇聚机房购置项目_采购公告（第二次）,https://b2b.10086.cn/b2b/main/viewNoticeContent.html?noticeBean.id=559406,2019-05-06
重庆移动,2019年北碚分公司集团客户手机维修_比选公告,https://b2b.10086.cn/b2b/main/viewNoticeContent.html?noticeBean.id=559407,2019-05-06
内蒙移动,中国移动内蒙古公司2019年网络运维与IT支撑技能竞赛第三方考务服务项目_比选公告,https://b2b.10086.cn/b2b/main/viewNoticeContent.html?noticeBean.id=559415,2019-05-06
广东移动,中国移动广东公司2019-2020年企业基础管理支撑服务公开比选项目（汕头）_比选公告,https://b2b.10086.cn/b2b/main/viewNoticeContent.html?noticeBean.id=559418,2019-05-06
湖北移动,中国移动湖北公司武汉分公司东新02D业务区传输汇聚机房购置项目_采购公告（第二次）,https://b2b.10086.cn/b2b/main/viewNoticeContent.html?noticeBean.id=559421,2019-05-06
在线服务公司,中移在线辽宁分公司2019年全网客服系统终端及办公设备代维服务项目_比选公告,https://b2b.10086.cn/b2b/main/viewNoticeContent.html?noticeBean.id=559424,2019-05-06
贵州移动,2019年-2020年办公楼、营业厅及机房安防设备维护项目_比选公告,https://b2b.10086.cn/b2b/main/viewNoticeContent.html?noticeBean.id=559433,2019-05-06
湖北移动,中国移动湖北公司宜昌分公司开发区上上城机房购置项目_采购变更公告(1),https://b2b.10086.cn/b2b/main/viewNoticeContent.html?noticeBean.id=559440,2019-05-06
海南移动,中国移动海南公司2019年基站智能门禁控制器采购项目_比选公告,https://b2b.10086.cn/b2b/main/viewNoticeContent.html?noticeBean.id=559445,2019-05-06
内蒙移动,中国移动（呼和浩特）数据中心2019年展板、标识等制作项目_比选公告,https://b2b.10086.cn/b2b/main/viewNoticeContent.html?noticeBean.id=559455,2019-05-06
广西移动,中国移动广西公司河池采供中心非机房供水消防系统维保维修服务供应商采购项目_比选公告,https://b2b.10086.cn/b2b/main/viewNoticeContent.html?noticeBean.id=559462,2019-05-06
广东移动,中国移动广东公司2019-2020年人力招聘服务支撑公开比选项目_比选公告,https://b2b.10086.cn/b2b/main/viewNoticeContent.html?noticeBean.id=559472,2019-05-06
甘肃移动,中国移动甘肃公司2019年IDC系统六期扩容工程采购项目_招标公告,https://b2b.10086.cn/b2b/main/viewNoticeContent.html?noticeBean.id=559476,2019-05-06
铁通公司,中移铁通新疆分公司2019年生产经营用车采购项目_询价公告,https://b2b.10086.cn/b2b/main/viewNoticeContent.html?noticeBean.id=559478,2019-05-06
设计院,2019-2020年新疆分院企业形象及业务宣传产品制作服务项目_比选公告,https://b2b.10086.cn/b2b/main/viewNoticeContent.html?noticeBean.id=559488,2019-05-06
政企分公司,中移动金融科技有限公司新办公区信息化建设项目无纸化终端、视频会议系统及无线控制系统（中移全通）采购项目_比选公告,https://b2b.10086.cn/b2b/main/viewNoticeContent.html?noticeBean.id=559489,2019-05-06
山西移动,中国移动山西公司2019年省公司市场经营部全渠道整合营销传播采购项目_比选公告,https://b2b.10086.cn/b2b/main/viewNoticeContent.html?noticeBean.id=559497,2019-05-06
山东移动,山东移动2019年枣庄分公司共享服务平台采购项目_比选公告,https://b2b.10086.cn/b2b/main/viewNoticeContent.html?noticeBean.id=559500,2019-05-06
政企分公司,中移动金融科技有限公司新办公区信息化建设项目网络安全系统（中移全通）采购项目_比选公告,https://b2b.10086.cn/b2b/main/viewNoticeContent.html?noticeBean.id=559511,2019-05-06
