采购单位,标题,链接,发标日期
福建移动,福建移动福州分公司闽清生产调度楼主体和基坑变形监测服务(二次）_采购公告,https://b2b.10086.cn/b2b/main/viewNoticeContent.html?noticeBean.id=591827,2019-08-30
福建移动,2019年泉州移动惠安县市场监督局惠安县教育局61所学校明厨亮灶服务项目_询价公告,https://b2b.10086.cn/b2b/main/viewNoticeContent.html?noticeBean.id=591830,2019-08-30
辽宁移动,中国移动辽宁公司中国移动（辽宁大连）数据中心一期土建工程场地强夯处理施工图设计方案供应商采购项目_采购公告,https://b2b.10086.cn/b2b/main/viewNoticeContent.html?noticeBean.id=591844,2019-08-30
终端公司,云南分公司2018年微洽开发项目_采购公告,https://b2b.10086.cn/b2b/main/viewNoticeContent.html?noticeBean.id=591846,2019-08-30
政企分公司,山东济南长清文广局智慧旅游平台开发项目（中移全通）采购项目_比选公告,https://b2b.10086.cn/b2b/main/viewNoticeContent.html?noticeBean.id=591857,2019-08-30
辽宁移动,中国移动辽宁公司关于家客综合业务系统服务项目的立项申请_采购公告,https://b2b.10086.cn/b2b/main/viewNoticeContent.html?noticeBean.id=591861,2019-08-30
辽宁移动,中国移动辽宁公司辽宁大连数据中心征地项目地形图测绘及建筑场地放线供应商采购项目_采购公告,https://b2b.10086.cn/b2b/main/viewNoticeContent.html?noticeBean.id=591864,2019-08-30
辽宁移动,中国移动辽宁公司无线优化中心关于LTE智能盲区覆盖接入系统设备的采购项目_采购公告,https://b2b.10086.cn/b2b/main/viewNoticeContent.html?noticeBean.id=591865,2019-08-30
辽宁移动,中国移动辽宁公司中国移动（辽宁大连）数据中心一期土建工程施工图审图单位采购项目_采购公告,https://b2b.10086.cn/b2b/main/viewNoticeContent.html?noticeBean.id=591873,2019-08-30
上海研究院,中移（上海）产业研究院数字金融一期功能模块项目_比选公告,https://b2b.10086.cn/b2b/main/viewNoticeContent.html?noticeBean.id=591874,2019-08-30
福建移动,三明移动分公司2019年报废业务卡销毁引入供应商公开询价小额采购项目_采购公告,https://b2b.10086.cn/b2b/main/viewNoticeContent.html?noticeBean.id=591879,2019-08-30
北京移动,中国移动北京公司网运中心2019-2022年度计费系统性能检测服务项目_比选公告,https://b2b.10086.cn/b2b/main/viewNoticeContent.html?noticeBean.id=591886,2019-08-30
云南移动,中国移动云南公司昆明分公司属地化管理的龙泉路枢纽楼、高新1号通信生产楼、文庙通信生产楼消防改造施工图审查服务项目_采购公告,https://b2b.10086.cn/b2b/main/viewNoticeContent.html?noticeBean.id=591890,2019-08-30
北京移动,中国移动北京公司2019-2022年度税务信息支撑服务项目_比选公告,https://b2b.10086.cn/b2b/main/viewNoticeContent.html?noticeBean.id=591896,2019-08-30
浙江移动,2019年度面向运营商数字化深度转型的智慧运营2.0支撑服务项目_比选公告,https://b2b.10086.cn/b2b/main/viewNoticeContent.html?noticeBean.id=591900,2019-08-30
河南移动,河南移动2019年市场及客户需求研究咨询项目_比选公告,https://b2b.10086.cn/b2b/main/viewNoticeContent.html?noticeBean.id=591901,2019-08-30
山东移动,山东移动2019年济南分公司第二造纸厂南业务区机房购置项目_采购公告,https://b2b.10086.cn/b2b/main/viewNoticeContent.html?noticeBean.id=591907,2019-08-30
山东移动,山东移动2019年济南分公司智能产业大厦业务机房购置项目_采购公告,https://b2b.10086.cn/b2b/main/viewNoticeContent.html?noticeBean.id=591908,2019-08-30
山东移动,山东移动2019年济南分公司活力城业务机房购置项目_采购公告,https://b2b.10086.cn/b2b/main/viewNoticeContent.html?noticeBean.id=591913,2019-08-30
甘肃移动,中国移动甘肃公司公检法系统政务安全终端产品采购项目_询价公告,https://b2b.10086.cn/b2b/main/viewNoticeContent.html?noticeBean.id=591917,2019-08-30
安徽移动,枞阳县交通运输局源头治超监管系统采购项目_询价公告,https://b2b.10086.cn/b2b/main/viewNoticeContent.html?noticeBean.id=591929,2019-08-30
终端公司,中国移动终端公司数字化供应链公共服务平台设备项目_比选公告,https://b2b.10086.cn/b2b/main/viewNoticeContent.html?noticeBean.id=591934,2019-08-30
湖南移动,湖南移动自治州分公司全州客户拓展及存量维稳活动项目_比选公告,https://b2b.10086.cn/b2b/main/viewNoticeContent.html?noticeBean.id=591938,2019-08-30
河南移动,鹤壁移动通讯网点营销能力调查采购项目_采购公告,https://b2b.10086.cn/b2b/main/viewNoticeContent.html?noticeBean.id=591945,2019-08-30
广东移动,中国移动广东公司中国移动（广东广州）数据中心一期二阶段机楼配套工程外电施工公开招标项目_招标公告,https://b2b.10086.cn/b2b/main/viewNoticeContent.html?noticeBean.id=591966,2019-08-30
浙江移动,中国移动浙江公司浙东、浙中产业园冷冻水空调系统安装施工采购项目_招标公告,https://b2b.10086.cn/b2b/main/viewNoticeContent.html?noticeBean.id=591970,2019-08-30
安徽移动,合肥移动2019-2020年NGBOSS系统维护服务采购项目_比选公告,https://b2b.10086.cn/b2b/main/viewNoticeContent.html?noticeBean.id=591972,2019-08-30
山西移动,中国移动山西公司2019年省公司信息安全中心落实“两部委考核”移动应用APP安全管理技术支撑服务采购项目_比选公告,https://b2b.10086.cn/b2b/main/viewNoticeContent.html?noticeBean.id=591976,2019-08-30
江西移动,江西移动2019-2021年线上电子课件开发采购项目_比选公告,https://b2b.10086.cn/b2b/main/viewNoticeContent.html?noticeBean.id=591980,2019-08-30
互联网公司,中移互联网有限公司2019-2020年CMIC软件维保服务-Oracle维保公开比选项目_比选公告,https://b2b.10086.cn/b2b/main/viewNoticeContent.html?noticeBean.id=591984,2019-08-30
互联网公司,中移互联网有限公司2019年广告平台技术支撑公开比选项目_比选公告,https://b2b.10086.cn/b2b/main/viewNoticeContent.html?noticeBean.id=591997,2019-08-30
西藏移动,中国移动西藏公司区19年IPv6-网安系统改造项目（公开招标部分）_招标公告,https://b2b.10086.cn/b2b/main/viewNoticeContent.html?noticeBean.id=591998,2019-08-30
