采购单位,标题,链接,发标日期
四川移动,中国移动四川公司2019年重要客户中心MAS支撑服务项目_比选公告,https://b2b.10086.cn/b2b/main/viewNoticeContent.html?noticeBean.id=587929,2019-08-16
湖北移动,中国移动湖北公司未来城数据中心高压柜防水保护槽采购项目_比选公告,https://b2b.10086.cn/b2b/main/viewNoticeContent.html?noticeBean.id=587957,2019-08-16
山东移动,山东移动烟台分公司2019年莱州市人民医院云桌面系统采购项目_比选公告,https://b2b.10086.cn/b2b/main/viewNoticeContent.html?noticeBean.id=587978,2019-08-16
甘肃移动,中国移动甘肃公司2019年三代CRM二期扩容工程业务一体化配置开发软件采购项目_招标公告,https://b2b.10086.cn/b2b/main/viewNoticeContent.html?noticeBean.id=587985,2019-08-16
山东移动,山东移动菏泽分公司2019年巨野县陶庙镇天网监控平台管理系统采购项目_采购变更公告(1),https://b2b.10086.cn/b2b/main/viewNoticeContent.html?noticeBean.id=587987,2019-08-16
新疆移动,2019年喀什分公司工程维护合规性管理支撑服务项目_比选公告,https://b2b.10086.cn/b2b/main/viewNoticeContent.html?noticeBean.id=587998,2019-08-16
山东移动,山东移动菏泽分公司2019年家客装维预约录音平台采购项目_采购公告,https://b2b.10086.cn/b2b/main/viewNoticeContent.html?noticeBean.id=588011,2019-08-16
广东移动,中国移动广东公司基于内存的高性能数据处理功能开发公开比选项目_比选公告,https://b2b.10086.cn/b2b/main/viewNoticeContent.html?noticeBean.id=588048,2019-08-16
云南移动,中国移动云南公司德宏分公司2020年核心局楼出入管理及机房巡检服务采购项目_比选公告,https://b2b.10086.cn/b2b/main/viewNoticeContent.html?noticeBean.id=588061,2019-08-16
云南移动,中国移动云南公司玉溪分公司视频会议系统终端采购项目_采购变更公告,https://b2b.10086.cn/b2b/main/viewNoticeContent.html?noticeBean.id=588066,2019-08-16
湖北移动,中国移动湖北公司2019年黄冈市红安邮政楼业务区传输汇聚机房购置项目_公开竞争性谈判公告,https://b2b.10086.cn/b2b/main/viewNoticeContent.html?noticeBean.id=588068,2019-08-16
湖北移动,中国移动湖北公司2019年黄冈市黄州路口供电所业务区传输汇聚机房购置项目_公开竞争性谈判公告,https://b2b.10086.cn/b2b/main/viewNoticeContent.html?noticeBean.id=588070,2019-08-16
浙江移动,中国移动浙江公司2019年度全省公路高架、隧道红线内统一专项维护服务采购_比选公告,https://b2b.10086.cn/b2b/main/viewNoticeContent.html?noticeBean.id=588071,2019-08-16
重庆移动,水土数据中心公安部等级保护（三级）测评认证_询价公告,https://b2b.10086.cn/b2b/main/viewNoticeContent.html?noticeBean.id=588090,2019-08-16
铁通公司,中移铁通浙江分公司2019年度经营用车采购项目_询价公告,https://b2b.10086.cn/b2b/main/viewNoticeContent.html?noticeBean.id=588099,2019-08-16
上海移动,中国移动上海公司2019-2021管线资管资源数据录入维护服务框架采购项目_比选公告,https://b2b.10086.cn/b2b/main/viewNoticeContent.html?noticeBean.id=588100,2019-08-16
甘肃移动,中国移动甘肃公司兰州分公司2019年建筑行业拓展宽带营销场地租赁项目_采购变更公告(1),https://b2b.10086.cn/b2b/main/viewNoticeContent.html?noticeBean.id=588101,2019-08-16
