采购单位,标题,链接,发标日期
湖北移动,中国移动湖北公司襄阳分公司枣阳慧星名苑业务区普通传输机房购置项目_采购变更公告(1),https://b2b.10086.cn/b2b/main/viewNoticeContent.html?noticeBean.id=603578,2019-10-18
湖北移动,中国移动湖北公司咸宁温泉荣凯天阶业务汇聚机房购置_采购公告,https://b2b.10086.cn/b2b/main/viewNoticeContent.html?noticeBean.id=603593,2019-10-18
湖北移动,中国移动湖北公司咸宁温泉书香门第业务汇聚机房购置_采购公告,https://b2b.10086.cn/b2b/main/viewNoticeContent.html?noticeBean.id=603594,2019-10-18
江苏移动,中国移动江苏公司关于无锡分公司全球通等三栋大楼消防报警系统更换改造工程采购的方案项目_比选公告,https://b2b.10086.cn/b2b/main/viewNoticeContent.html?noticeBean.id=603611,2019-10-18
江苏移动,中国移动江苏公司行业呼叫中心智能语音软件公开招标项目_招标公告,https://b2b.10086.cn/b2b/main/viewNoticeContent.html?noticeBean.id=603612,2019-10-18
政企分公司,中移资本控股有限责任公司办公区信息化技术服务项目音视频设备及弱电材料及集成服务（中移全通）采购项目_比选公告,https://b2b.10086.cn/b2b/main/viewNoticeContent.html?noticeBean.id=603622,2019-10-18
重庆移动,2019年合作伙伴大会（广州） 客户出行采购_询价公告,https://b2b.10086.cn/b2b/main/viewNoticeContent.html?noticeBean.id=603634,2019-10-18
物联网公司,网络数据自动采集设备采购项目_比选公告,https://b2b.10086.cn/b2b/main/viewNoticeContent.html?noticeBean.id=603667,2019-10-18
江苏移动,中国移动江苏公司中国移动江苏南京公司数据中心一期工程室外雨污水管道CCTV及水质检测服务项目项目_询价公告,https://b2b.10086.cn/b2b/main/viewNoticeContent.html?noticeBean.id=603688,2019-10-18
福建移动,南安市就业和社保中心职工食堂智慧点餐平台代建项目_采购公告,https://b2b.10086.cn/b2b/main/viewNoticeContent.html?noticeBean.id=603700,2019-10-18
浙江移动,中国移动浙江公司2019-2020年区块链安全能力应用等五项技术支持服务采购（第3轮）_比选公告,https://b2b.10086.cn/b2b/main/viewNoticeContent.html?noticeBean.id=603702,2019-10-18
浙江移动,中国移动浙江公司2019年度探索数字家庭生态建设模式、构建千兆时代家庭业务运营新体系技术支持服务_比选公告,https://b2b.10086.cn/b2b/main/viewNoticeContent.html?noticeBean.id=603703,2019-10-18
云南移动,中国移动云南公司大理分公司2019年漾濞彝族自治县林业局森林火灾高风险区综合治理信息化项目_比选公告,https://b2b.10086.cn/b2b/main/viewNoticeContent.html?noticeBean.id=603711,2019-10-18
