采购单位,标题,链接,发标日期
上海移动,中国移动上海公司上海分众软件技术有限公司物联网平台运维项目_比选公告,https://b2b.10086.cn/b2b/main/viewNoticeContent.html?noticeBean.id=555766,2019-04-22
财务公司,中国移动通信集团财务有限公司2019年工程项目可行性研究与设计服务项目_比选公告,https://b2b.10086.cn/b2b/main/viewNoticeContent.html?noticeBean.id=555785,2019-04-22
政企分公司,云南省地震局北辰办公大楼互联网专线安全网络技术支撑服务（中移全通）采购项目_比选公告,https://b2b.10086.cn/b2b/main/viewNoticeContent.html?noticeBean.id=555815,2019-04-22
江苏移动,中国移动江苏公司宿迁分公司2019-2020年生产经营用车临时租赁服务采购项目_比选公告,https://b2b.10086.cn/b2b/main/viewNoticeContent.html?noticeBean.id=555819,2019-04-22
江苏移动,中国移动江苏公司关于淮安移动集团互联网电视运营支撑服务采购方案的请示项目_询价公告,https://b2b.10086.cn/b2b/main/viewNoticeContent.html?noticeBean.id=555825,2019-04-22
山东移动,山东移动威海分公司2019年消防支队安全监管平台开发项目_比选公告,https://b2b.10086.cn/b2b/main/viewNoticeContent.html?noticeBean.id=555842,2019-04-22
内蒙移动,中国移动内蒙古公司呼和浩特分公司2019年工程建设部农村家庭宽带租赁项目（第三批）_招标公告,https://b2b.10086.cn/b2b/main/viewNoticeContent.html?noticeBean.id=555843,2019-04-22
北京移动,中国移动北京公司2019-2020年度欠销客户欠费催缴_比选公告,https://b2b.10086.cn/b2b/main/viewNoticeContent.html?noticeBean.id=555849,2019-04-22
政企分公司,广西壮族自治区梧州市藤县公安局重点地区社会治安视频信息系统（四期）及低位监控（三期）服务（系统集成服务部分）（中移全通）采购项目_比选公告,https://b2b.10086.cn/b2b/main/viewNoticeContent.html?noticeBean.id=555858,2019-04-22
山东移动,山东移动威海分公司2019年港华燃气OA平台开发项目_比选公告,https://b2b.10086.cn/b2b/main/viewNoticeContent.html?noticeBean.id=555868,2019-04-22
内蒙移动,中国移动内蒙古公司呼和浩特分公司2019年工程建设部农村家庭宽带租赁项目（第二批）_招标公告,https://b2b.10086.cn/b2b/main/viewNoticeContent.html?noticeBean.id=555869,2019-04-22
西藏移动,中国移动西藏日喀则分公司关于2019年宽带业务体验区改造项目_比选公告,https://b2b.10086.cn/b2b/main/viewNoticeContent.html?noticeBean.id=555881,2019-04-22
在线服务公司,中移在线新疆分公司2019-2020年外拓产品客户交流活动支撑服务项目_比选公告,https://b2b.10086.cn/b2b/main/viewNoticeContent.html?noticeBean.id=555883,2019-04-22
江苏移动,中国移动江苏公司南京分公司庐山路集团信息化体验厅“三维可视化平台”项目项目_比选公告,https://b2b.10086.cn/b2b/main/viewNoticeContent.html?noticeBean.id=555896,2019-04-22
黑龙江移动,黑龙江移动鸡西分公司2019年框选集采外网络维护耗材采购项目_比选公告,https://b2b.10086.cn/b2b/main/viewNoticeContent.html?noticeBean.id=555912,2019-04-22
上海移动,中国移动上海公司上海教育城域网互联网出口统一网络管理数据服务项目_比选公告,https://b2b.10086.cn/b2b/main/viewNoticeContent.html?noticeBean.id=555926,2019-04-22
广东移动,中国移动广东公司2019 年一卡通平台优化升级公开比选项目（湛江）_比选公告,https://b2b.10086.cn/b2b/main/viewNoticeContent.html?noticeBean.id=555942,2019-04-22
