采购单位,标题,链接,发标日期
广东移动,中国移动广东公司2019-2020年南方基地监控综合支撑服务公开比选项目（南方基地）_比选公告,https://b2b.10086.cn/b2b/main/viewNoticeContent.html?noticeBean.id=573408,2019-06-26
互联网公司,中移互联网有限公司2019年和家相册运营支撑公开比选项目（第二次）_比选公告,https://b2b.10086.cn/b2b/main/viewNoticeContent.html?noticeBean.id=573419,2019-06-26
研究院,雄研院（2019-2020）一年期生产经营用车服务_比选公告,https://b2b.10086.cn/b2b/main/viewNoticeContent.html?noticeBean.id=573421,2019-06-26
山西移动,中国移动山西公司2019-2020年临汾分公司临汾市三通两平台维护服务采购项目_比选公告,https://b2b.10086.cn/b2b/main/viewNoticeContent.html?noticeBean.id=573426,2019-06-26
河北移动,中国移动河北公司自动化运维平台升级维保服务项目_比选公告,https://b2b.10086.cn/b2b/main/viewNoticeContent.html?noticeBean.id=573428,2019-06-26
湖北移动,中国移动湖北公司潜江分公司周矶全业务区传输汇聚机房购置项目_采购变更公告(2),https://b2b.10086.cn/b2b/main/viewNoticeContent.html?noticeBean.id=573431,2019-06-26
福建移动,2019年泉州移动泉州市“路长制”信息化服务支撑项目(2)_比选公告,https://b2b.10086.cn/b2b/main/viewNoticeContent.html?noticeBean.id=573435,2019-06-26
山东移动,山东移动2019-2022年全省档案数字化加工及省本部档案管理支撑服务外包项目_比选公告,https://b2b.10086.cn/b2b/main/viewNoticeContent.html?noticeBean.id=573437,2019-06-26
上海移动,中国移动上海公司大数据平台流处理集群扩容建设工程临港机房机架打洞服务_比选公告,https://b2b.10086.cn/b2b/main/viewNoticeContent.html?noticeBean.id=573442,2019-06-26
江苏移动,中国移动江苏公司扬州分公司超融合一体化平台软件项目项目_比选公告,https://b2b.10086.cn/b2b/main/viewNoticeContent.html?noticeBean.id=573449,2019-06-26
西藏移动,中国移动西藏公司2019年财务部报账支撑项目_比选公告,https://b2b.10086.cn/b2b/main/viewNoticeContent.html?noticeBean.id=573452,2019-06-26
政企分公司,青海省海南州河长制及智慧水利信息化一期建设（中移全通）采购项目_比选公告,https://b2b.10086.cn/b2b/main/viewNoticeContent.html?noticeBean.id=573457,2019-06-26
北京移动,中国移动北京公司2019年至2020年市场人员能力提升培训项目 _比选公告,https://b2b.10086.cn/b2b/main/viewNoticeContent.html?noticeBean.id=573461,2019-06-26
山东移动,山东移动临沂分公司2019年罗庄天元租赁车辆管理调度平台系统采购项目_比选公告,https://b2b.10086.cn/b2b/main/viewNoticeContent.html?noticeBean.id=573465,2019-06-26
山东移动,中国移动通信集团山东有限公司聊城分公司开发区新建生产调度楼工程_采购报备公告,https://b2b.10086.cn/b2b/main/viewNoticeContent.html?noticeBean.id=573477,2019-06-26
西藏移动,中国移动西藏公司市场经营部2019年-2020年资费管理三方支撑项目_比选公告,https://b2b.10086.cn/b2b/main/viewNoticeContent.html?noticeBean.id=573479,2019-06-26
山东移动,山东移动临沂分公司2019年兰陵县下村乡初级中学智慧校园平台采购项目_比选公告,https://b2b.10086.cn/b2b/main/viewNoticeContent.html?noticeBean.id=573492,2019-06-26
山东移动,山东移动临沂分公司2019年兰陵县金岭镇初级中学智慧校园平台采购项目_比选公告,https://b2b.10086.cn/b2b/main/viewNoticeContent.html?noticeBean.id=573493,2019-06-26
北京移动,中国移动北京公司 网运中心2019年互联网电视业务监控第三方协维服务项目_比选公告,https://b2b.10086.cn/b2b/main/viewNoticeContent.html?noticeBean.id=573500,2019-06-26
山东移动,山东移动德州分公司2019年家宽装维录音平台（云客服）采购项目_采购公告,https://b2b.10086.cn/b2b/main/viewNoticeContent.html?noticeBean.id=573501,2019-06-26
广西移动,中国移动广西北海分公司2019年营销帐篷、桌椅及营销衣帽框架采购项目_询价公告,https://b2b.10086.cn/b2b/main/viewNoticeContent.html?noticeBean.id=573507,2019-06-26
北京移动,中国移动北京公司2019年秋季校园线上营销项目_比选公告,https://b2b.10086.cn/b2b/main/viewNoticeContent.html?noticeBean.id=573514,2019-06-26
四川移动,中国移动四川公司达州分公司一卡通系统2019-2020年维护服务项目_采购公告,https://b2b.10086.cn/b2b/main/viewNoticeContent.html?noticeBean.id=573515,2019-06-26
广东移动,中国移动广东公司2019年中共郁南县委政法委员会村级综治视联网集成系统及服务公开询价项目（云浮）_询价公告,https://b2b.10086.cn/b2b/main/viewNoticeContent.html?noticeBean.id=573517,2019-06-26
内蒙移动,中国移动内蒙古公司渠道运营中心2019-2020年网络广告发布项目_比选公告,https://b2b.10086.cn/b2b/main/viewNoticeContent.html?noticeBean.id=573524,2019-06-26
山东移动,山东移动淄博分公司晶鑫机电ERP系统及终端安全管理系统采购项目_比选公告,https://b2b.10086.cn/b2b/main/viewNoticeContent.html?noticeBean.id=573540,2019-06-26
重庆移动,12582基地全业务内容编辑运营支撑服务项目_比选公告,https://b2b.10086.cn/b2b/main/viewNoticeContent.html?noticeBean.id=573545,2019-06-26
安徽移动,安徽移动2019年零星维护材料（视讯部分）采购项目_询价公告,https://b2b.10086.cn/b2b/main/viewNoticeContent.html?noticeBean.id=573548,2019-06-26
