采购单位,标题,链接,发标日期
广东移动,中国移动广东公司2019年集客实体渠道运营支撑公开比选项目_比选公告,https://b2b.10086.cn/b2b/main/viewNoticeContent.html?noticeBean.id=553519,2019-04-12
信息技术公司,私有云资源池(廊坊数据中心)一期工程SDN系统采购项目（第二次招标）_招标公告,https://b2b.10086.cn/b2b/main/viewNoticeContent.html?noticeBean.id=553525,2019-04-12
贵州移动,中国移动通信集团贵州有限公司2019年支撑系统第三方技术服务项目（第一批）_比选公告,https://b2b.10086.cn/b2b/main/viewNoticeContent.html?noticeBean.id=553545,2019-04-12
广东移动,中国移动广东公司2019-2020年档案管理支撑服务公开比选项目（河源 ）_比选公告,https://b2b.10086.cn/b2b/main/viewNoticeContent.html?noticeBean.id=553551,2019-04-12
安徽移动,枞阳县逸泊观湖酒店及左光斗纪念馆wifi系统平台_询价采购_变更公告_(1),https://b2b.10086.cn/b2b/main/viewNoticeContent.html?noticeBean.id=553566,2019-04-12
物联网公司,智慧工厂机床数据采集服务项目_比选公告,https://b2b.10086.cn/b2b/main/viewNoticeContent.html?noticeBean.id=553573,2019-04-12
广东移动,中国移动广东公司2019-2020年体验馆日常运营公开比选项目（珠海）_比选公告,https://b2b.10086.cn/b2b/main/viewNoticeContent.html?noticeBean.id=553574,2019-04-12
浙江移动,中国移动浙江公司2019年市场推广及销售领域客户敏感数据安全管理审计项目_比选公告,https://b2b.10086.cn/b2b/main/viewNoticeContent.html?noticeBean.id=553576,2019-04-12
陕西移动,榆林分公司定边、靖边、横山分公司驾驶员业务外包服务项目_比选公告,https://b2b.10086.cn/b2b/main/viewNoticeContent.html?noticeBean.id=553587,2019-04-12
在线服务公司,中移在线辽宁分公司2019-2020年外拓产品客户交流活动支撑服务项目_比选公告,https://b2b.10086.cn/b2b/main/viewNoticeContent.html?noticeBean.id=553591,2019-04-12
陕西移动,榆林分公司市分公司驾驶员业务外包服务项目_比选公告,https://b2b.10086.cn/b2b/main/viewNoticeContent.html?noticeBean.id=553601,2019-04-12
安徽移动,芜湖分公司第一人民医院会议系统维保及会议保障服务采购项目_采购公告,https://b2b.10086.cn/b2b/main/viewNoticeContent.html?noticeBean.id=553610,2019-04-12
在线服务公司,中移在线湖南分公司2019-2020年外拓产品客户交流活动支撑服务项目_比选公告,https://b2b.10086.cn/b2b/main/viewNoticeContent.html?noticeBean.id=553637,2019-04-12
云南移动,中国移动云南公司保山分公司2019年全球通客户权益运营微信程序技术支撑服务项目_竞争性谈判采购公告,https://b2b.10086.cn/b2b/main/viewNoticeContent.html?noticeBean.id=553638,2019-04-12
新疆移动,中国移动新疆分公司中国移动（昌吉）数据中心员工生活楼项目室外场坪道路等配套工程施工招标项目_采购公告,https://b2b.10086.cn/b2b/main/viewNoticeContent.html?noticeBean.id=553645,2019-04-12
在线服务公司,中移在线精准扶贫全网支撑项目_比选公告,https://b2b.10086.cn/b2b/main/viewNoticeContent.html?noticeBean.id=553665,2019-04-12
在线服务公司,中移在线2019年云客服金融大数据和政法委扫黑业务集成交付项目_比选公告,https://b2b.10086.cn/b2b/main/viewNoticeContent.html?noticeBean.id=553677,2019-04-12
在线服务公司,中移在线10086智能短信服务运营支撑项目_比选公告,https://b2b.10086.cn/b2b/main/viewNoticeContent.html?noticeBean.id=553679,2019-04-12
辽宁移动,中国移动辽宁公司2019年网格化地图云平台软件采购项目_招标公告,https://b2b.10086.cn/b2b/main/viewNoticeContent.html?noticeBean.id=553682,2019-04-12
