采购单位,标题,链接,发标日期
江苏移动,中国移动江苏公司溧水综合楼、华东大区物流机房（含园区配电房）一体化维护项目_比选公告,https://b2b.10086.cn/b2b/main/viewNoticeContent.html?noticeBean.id=557734,2019-04-28
政企分公司,德阳市公安局经济技术开发区分局“天网”二期技术升级服务（中移全通）采购项目(2)_比选公告,https://b2b.10086.cn/b2b/main/viewNoticeContent.html?noticeBean.id=557772,2019-04-28
重庆移动,2019年酉阳分公司集客专线数据网络设备维修项目_比选公告,https://b2b.10086.cn/b2b/main/viewNoticeContent.html?noticeBean.id=557780,2019-04-28
重庆移动,2019-2020重庆移动政企云支撑服务项目_比选公告,https://b2b.10086.cn/b2b/main/viewNoticeContent.html?noticeBean.id=557787,2019-04-28
浙江移动,中国移动衢州分公司2019-2020年度集团客户生日关怀鲜花采购项目_比选公告,https://b2b.10086.cn/b2b/main/viewNoticeContent.html?noticeBean.id=557796,2019-04-28
福建移动,2019年宁德移动“农村公路智慧路长信息管理平台”相关软件采购项目_比选公告,https://b2b.10086.cn/b2b/main/viewNoticeContent.html?noticeBean.id=557802,2019-04-28
信息港中心,中国移动信息港中心2019-2021年信息港园区运营物资采购(3)_比选公告,https://b2b.10086.cn/b2b/main/viewNoticeContent.html?noticeBean.id=557810,2019-04-28
浙江移动,中国移动浙江公司2019-2020年度滨江指挥调度中心大屏和现场设备维护服务采购_比选公告,https://b2b.10086.cn/b2b/main/viewNoticeContent.html?noticeBean.id=557822,2019-04-28
