采购单位,标题,链接,发标日期
山东移动,山东移动东营分公司2019年山东铭豪远程无线数据采集云平台项目_比选公告,https://b2b.10086.cn/b2b/main/viewNoticeContent.html?noticeBean.id=591112,2019-08-28
设计院,2019年传统业务非核心能力技术配合服务非年度采购项目（第二批）(2)_比选公告,https://b2b.10086.cn/b2b/main/viewNoticeContent.html?noticeBean.id=591136,2019-08-28
在线服务公司,在线服务公司2019年安徽宁夏客服呼入业务众包服务项目_比选公告,https://b2b.10086.cn/b2b/main/viewNoticeContent.html?noticeBean.id=591144,2019-08-28
铁通公司,中移铁通有限公司北京分公司2019-2020年研发外包采购项目_比选公告,https://b2b.10086.cn/b2b/main/viewNoticeContent.html?noticeBean.id=591159,2019-08-28
政企分公司,山东威海政府机关公务用车平台运维服务（中移全通）采购项目_比选公告,https://b2b.10086.cn/b2b/main/viewNoticeContent.html?noticeBean.id=591186,2019-08-28
在线服务公司,在线服务公司广东分公司2019年统计分析建模应用支撑项目_比选公告,https://b2b.10086.cn/b2b/main/viewNoticeContent.html?noticeBean.id=591201,2019-08-28
山东移动,山东移动2019年临沂分公司费县人口健康运维容灾软件平台采购项目_比选公告,https://b2b.10086.cn/b2b/main/viewNoticeContent.html?noticeBean.id=591202,2019-08-28
互联网公司,中移互联网有限公司2019-2020年业务推广所需视频权益购买竞争性谈判项目（第二次）_竞争性谈判采购公告,https://b2b.10086.cn/b2b/main/viewNoticeContent.html?noticeBean.id=591204,2019-08-28
安徽移动,安徽移动业务云七期一阶段工程业务质量监测系统采购_比选公告,https://b2b.10086.cn/b2b/main/viewNoticeContent.html?noticeBean.id=591209,2019-08-28
广东移动,中国移动广东公司2019-2022年全省物业管理服务公开比选项目(第三次）_比选公告,https://b2b.10086.cn/b2b/main/viewNoticeContent.html?noticeBean.id=591213,2019-08-28
四川移动,中国移动四川公司2019-2021年天府新区档案业务服务项目_比选公告,https://b2b.10086.cn/b2b/main/viewNoticeContent.html?noticeBean.id=591215,2019-08-28
甘肃移动,中国移动甘肃公司定西分公司陇西县2019年村级光伏扶贫电站信息化建设项目合作伙伴选择项目_比选公告,https://b2b.10086.cn/b2b/main/viewNoticeContent.html?noticeBean.id=591226,2019-08-28
信息技术公司,2019年集中化集团客户资料校验的系统实现方案项目_比选公告,https://b2b.10086.cn/b2b/main/viewNoticeContent.html?noticeBean.id=591248,2019-08-28
信息技术公司,2019年私有云数据库服务的技术研究与产品开发项目_比选公告,https://b2b.10086.cn/b2b/main/viewNoticeContent.html?noticeBean.id=591250,2019-08-28
江苏移动,中国移动江苏公司苏州分公司Femto商客短信业务平台运营维护服务项目项目_比选公告,https://b2b.10086.cn/b2b/main/viewNoticeContent.html?noticeBean.id=591251,2019-08-28
物联网公司,产品运营活动项目_比选公告,https://b2b.10086.cn/b2b/main/viewNoticeContent.html?noticeBean.id=591252,2019-08-28
重庆移动,綦江分公司城市管理公共视频整合联网ICT项目设备及集成服务联合采购_比选公告,https://b2b.10086.cn/b2b/main/viewNoticeContent.html?noticeBean.id=591254,2019-08-28
信息技术公司,2019年综合性服务管理多地协同扩展咨询服务_比选公告,https://b2b.10086.cn/b2b/main/viewNoticeContent.html?noticeBean.id=591265,2019-08-28
信息技术公司,2020-2021年国际业务运营中心国际业务精准营销系统开发_比选公告,https://b2b.10086.cn/b2b/main/viewNoticeContent.html?noticeBean.id=591271,2019-08-28
