采购单位,标题,链接,发标日期
江苏移动,中国移动江苏公司宿迁分公司2019年业务宣传物料采购项目_比选公告,https://b2b.10086.cn/b2b/main/viewNoticeContent.html?noticeBean.id=568828,2019-06-11
信息港中心,中国移动信息港中心2019-2021年税务咨询服务采购（1）_比选公告,https://b2b.10086.cn/b2b/main/viewNoticeContent.html?noticeBean.id=568841,2019-06-11
北京移动,中国移动北京公司2019年至2020年核心岗位关键通用能力快速赋能及培训管理数字化运营分析项目_比选公告,https://b2b.10086.cn/b2b/main/viewNoticeContent.html?noticeBean.id=568876,2019-06-11
苏州研发中心,苏州研发中心2019年--2021年数据中心SDN采购项目_招标公告,https://b2b.10086.cn/b2b/main/viewNoticeContent.html?noticeBean.id=568894,2019-06-11
青海移动,2019年代维及三费报账接口开发_比选公告,https://b2b.10086.cn/b2b/main/viewNoticeContent.html?noticeBean.id=568922,2019-06-11
咪咕公司,咪咕公司5G高清云游戏工程ARM服务器及平台终端软件系统定制开发项目（第二次）_招标公告,https://b2b.10086.cn/b2b/main/viewNoticeContent.html?noticeBean.id=568934,2019-06-11
新疆移动,喀什分分公司2019年度下沉项目审结清理支撑服务项目_询价公告,https://b2b.10086.cn/b2b/main/viewNoticeContent.html?noticeBean.id=568950,2019-06-11
广西移动,中国移动广西公司桂林分公司2019—2021年度办公楼电梯维护保养服务采购项目_比选公告,https://b2b.10086.cn/b2b/main/viewNoticeContent.html?noticeBean.id=568955,2019-06-11
内蒙移动,中国移动内蒙古公司2019年移动APP应用安全防护工程项目_比选公告,https://b2b.10086.cn/b2b/main/viewNoticeContent.html?noticeBean.id=568959,2019-06-11
内蒙移动,中国移动内蒙古公司2019年终端安全管控系统整合工程项目_比选公告,https://b2b.10086.cn/b2b/main/viewNoticeContent.html?noticeBean.id=568960,2019-06-11
江苏移动,中国移动江苏公司2019年-2020年盐城分公司互联网电视内容（集团互联网电视平台服务）项目项目_询价公告,https://b2b.10086.cn/b2b/main/viewNoticeContent.html?noticeBean.id=568969,2019-06-11
北京移动,中国移动北京公司2019-2020年家宽网关终端维修翻新项目_比选公告,https://b2b.10086.cn/b2b/main/viewNoticeContent.html?noticeBean.id=568975,2019-06-11
陕西移动,2019-2020年陕西移动全省通信机房等土建项目可行性研究报告编制及房屋结构检测鉴定服务集中产品化采购标段二_比选公告,https://b2b.10086.cn/b2b/main/viewNoticeContent.html?noticeBean.id=568976,2019-06-11
山西移动,中国移动山西公司2019年网络部山西移动通信局(站)防雷系统安全检测服务的采购项目_比选公告,https://b2b.10086.cn/b2b/main/viewNoticeContent.html?noticeBean.id=568991,2019-06-11
山西移动,中国移动山西公司2019年省公司集团客户部IDC机房ISO20000和ISO27001认证服务采购项目_询价公告,https://b2b.10086.cn/b2b/main/viewNoticeContent.html?noticeBean.id=568996,2019-06-11
政企分公司,四川雅安天全政法三级网信息化技术服务（中移全通）采购项目_比选公告,https://b2b.10086.cn/b2b/main/viewNoticeContent.html?noticeBean.id=569002,2019-06-11
