采购单位,标题,链接,发标日期
设计院,2019年设计院信息建筑业务部微模块设备平台产品一般性能检测服务项目_询价公告,https://b2b.10086.cn/b2b/main/viewNoticeContent.html?noticeBean.id=549979,2019-03-28
设计院,2019-2021年四川分院IT办公设备维保服务采购项目_比选公告,https://b2b.10086.cn/b2b/main/viewNoticeContent.html?noticeBean.id=549980,2019-03-28
设计院,2019年设计院信息建筑业务部微模块设备平台产品抗震性能检测服务项目_询价公告,https://b2b.10086.cn/b2b/main/viewNoticeContent.html?noticeBean.id=549998,2019-03-28
江苏移动,中国移动江苏公司2019年南京移动核心机房楼动力系统防雷接地检测服务项目_询价公告,https://b2b.10086.cn/b2b/main/viewNoticeContent.html?noticeBean.id=549999,2019-03-28
在线服务公司,中移在线10086智能短信服务运营支撑项目_比选公告,https://b2b.10086.cn/b2b/main/viewNoticeContent.html?noticeBean.id=550008,2019-03-28
政企分公司,安徽省阜阳市颍上县司法局综合执法管理应用平台二期（中移全通）采购项目_比选公告,https://b2b.10086.cn/b2b/main/viewNoticeContent.html?noticeBean.id=550016,2019-03-28
广西移动,中国移动广西公司防城港分公司2019-2020年物业及秩序维护服务框架的采购项目_比选公告,https://b2b.10086.cn/b2b/main/viewNoticeContent.html?noticeBean.id=550037,2019-03-28
辽宁移动,中国移动辽宁公司2019年高精度地图数据采集技术服务项目_比选公告,https://b2b.10086.cn/b2b/main/viewNoticeContent.html?noticeBean.id=550039,2019-03-28
辽宁移动,中国移动辽宁公司2019-2020年地图能力技术支撑服务项目_比选公告,https://b2b.10086.cn/b2b/main/viewNoticeContent.html?noticeBean.id=550040,2019-03-28
四川移动,中国移动四川公司2019年行业云及增值业务技术支撑项目_比选公告,https://b2b.10086.cn/b2b/main/viewNoticeContent.html?noticeBean.id=550046,2019-03-28
在线服务公司,中移在线贵州分公司2019-2020年外拓产品客户交流活动支撑服务项目_比选公告,https://b2b.10086.cn/b2b/main/viewNoticeContent.html?noticeBean.id=550048,2019-03-28
北京移动,中国移动北京公司2019-2020年度存量客户欠费催缴_比选公告,https://b2b.10086.cn/b2b/main/viewNoticeContent.html?noticeBean.id=550060,2019-03-28
重庆移动,2019年办公电脑及设备维护服务项目（主城片区：城三、万盛、巴南、綦江、长寿）_比选公告,https://b2b.10086.cn/b2b/main/viewNoticeContent.html?noticeBean.id=550073,2019-03-28
山西移动,中国移动山西公司2019-2020年集团客户部IMS接入设备的采购项目_招标公告,https://b2b.10086.cn/b2b/main/viewNoticeContent.html?noticeBean.id=550079,2019-03-28
北京移动,中国移动北京公司2019-2020年度欠销客户欠费催缴_比选公告,https://b2b.10086.cn/b2b/main/viewNoticeContent.html?noticeBean.id=550080,2019-03-28
