采购单位,标题,链接,发标日期
四川移动,中国移动四川公司2019-2020年全业务智能分析技术支持服务项目_比选公告,https://b2b.10086.cn/b2b/main/viewNoticeContent.html?noticeBean.id=597085,2019-09-19
铁通公司,中移铁通有限公司江苏分公司江阴专线业务支撑服务项目_比选公告,https://b2b.10086.cn/b2b/main/viewNoticeContent.html?noticeBean.id=597116,2019-09-19
终端公司,中国移动通信集团终端有限公司北京分公司生产经营用车置换项目_采购公告,https://b2b.10086.cn/b2b/main/viewNoticeContent.html?noticeBean.id=597119,2019-09-19
政企分公司,四川省九寨沟世界自然遗产大数据平台OUV信息化监测预警和综合评估模型设计咨询（中移全通）项目_比选公告,https://b2b.10086.cn/b2b/main/viewNoticeContent.html?noticeBean.id=597138,2019-09-19
在线服务公司,在线服务公司2019年客服呼入业务众包服务项目（山西上海江西）（采购包2：上海）_比选公告,https://b2b.10086.cn/b2b/main/viewNoticeContent.html?noticeBean.id=597160,2019-09-19
在线服务公司,在线服务公司2019年客服呼入业务众包服务项目（山西上海江西）（采购包3：江西）_比选公告,https://b2b.10086.cn/b2b/main/viewNoticeContent.html?noticeBean.id=597161,2019-09-19
在线服务公司,在线服务公司2019年客服呼入业务众包服务项目（山西上海江西）（采购包1：山西）_比选公告,https://b2b.10086.cn/b2b/main/viewNoticeContent.html?noticeBean.id=597162,2019-09-19
内蒙移动,中国移动通信集团内蒙古有限公司乌兰察布分公司2019年微信营业厅运营服务项目_比选采购_变更公告_(1),https://b2b.10086.cn/b2b/main/viewNoticeContent.html?noticeBean.id=597190,2019-09-19
江苏移动,中国移动江苏公司2019年苏州分公司汾湖数据中心工艺配套设备采购项目_比选公告,https://b2b.10086.cn/b2b/main/viewNoticeContent.html?noticeBean.id=597198,2019-09-19
安徽移动,亳州分公司2019年家庭业务小区包干招商项目（第二批）_采购公告,https://b2b.10086.cn/b2b/main/viewNoticeContent.html?noticeBean.id=597203,2019-09-19
天津移动,中国移动天津公司2019-2021年度市场营销物资物流配送框架项目_比选公告,https://b2b.10086.cn/b2b/main/viewNoticeContent.html?noticeBean.id=597207,2019-09-19
江苏移动,中国移动江苏公司2019年苏州分公司常熟重点公共场所人像卡口和车辆智能抓拍系统项目_比选公告,https://b2b.10086.cn/b2b/main/viewNoticeContent.html?noticeBean.id=597222,2019-09-19
吉林移动,中国移动吉林公司2019年高新生产中心2号楼冷源系统扩容工程系统集成公开招标项目_招标公告,https://b2b.10086.cn/b2b/main/viewNoticeContent.html?noticeBean.id=597249,2019-09-19
湖北移动,中国移动湖北公司武汉分公司2019年视频三期数据中心机房环境数据对接技术服务项目_比选公告,https://b2b.10086.cn/b2b/main/viewNoticeContent.html?noticeBean.id=597254,2019-09-19
