采购单位,标题,链接,发标日期
移动学院,移动学院2019年教学支撑用品采购项目_采购变更公告,https://b2b.10086.cn/b2b/main/viewNoticeContent.html?noticeBean.id=572076,2019-06-21
江苏移动,中国移动江苏公司中国移动（江苏苏州）数据中心一期大机电二阶段工程油库施工单位请购项目_比选公告,https://b2b.10086.cn/b2b/main/viewNoticeContent.html?noticeBean.id=572083,2019-06-21
移动学院,移动学院2019年三期中央空调机组1号压缩机制冷系统漏点检测采购项目_采购变更公告(1),https://b2b.10086.cn/b2b/main/viewNoticeContent.html?noticeBean.id=572094,2019-06-21
江苏移动,中国移动江苏公司2019年盐城业务宣传物料采购项目项目_比选公告,https://b2b.10086.cn/b2b/main/viewNoticeContent.html?noticeBean.id=572112,2019-06-21
北京移动,中国移动北京公司深化数字化服务转型的专题研究咨询项目_比选公告,https://b2b.10086.cn/b2b/main/viewNoticeContent.html?noticeBean.id=572113,2019-06-21
在线服务公司,中移在线四川分公司2019年全网客服系统终端及办公设备代维服务项目_比选公告,https://b2b.10086.cn/b2b/main/viewNoticeContent.html?noticeBean.id=572117,2019-06-21
信息技术公司,2019年机房IT设备及基础配套老化更新项目防病毒设备采购_招标公告,https://b2b.10086.cn/b2b/main/viewNoticeContent.html?noticeBean.id=572118,2019-06-21
福建移动,中国移动福建公司2019年第二批传输专业维护仪表公开询价项目_询价公告,https://b2b.10086.cn/b2b/main/viewNoticeContent.html?noticeBean.id=572126,2019-06-21
福建移动,福建移动厦门分公司2019-2020年智能快递柜柜面广告项目_采购公告,https://b2b.10086.cn/b2b/main/viewNoticeContent.html?noticeBean.id=572139,2019-06-21
青海移动,2019年掌上运维排障助手优化_比选公告,https://b2b.10086.cn/b2b/main/viewNoticeContent.html?noticeBean.id=572144,2019-06-21
海南移动,中国移动海南公司2019年运营能力战略规划咨询服务项目_比选公告,https://b2b.10086.cn/b2b/main/viewNoticeContent.html?noticeBean.id=572147,2019-06-21
河南移动,河南移动2019年大数据平台安全技术支撑服务项目_比选公告,https://b2b.10086.cn/b2b/main/viewNoticeContent.html?noticeBean.id=572165,2019-06-21
终端公司,中国移动通信集团终端有限公司云南分公司2019年售后业务驻厅合作伙伴招选项目_比选公告,https://b2b.10086.cn/b2b/main/viewNoticeContent.html?noticeBean.id=572166,2019-06-21
山东移动,山东移动威海分公司2019年威海港通一卡通系统采购项目_比选公告,https://b2b.10086.cn/b2b/main/viewNoticeContent.html?noticeBean.id=572189,2019-06-21
政企分公司,四川移动天府新区太平街道办事处综合信息化服务（中移全通）采购项目_比选公告,https://b2b.10086.cn/b2b/main/viewNoticeContent.html?noticeBean.id=572198,2019-06-21
湖南移动,湖南移动株洲数据中心新型空调末端集成配套施工项目_比选公告,https://b2b.10086.cn/b2b/main/viewNoticeContent.html?noticeBean.id=572200,2019-06-21
物联网公司,生产楼通信机房运行维护安全及节能服务项目（二期）_比选公告,https://b2b.10086.cn/b2b/main/viewNoticeContent.html?noticeBean.id=572207,2019-06-21
信安中心,信息安全合规管理支撑服务（2019年）项目_比选公告,https://b2b.10086.cn/b2b/main/viewNoticeContent.html?noticeBean.id=572211,2019-06-21
江西移动,上饶移动集团客户部手机配件项目_询价公告,https://b2b.10086.cn/b2b/main/viewNoticeContent.html?noticeBean.id=572215,2019-06-21
福建移动,互联网内容运营分析系统研发项目_招标采购_变更公告_(1),https://b2b.10086.cn/b2b/main/viewNoticeContent.html?noticeBean.id=572225,2019-06-21
政企分公司,山东省济宁市2018年长丰通信应急调度指挥平台（中移全通）采购项目(2)(3)_比选公告,https://b2b.10086.cn/b2b/main/viewNoticeContent.html?noticeBean.id=572228,2019-06-21
政企分公司,中移全通2019年第三季度北京宿舍租赁和系统集成部新增员工宿舍租赁项目_采购公告,https://b2b.10086.cn/b2b/main/viewNoticeContent.html?noticeBean.id=572243,2019-06-21
