采购单位,标题,链接,发标日期
内蒙移动,中国移动通信集团内蒙古有限公司赤峰分公司2019年第一批家宽小区宽带资源购置项目（右旗）_竞争性谈判采购公告,https://b2b.10086.cn/b2b/main/viewNoticeContent.html?noticeBean.id=599828,2019-09-29
内蒙移动,中国移动通信集团内蒙古有限公司赤峰分公司2019年第一批家宽小区宽带资源购置项目（松山）_竞争性谈判采购公告,https://b2b.10086.cn/b2b/main/viewNoticeContent.html?noticeBean.id=599829,2019-09-29
互联网公司,中移互联网有限公司2019-2020年全网测评中心运营支撑公开比选项目_比选公告,https://b2b.10086.cn/b2b/main/viewNoticeContent.html?noticeBean.id=599830,2019-09-29
浙江移动,中国移动浙江公司市场经营部2019年-2020年高校宣传栏（二期）媒介投放资源集中采购项目（第二次）_采购公告,https://b2b.10086.cn/b2b/main/viewNoticeContent.html?noticeBean.id=599897,2019-09-29
福建移动,宁德移动2019-2021年全业务网络优化采购项目_比选公告,https://b2b.10086.cn/b2b/main/viewNoticeContent.html?noticeBean.id=599915,2019-09-29
互联网公司,中移互联网有限公司2019-2020年互联网产品测试支撑公开比选项目_比选公告,https://b2b.10086.cn/b2b/main/viewNoticeContent.html?noticeBean.id=599922,2019-09-29
设计院,2020-2022年重庆分院（西南一区）财务档案管理服务采购项目_比选公告,https://b2b.10086.cn/b2b/main/viewNoticeContent.html?noticeBean.id=599930,2019-09-29
内蒙移动,中国移动通信集团内蒙古有限公司赤峰分公司2019年第一批家宽小区宽带资源购置项目（敖汉）_竞争性谈判采购公告,https://b2b.10086.cn/b2b/main/viewNoticeContent.html?noticeBean.id=599931,2019-09-29
内蒙移动,中国移动通信集团内蒙古有限公司赤峰分公司2019年第一批家宽小区宽带资源购置项目（克旗）_竞争性谈判采购公告,https://b2b.10086.cn/b2b/main/viewNoticeContent.html?noticeBean.id=599934,2019-09-29
内蒙移动,中国移动通信集团内蒙古有限公司赤峰分公司2019年第一批家宽小区宽带资源购置项目（平庄）_竞争性谈判采购公告,https://b2b.10086.cn/b2b/main/viewNoticeContent.html?noticeBean.id=599935,2019-09-29
山东移动,山东移动泰安分公司2019年泰安市公安局警务通APP系统采购项目_比选公告,https://b2b.10086.cn/b2b/main/viewNoticeContent.html?noticeBean.id=599938,2019-09-29
内蒙移动,中国移动内蒙古公司呼和浩特分公司2019年工程建设部购置机电职业学院等30个小区家宽接入资源项目_招标公告,https://b2b.10086.cn/b2b/main/viewNoticeContent.html?noticeBean.id=599943,2019-09-29
江苏移动,中国移动江苏公司宿迁公司动环门禁管理系统升级项目采购方案项目_比选公告,https://b2b.10086.cn/b2b/main/viewNoticeContent.html?noticeBean.id=599954,2019-09-29
中移金科,2019年数据库优化服务项目_比选公告,https://b2b.10086.cn/b2b/main/viewNoticeContent.html?noticeBean.id=599962,2019-09-29
移动学院,移动学院2019年第五会议室无纸化办公系统维护保养采购项目_采购公告,https://b2b.10086.cn/b2b/main/viewNoticeContent.html?noticeBean.id=599970,2019-09-29
新疆移动,克拉玛依市分公司2020年电梯维护保养项目_比选公告,https://b2b.10086.cn/b2b/main/viewNoticeContent.html?noticeBean.id=599984,2019-09-29
江苏移动,中国移动江苏公司南6综合业务接入区汇聚机房购置项目_采购变更公告(1),https://b2b.10086.cn/b2b/main/viewNoticeContent.html?noticeBean.id=599985,2019-09-29
内蒙移动,中国移动通信集团内蒙古有限公司赤峰分公司2019年第一批家宽小区宽带资源购置项目（阿旗）_竞争性谈判采购公告,https://b2b.10086.cn/b2b/main/viewNoticeContent.html?noticeBean.id=599989,2019-09-29
物联网公司,智慧云表南宁项目导轨式多路智能电表（内置NB-IoT模块）生产项目_采购公告,https://b2b.10086.cn/b2b/main/viewNoticeContent.html?noticeBean.id=600007,2019-09-29
在线服务公司,在线服务公司河北分公司（廊坊现场）2020-2021年员工餐厅运营服务及食材采购项目采购包一（二次）_比选公告,https://b2b.10086.cn/b2b/main/viewNoticeContent.html?noticeBean.id=600009,2019-09-29
设计院,全球专利检索系统使用及其相关集成服务_比选公告,https://b2b.10086.cn/b2b/main/viewNoticeContent.html?noticeBean.id=600010,2019-09-29
物联网公司,智能车机路尚CT01生产采购项目_比选公告,https://b2b.10086.cn/b2b/main/viewNoticeContent.html?noticeBean.id=600014,2019-09-29
山东移动,山东移动2019年菏泽分公司曹县人社局信息化系统采购项目_比选公告,https://b2b.10086.cn/b2b/main/viewNoticeContent.html?noticeBean.id=600016,2019-09-29
广东移动,中国移动广东公司2019-2020年渠道运营能力监测公开比选项目_比选公告,https://b2b.10086.cn/b2b/main/viewNoticeContent.html?noticeBean.id=600020,2019-09-29
苏州研发中心,苏州研发中心2019年和创空间支撑服务项目_比选公告,https://b2b.10086.cn/b2b/main/viewNoticeContent.html?noticeBean.id=600027,2019-09-29
苏州研发中心,苏州研发中心2019年票据智能处理机器人组装用元器件及配件项目_询价公告,https://b2b.10086.cn/b2b/main/viewNoticeContent.html?noticeBean.id=600034,2019-09-29
江苏移动,中国移动江苏公司南6综合业务接入区汇聚机房购置项目_采购变更公告(2),https://b2b.10086.cn/b2b/main/viewNoticeContent.html?noticeBean.id=600039,2019-09-29
