采购单位,标题,链接,发标日期
北京移动,中国移动北京公司2019年重点业务服务质量监测及满意度提升_比选公告,https://b2b.10086.cn/b2b/main/viewNoticeContent.html?noticeBean.id=582252,2019-07-26
山东移动,山东移动滨州分公司2019-2020年业务用品邮寄项目_比选公告,https://b2b.10086.cn/b2b/main/viewNoticeContent.html?noticeBean.id=582266,2019-07-26
新疆移动,2019年业务支撑中心安全攻击（APT）预警平台工程_比选公告,https://b2b.10086.cn/b2b/main/viewNoticeContent.html?noticeBean.id=582306,2019-07-26
新疆移动,2019年业务支撑网服务能力提升工程（DNS系统部分）_比选公告,https://b2b.10086.cn/b2b/main/viewNoticeContent.html?noticeBean.id=582307,2019-07-26
新疆移动,2019年业务支撑网服务能力提升改造工程（VPN设备部分）_比选公告,https://b2b.10086.cn/b2b/main/viewNoticeContent.html?noticeBean.id=582308,2019-07-26
四川移动,中国移动四川公司2019-2022年全省第一批管理用房及生产枢纽楼公共区域物业管理服务采购项目(攀枝花)_比选公告,https://b2b.10086.cn/b2b/main/viewNoticeContent.html?noticeBean.id=582315,2019-07-26
政企分公司,福建省武夷山景区信息系统二级等保（中移全通）采购项目_比选公告,https://b2b.10086.cn/b2b/main/viewNoticeContent.html?noticeBean.id=582321,2019-07-26
重庆移动,2019年忠县分公司集团客户部手机维修服务项目_比选公告,https://b2b.10086.cn/b2b/main/viewNoticeContent.html?noticeBean.id=582326,2019-07-26
云南移动,中国移动云南公司玉溪分公司2019 -2021年烟草公司交通安全管理系统维保服务项目_竞争性谈判采购公告,https://b2b.10086.cn/b2b/main/viewNoticeContent.html?noticeBean.id=582339,2019-07-26
湖南移动,衡阳移动公务及生产经营车辆清洗美容装饰项目_比选公告,https://b2b.10086.cn/b2b/main/viewNoticeContent.html?noticeBean.id=582345,2019-07-26
河南移动,河南移动2019年EAP咨询项目采购项目_比选公告,https://b2b.10086.cn/b2b/main/viewNoticeContent.html?noticeBean.id=582353,2019-07-26
物联网公司,2019年电子与智能化工程专业承包二级资质和通信工程总包三级资质申办服务项目_采购公告,https://b2b.10086.cn/b2b/main/viewNoticeContent.html?noticeBean.id=582379,2019-07-26
设计院,2020-2022年广东分院生产用房维护维修服务项目_比选公告,https://b2b.10086.cn/b2b/main/viewNoticeContent.html?noticeBean.id=582394,2019-07-26
青海移动,2019年全省网络传输维护仪表采购_招标公告,https://b2b.10086.cn/b2b/main/viewNoticeContent.html?noticeBean.id=582396,2019-07-26
江苏移动,中国移动江苏公司镇江移动梦溪广场旗舰店专区运营服务项目_比选公告,https://b2b.10086.cn/b2b/main/viewNoticeContent.html?noticeBean.id=582397,2019-07-26
四川移动,中国移动四川公司2019-2022年全省第一批管理用房及生产枢纽楼公共区域物业管理服务采购项目（成都）_比选公告,https://b2b.10086.cn/b2b/main/viewNoticeContent.html?noticeBean.id=582408,2019-07-26
四川移动,中国移动四川公司2019-2022年全省第一批管理用房及生产枢纽楼公共区域物业管理服务采购项目（天府新区）_比选公告,https://b2b.10086.cn/b2b/main/viewNoticeContent.html?noticeBean.id=582409,2019-07-26
浙江移动,中国移动浙江公司2019年度视频感知技术研究服务项目采购项目_比选公告,https://b2b.10086.cn/b2b/main/viewNoticeContent.html?noticeBean.id=582411,2019-07-26
互联网公司,中移互联网有限公司2019年数据中台一期分析平台公开比选项目_比选公告,https://b2b.10086.cn/b2b/main/viewNoticeContent.html?noticeBean.id=582412,2019-07-26
