采购单位,标题,链接,发标日期
湖北移动,中国移动通信湖北公司宜昌分公司宜城春晓业务区机房购置项目_第二次公告(1),https://b2b.10086.cn/b2b/main/viewNoticeContent.html?noticeBean.id=562664,2019-05-17
互联网公司,中移互联网有限公司2019-2020年移动互联业务社会化推广服务公开比选项目_比选公告,https://b2b.10086.cn/b2b/main/viewNoticeContent.html?noticeBean.id=562682,2019-05-17
互联网公司,中移互联网有限公司2019-2020年分省驻点支撑服务公开比选项目_比选公告,https://b2b.10086.cn/b2b/main/viewNoticeContent.html?noticeBean.id=562683,2019-05-17
内蒙移动,2019年呼伦贝尔分公司市场经营部经理人员周转住房租赁项目_采购公告,https://b2b.10086.cn/b2b/main/viewNoticeContent.html?noticeBean.id=562687,2019-05-17
重庆移动,2019年万盛分公司家宽小区分光器扩容整治（一期）项目_比选公告,https://b2b.10086.cn/b2b/main/viewNoticeContent.html?noticeBean.id=562718,2019-05-17
北京移动,中国移动北京公司2019年碳排放管理服务项目_比选公告,https://b2b.10086.cn/b2b/main/viewNoticeContent.html?noticeBean.id=562734,2019-05-17
在线服务公司,中移在线西藏分公司2019年全网客服系统终端及办公设备代维服务项目_比选公告,https://b2b.10086.cn/b2b/main/viewNoticeContent.html?noticeBean.id=562735,2019-05-17
铁通公司,中移建设广西分公司2019年防城港全业务通信工程劳务分公司项目_比选公告,https://b2b.10086.cn/b2b/main/viewNoticeContent.html?noticeBean.id=562740,2019-05-17
终端公司,中国移动通信集团终端有限公司广东分公司2019年6月-2020年6月生产系统运营服务项目_比选公告,https://b2b.10086.cn/b2b/main/viewNoticeContent.html?noticeBean.id=562741,2019-05-17
湖南移动,中国移动湖南公司郴州分公司为进厅客户提供杂志阅读服务项目_比选公告,https://b2b.10086.cn/b2b/main/viewNoticeContent.html?noticeBean.id=562744,2019-05-17
广东移动,中国移动广东公司2019年星级客户服务提升公开比选项目（云浮）_比选公告,https://b2b.10086.cn/b2b/main/viewNoticeContent.html?noticeBean.id=562759,2019-05-17
浙江移动,中国移动浙江公司2019-2021年业务支撑系统日常运营代维服务项目_比选公告,https://b2b.10086.cn/b2b/main/viewNoticeContent.html?noticeBean.id=562769,2019-05-17
新疆移动,中国移动新疆分公司2019年一线客户感知监测服务项目_比选公告,https://b2b.10086.cn/b2b/main/viewNoticeContent.html?noticeBean.id=562772,2019-05-17
咪咕公司,咪咕音乐有限公司2019-2020年智能硬件客户端（SDK）开发项目_比选公告,https://b2b.10086.cn/b2b/main/viewNoticeContent.html?noticeBean.id=562774,2019-05-17
