采购单位,标题,链接,发标日期
海南移动,中国移动海南公司2019年基站智能门禁控制器采购项目_比选采购_变更公告_(1),https://b2b.10086.cn/b2b/main/viewNoticeContent.html?noticeBean.id=576508,2019-07-08
北京移动,中国移动北京公司中国民航机场建设集团有限公司华北分公司客户侧项目统C设备采购项目_采购公告,https://b2b.10086.cn/b2b/main/viewNoticeContent.html?noticeBean.id=576511,2019-07-08
北京移动,中国移动北京公司视频会议系统技术支持服务项目_比选公告,https://b2b.10086.cn/b2b/main/viewNoticeContent.html?noticeBean.id=576556,2019-07-08
北京移动,关上业务收敛区业务汇聚机房租赁项目_采购变更公告(2),https://b2b.10086.cn/b2b/main/viewNoticeContent.html?noticeBean.id=576566,2019-07-08
上海移动,中国移动上海公司热力图系统项目_比选公告,https://b2b.10086.cn/b2b/main/viewNoticeContent.html?noticeBean.id=576577,2019-07-08
终端公司,中国移动通信集团终端有限公司云南分公司2019年售后业务驻厅合作伙伴招选项目_比选公告,https://b2b.10086.cn/b2b/main/viewNoticeContent.html?noticeBean.id=576581,2019-07-08
终端公司,中国移动通信集团终端有限公司广东分公司2019年7月至2020年6月业务外包项目_比选公告,https://b2b.10086.cn/b2b/main/viewNoticeContent.html?noticeBean.id=576588,2019-07-08
北京移动,中国移动北京公司2019年亦庄机房空调系统涂层节能技术改造项目_比选公告,https://b2b.10086.cn/b2b/main/viewNoticeContent.html?noticeBean.id=576606,2019-07-08
