采购单位,标题,链接,发标日期
DXY,移动学院2019年三期楼宇自控（空调）系统维修采购项目_采购变更公告,https://b2b.10086.cn/b2b/main/viewNoticeContent.html?noticeBean.id=615775,2019-11-29
上海移动,中国移动上海公司临港IDC研发与产业化基地二期土建工程城建档案编制_比选公告,https://b2b.10086.cn/b2b/main/viewNoticeContent.html?noticeBean.id=615781,2019-11-29
湖北移动,中国移动湖北公司襄阳分公司樊城董台业务区普通汇聚传输机房购置项目_采购变更公告(1),https://b2b.10086.cn/b2b/main/viewNoticeContent.html?noticeBean.id=615782,2019-11-29
铁通公司,中移铁通有限公司浙江分公司2019-2021年度维护、销售劳务分包采购项目_比选公告,https://b2b.10086.cn/b2b/main/viewNoticeContent.html?noticeBean.id=615819,2019-11-29
信息技术公司,2019年中国移动国资监管平台二期工程项目SQL Server 数据库采购_比选公告,https://b2b.10086.cn/b2b/main/viewNoticeContent.html?noticeBean.id=615852,2019-11-29
重庆移动,2020-2022年大数据平台三方现场技术支持服务项目_询价公告,https://b2b.10086.cn/b2b/main/viewNoticeContent.html?noticeBean.id=615868,2019-11-29
政企分公司,海南移动2019-2021年度ICT业务技术支撑服务项目（中移全通）采购项目_比选公告,https://b2b.10086.cn/b2b/main/viewNoticeContent.html?noticeBean.id=615872,2019-11-29
政企分公司,重庆市荣昌区集中式供水工程水源地规范化建设（视频监控系统）（中移全通）采购项目_比选公告,https://b2b.10086.cn/b2b/main/viewNoticeContent.html?noticeBean.id=615873,2019-11-29
上海研究院,中移（上海）产业研究院2019年实验室一期建设工程一楼展厅展项硬件_比选公告,https://b2b.10086.cn/b2b/main/viewNoticeContent.html?noticeBean.id=615884,2019-11-29
云南移动,中国移动云南公司2019年互联网信息安全管理系统和新技术新业务复核评测服务采购项目_比选公告,https://b2b.10086.cn/b2b/main/viewNoticeContent.html?noticeBean.id=615887,2019-11-29
政企分公司,安徽省黄山市祁门县公安局37个点位视频监控设备租赁及维护（中移全通）采购项目_比选公告,https://b2b.10086.cn/b2b/main/viewNoticeContent.html?noticeBean.id=615891,2019-11-29
内蒙移动,中国移动（呼和浩特）数据中心二期一阶段机电配套工程（B05空调系统安装工程、B05机房及制冷站配套集成工程）设备采购项目（二次）招标公告,https://b2b.10086.cn/b2b/main/viewNoticeContent.html?noticeBean.id=615894,2019-11-29
重庆移动,2020-2021年网络信息安全支撑服务_比选公告,https://b2b.10086.cn/b2b/main/viewNoticeContent.html?noticeBean.id=615903,2019-11-29
铁通公司,中移铁通重庆分公司2020-2021年法律支撑服务采购项目_比选公告,https://b2b.10086.cn/b2b/main/viewNoticeContent.html?noticeBean.id=615904,2019-11-29
广东移动,中国移动广东公司2020年业支侧一线响应综合支撑服务公开比选项目_比选公告,https://b2b.10086.cn/b2b/main/viewNoticeContent.html?noticeBean.id=615922,2019-11-29
安徽移动,2019年马鞍山ICT-马鞍山市国土执法视频监控系统升级改造项目_询价公告,https://b2b.10086.cn/b2b/main/viewNoticeContent.html?noticeBean.id=615933,2019-11-29
辽宁移动,中国移动辽宁公司普兰店分公司2019年重要集团客户观影活动_采购公告,https://b2b.10086.cn/b2b/main/viewNoticeContent.html?noticeBean.id=615944,2019-11-29
辽宁移动,中国移动辽宁公司金州分公司2019年重要客户观影活动_采购公告,https://b2b.10086.cn/b2b/main/viewNoticeContent.html?noticeBean.id=615946,2019-11-29
山西移动,中国移动山西公司2019年省公司综合部行政安保中心会议系统设备购置采购项目_比选公告,https://b2b.10086.cn/b2b/main/viewNoticeContent.html?noticeBean.id=615955,2019-11-29
内蒙移动,中国移动内蒙古公司呼和浩特分公司购置博尔顿等14个小区家宽接入资源项目_招标公告,https://b2b.10086.cn/b2b/main/viewNoticeContent.html?noticeBean.id=615963,2019-11-29
政企分公司,2019年云南省水利厅OA系统现场驻点支撑服务（中移全通）采购项目_比选公告,https://b2b.10086.cn/b2b/main/viewNoticeContent.html?noticeBean.id=615971,2019-11-29
四川移动,中国移动四川公司成都分公司2019年楼宇云展播系统设备采购项目_比选公告,https://b2b.10086.cn/b2b/main/viewNoticeContent.html?noticeBean.id=615973,2019-11-29
物联网公司,关于重庆移动车务通平台物联网公司车务通Pro平台过检项目_采购公告,https://b2b.10086.cn/b2b/main/viewNoticeContent.html?noticeBean.id=615980,2019-11-29
