采购单位,标题,链接,发标日期
江苏移动,中国移动江苏公司徐州分公司集团客户体验厅VR全景高清摄像系统项目_采购公告,https://b2b.10086.cn/b2b/main/viewNoticeContent.html?noticeBean.id=578463,2019-07-15
研究院,5G技术测量解调性能评估研究及射频共存性能评估研究_比选公告,https://b2b.10086.cn/b2b/main/viewNoticeContent.html?noticeBean.id=578469,2019-07-15
山东移动,山东移动日照分公司市场部关于采购家客装维录音系统平台采购项目（核心能力清单内的内部采购）_采购变更公告(1),https://b2b.10086.cn/b2b/main/viewNoticeContent.html?noticeBean.id=578491,2019-07-15
西藏移动,中国移动西藏公司咪咕业务运营支撑项目_比选公告,https://b2b.10086.cn/b2b/main/viewNoticeContent.html?noticeBean.id=578492,2019-07-15
江苏移动,中国移动江苏公司淮安分公司2019年盱眙县人民法院智慧法庭网格信息员信息发布平台项目短信平台一体机采购方案项目_询价公告,https://b2b.10086.cn/b2b/main/viewNoticeContent.html?noticeBean.id=578493,2019-07-15
政企分公司,2019-2021年度中移全通办公场地装修工程造价咨询项目_比选公告,https://b2b.10086.cn/b2b/main/viewNoticeContent.html?noticeBean.id=578496,2019-07-15
西藏移动,中国移动西藏公司EAP咨询服务采购项目_比选公告,https://b2b.10086.cn/b2b/main/viewNoticeContent.html?noticeBean.id=578519,2019-07-15
湖南移动,湖南移动自治州分公司远程发电系统维护项目_比选公告,https://b2b.10086.cn/b2b/main/viewNoticeContent.html?noticeBean.id=578533,2019-07-15
福建移动,漳州移动龙文区网上智能阅卷系统服务采购项目_询价公告,https://b2b.10086.cn/b2b/main/viewNoticeContent.html?noticeBean.id=578540,2019-07-15
内蒙移动,中国移动（呼和浩特）数据中心2019年IDC系统和集团客户云系统信息安全等级保护测评服务项目_询价公告,https://b2b.10086.cn/b2b/main/viewNoticeContent.html?noticeBean.id=578543,2019-07-15
云南移动,中国移动云南公司普洱分公司2019年4G无线网小型化基站建设和2019年分布系统及信源建设电力引入施工项目_比选公告,https://b2b.10086.cn/b2b/main/viewNoticeContent.html?noticeBean.id=578548,2019-07-15
西藏移动,中国移动通信集团西藏有限公司山南分公司2019年业务用品需求项目_比选公告,https://b2b.10086.cn/b2b/main/viewNoticeContent.html?noticeBean.id=578555,2019-07-15
铁通公司,中移铁通贵州分公司2019年至2021年和家新零售系统软件服务项目(第二次)_比选公告,https://b2b.10086.cn/b2b/main/viewNoticeContent.html?noticeBean.id=578562,2019-07-15
信息技术公司,2019年总部办公网络升级改造工程（上网行为管理系统）_比选公告,https://b2b.10086.cn/b2b/main/viewNoticeContent.html?noticeBean.id=578570,2019-07-15
江苏移动,中国移动江苏公司苏州分公司满意度维护及投诉工单质检外包服务项目项目_比选公告,https://b2b.10086.cn/b2b/main/viewNoticeContent.html?noticeBean.id=578579,2019-07-15
北京移动,中国移动北京公司2019年至2020年市场人员能力提升培训项目 _比选公告,https://b2b.10086.cn/b2b/main/viewNoticeContent.html?noticeBean.id=578584,2019-07-15
辽宁移动,中国移动辽宁公司2019年全面预算系统升级改造建设工程项目_比选公告,https://b2b.10086.cn/b2b/main/viewNoticeContent.html?noticeBean.id=578590,2019-07-15
江苏移动,中国移动江苏公司2019年淮安分公司承德路六楼调度中心显示系统采购方案项目_询价公告,https://b2b.10086.cn/b2b/main/viewNoticeContent.html?noticeBean.id=578612,2019-07-15
河南移动,河南移动2019年IDCISP信息安全技术管理系统第三方测试服务采购项目_比选公告,https://b2b.10086.cn/b2b/main/viewNoticeContent.html?noticeBean.id=578615,2019-07-15
