采购单位,标题,链接,发标日期
黑龙江移动,黑龙江移动2019年电信行业市场调查采购项目_比选公告,https://b2b.10086.cn/b2b/main/viewNoticeContent.html?noticeBean.id=614490,2019-11-26
上海移动,中国移动上海公司2019年家宽软探针数据挖掘分析能力建设项目软件开发服务_比选公告,https://b2b.10086.cn/b2b/main/viewNoticeContent.html?noticeBean.id=614523,2019-11-26
江苏移动,中国移动江苏公司2020-2021年苏州分公司园区333号大楼空调系统维保服务项目_比选公告,https://b2b.10086.cn/b2b/main/viewNoticeContent.html?noticeBean.id=614524,2019-11-26
终端公司,中国移动通信集团终端有限公司贵州分公司六盘水人民路营业厅运营改造合作商引入项目_采购公告,https://b2b.10086.cn/b2b/main/viewNoticeContent.html?noticeBean.id=614535,2019-11-26
安徽移动,马鞍山移动2019年ICT-含山县社会治安视频防控系统三期项目_询价公告,https://b2b.10086.cn/b2b/main/viewNoticeContent.html?noticeBean.id=614553,2019-11-26
天津移动,中国移动天津公司2019年客户响应中心时间同步性能分析仪采购_询价公告,https://b2b.10086.cn/b2b/main/viewNoticeContent.html?noticeBean.id=614562,2019-11-26
广东移动,中国移动广东公司2019-2021年室外园林绿化维护服务公开比选项目（南方基地）_比选公告,https://b2b.10086.cn/b2b/main/viewNoticeContent.html?noticeBean.id=614565,2019-11-26
山东移动,山东移动临沂分公司2019年临沭县北城实验学校智慧校园平台系统采购项目_比选公告,https://b2b.10086.cn/b2b/main/viewNoticeContent.html?noticeBean.id=614573,2019-11-26
贵州移动,2019年工程建设部工程项目全流程管理提升技术服务项目_比选公告,https://b2b.10086.cn/b2b/main/viewNoticeContent.html?noticeBean.id=614575,2019-11-26
湖北移动,中国移动湖北公司荆门分公司一品花园业务汇聚机房购置项目_采购公告,https://b2b.10086.cn/b2b/main/viewNoticeContent.html?noticeBean.id=614577,2019-11-26
政企分公司,黑龙江数字林草信息化项目（一期）-林草数据中心设备及服务（中移全通）采购项目_比选公告,https://b2b.10086.cn/b2b/main/viewNoticeContent.html?noticeBean.id=614583,2019-11-26
山东移动,山东移动东营分公司2019年山东凤凰制药股份有限公司考勤定位平台服务项目_比选公告,https://b2b.10086.cn/b2b/main/viewNoticeContent.html?noticeBean.id=614601,2019-11-26
安徽移动,铜官区网格化安监系统平台系统集成项目_询价公告,https://b2b.10086.cn/b2b/main/viewNoticeContent.html?noticeBean.id=614606,2019-11-26
辽宁移动,中国移动辽宁公司2019年4G网络优化测试仪表（自动路测终端）项目_比选公告,https://b2b.10086.cn/b2b/main/viewNoticeContent.html?noticeBean.id=614611,2019-11-26
重庆移动,2019年璧山区无线城市改造项目的认证计费服务平台联合采购_比选公告,https://b2b.10086.cn/b2b/main/viewNoticeContent.html?noticeBean.id=614623,2019-11-26
新疆移动,新疆移动2020年参加电力市场化交易委托项目_比选公告,https://b2b.10086.cn/b2b/main/viewNoticeContent.html?noticeBean.id=614629,2019-11-26
设计院,2019年设计院5G组网及优化工具开发软件3D可视化基础套件产品采购项目_询价公告,https://b2b.10086.cn/b2b/main/viewNoticeContent.html?noticeBean.id=614630,2019-11-26
新疆移动,2020-2021年网络管理中心网络业务外包服务项目_比选公告,https://b2b.10086.cn/b2b/main/viewNoticeContent.html?noticeBean.id=614631,2019-11-26
苏州研发中心,苏州研发中心2019年兼容性实验室四期一阶段交换机采购项目_询价公告,https://b2b.10086.cn/b2b/main/viewNoticeContent.html?noticeBean.id=614634,2019-11-26
安徽移动,芜湖市人社局创业培训远程监管平台一期项目_采购公告,https://b2b.10086.cn/b2b/main/viewNoticeContent.html?noticeBean.id=614646,2019-11-26
政企分公司,青海省监狱管理局罪犯定位系统-管控系统（中移全通）采购项目_比选公告,https://b2b.10086.cn/b2b/main/viewNoticeContent.html?noticeBean.id=614651,2019-11-26
政企分公司,智能网联汽车与智慧交通应用示范区智能基础设施及应用平台建设项目交管侧传输设备集成服务（中移全通）采购项目_比选公告,https://b2b.10086.cn/b2b/main/viewNoticeContent.html?noticeBean.id=614652,2019-11-26
苏州研发中心,苏州研发中心2019年一期、二期工程等项目环保验收服务采购项目_询价公告,https://b2b.10086.cn/b2b/main/viewNoticeContent.html?noticeBean.id=614656,2019-11-26
辽宁移动,中国移动辽宁公司2019年光谱分析仪购置_比选公告,https://b2b.10086.cn/b2b/main/viewNoticeContent.html?noticeBean.id=614660,2019-11-26
信息技术公司,甘肃中心2019年省内业务支撑扩容改造工程（运营管理系统部分）_招标公告,https://b2b.10086.cn/b2b/main/viewNoticeContent.html?noticeBean.id=614672,2019-11-26
江苏移动,中国移动江苏公司2019年-2021年苏州分公司数据验真服务项目_比选公告,https://b2b.10086.cn/b2b/main/viewNoticeContent.html?noticeBean.id=614674,2019-11-26
咪咕公司,咪咕视讯魔百和业务平台一期工程甘肃IPTV分省平台四期单项工程虚拟化软件采购_比选公告,https://b2b.10086.cn/b2b/main/viewNoticeContent.html?noticeBean.id=614675,2019-11-26
江西移动,新建区高清天网系统升级联网网关改造新增采购项目_询价公告,https://b2b.10086.cn/b2b/main/viewNoticeContent.html?noticeBean.id=614679,2019-11-26
福建移动,漳州古雷港经济开发区云化政务OA系统项目_询价公告,https://b2b.10086.cn/b2b/main/viewNoticeContent.html?noticeBean.id=614694,2019-11-26
湖南移动,湖南移动自治州分公司湘西州扫黑除恶举报及线索处理平台ICT服务项目_比选公告,https://b2b.10086.cn/b2b/main/viewNoticeContent.html?noticeBean.id=614700,2019-11-26
