采购单位,标题,链接,发标日期
北京移动,中国移动北京公司关于网运中心2020年网络维护支撑协维服务项目_比选公告,https://b2b.10086.cn/b2b/main/viewNoticeContent.html?noticeBean.id=610983,2019-11-14
浙江移动,中国移动浙江公司2020-2021年信息通信产业园110kV变电站维护服务采购项目_比选公告,https://b2b.10086.cn/b2b/main/viewNoticeContent.html?noticeBean.id=610984,2019-11-14
安徽移动,2019年池州移动石台仙寓山智能停车场采购项目_询价公告,https://b2b.10086.cn/b2b/main/viewNoticeContent.html?noticeBean.id=610997,2019-11-14
苏州研发中心,苏州研发中心2019年不良信息治理关键技术研究与应用—骚扰诈骗电话大数据识别技术研究项目声纹识别算法开发服务项目_比选公告,https://b2b.10086.cn/b2b/main/viewNoticeContent.html?noticeBean.id=611006,2019-11-14
福建移动,2019年福建移动福州分公司马尾区行政服务中心管理委员会智能化增补公开比选项目_比选公告,https://b2b.10086.cn/b2b/main/viewNoticeContent.html?noticeBean.id=611011,2019-11-14
辽宁移动,中国移动辽宁公司葫芦岛移动分公司2020-2021年技防系统配件维修更换采购项目_比选公告,https://b2b.10086.cn/b2b/main/viewNoticeContent.html?noticeBean.id=611019,2019-11-14
信息技术公司,集中化研发项目管理业务与系统方案设计研发服务采购_比选公告,https://b2b.10086.cn/b2b/main/viewNoticeContent.html?noticeBean.id=611023,2019-11-14
销售分公司,中国移动销售分公司华夏办公用房会议音响系统及组网设备集成布线服务项目_比选公告,https://b2b.10086.cn/b2b/main/viewNoticeContent.html?noticeBean.id=611035,2019-11-14
移动学院,移动学院2020-2021年空调系统运行维护及保养项目_比选公告,https://b2b.10086.cn/b2b/main/viewNoticeContent.html?noticeBean.id=611036,2019-11-14
云南移动,中国移动云南公司楚雄分公司2019年第二批4G无线网小型化基站建设、室分配套建设及2019年5G先发配套改造工程电力施工项目_比选公告,https://b2b.10086.cn/b2b/main/viewNoticeContent.html?noticeBean.id=611038,2019-11-14
政企分公司,四川省甘孜州和校园信息化平台开发服务（中移全通）采购项目_比选公告,https://b2b.10086.cn/b2b/main/viewNoticeContent.html?noticeBean.id=611043,2019-11-14
内蒙移动,中国移动（呼和浩特）数据中心二期一阶段机电配套工程B04、B05、B06高压配电及油机工程和B05空调及配套工程监理项目（2）_采购公告,https://b2b.10086.cn/b2b/main/viewNoticeContent.html?noticeBean.id=611047,2019-11-14
安徽移动,芜湖移动2019年政企客户部海螺集团全国4G链路灾备项目（4G灾备二期）4G无线路由器采购公开询价项目_询价公告,https://b2b.10086.cn/b2b/main/viewNoticeContent.html?noticeBean.id=611057,2019-11-14
天津移动,中国移动天津公司曹庄数据中心配套设备采购项目_比选公告,https://b2b.10086.cn/b2b/main/viewNoticeContent.html?noticeBean.id=611061,2019-11-14
云南移动,中国移动云南公司2019-2021年通信和信息化市场研究支撑咨询服务采购项目_比选公告,https://b2b.10086.cn/b2b/main/viewNoticeContent.html?noticeBean.id=611066,2019-11-14
广东移动,中国移动广东公司2019年办公大楼人行道闸智能设备公开比选项目（汕头）(汕头)_比选公告,https://b2b.10086.cn/b2b/main/viewNoticeContent.html?noticeBean.id=611073,2019-11-14
物联网公司,MCU研发项目_比选公告,https://b2b.10086.cn/b2b/main/viewNoticeContent.html?noticeBean.id=611083,2019-11-14
总部,中国移动2019年创新资费体系规划及研究项目_比选公告,https://b2b.10086.cn/b2b/main/viewNoticeContent.html?noticeBean.id=611091,2019-11-14
福建移动,中国移动福建公司2019年微信营业厅技术运营支撑服务公开比选采购项目_比选公告,https://b2b.10086.cn/b2b/main/viewNoticeContent.html?noticeBean.id=611095,2019-11-14
内蒙移动,中国移动内蒙古公司2020年房屋及院落零星维护维修项目_比选公告,https://b2b.10086.cn/b2b/main/viewNoticeContent.html?noticeBean.id=611097,2019-11-14
青海移动,2019流量价值专项提升项目_比选公告,https://b2b.10086.cn/b2b/main/viewNoticeContent.html?noticeBean.id=611113,2019-11-14
甘肃移动,中国移动甘肃省甘南分公司云计算数据中心电梯采购项目_比选公告,https://b2b.10086.cn/b2b/main/viewNoticeContent.html?noticeBean.id=611123,2019-11-14
宁夏移动,中国移动宁夏公司2019年病毒防护系统扩容采购项目_比选公告,https://b2b.10086.cn/b2b/main/viewNoticeContent.html?noticeBean.id=611125,2019-11-14
宁夏移动,中国移动宁夏公司2019年WEB监测系统采购项目_比选公告,https://b2b.10086.cn/b2b/main/viewNoticeContent.html?noticeBean.id=611140,2019-11-14
江西移动,江西移动2019年管信扩容工程“阳光采购”集中视频监控管理系统采购项目_比选公告,https://b2b.10086.cn/b2b/main/viewNoticeContent.html?noticeBean.id=611144,2019-11-14
