采购单位,标题,链接,发标日期
北京移动,中国移动北京公司 交付中心2019年-2020年传输资源清查数据清洗服务项目 _比选公告,https://b2b.10086.cn/b2b/main/viewNoticeContent.html?noticeBean.id=583860,2019-08-01
青海移动,手机营业厅运营支撑项目采购申请_比选公告,https://b2b.10086.cn/b2b/main/viewNoticeContent.html?noticeBean.id=583870,2019-08-01
河北移动,中国移动河北公司2019年保定数据中心机房配套一阶段工程综合测试项目_比选公告,https://b2b.10086.cn/b2b/main/viewNoticeContent.html?noticeBean.id=583882,2019-08-01
山西移动,中国移动山西公司2019年山西移动互联网不良信息监测软件的采购项目_比选公告,https://b2b.10086.cn/b2b/main/viewNoticeContent.html?noticeBean.id=583883,2019-08-01
北京移动,中国移动北京公司中国民航机场建设集团有限公司华北分公司客户侧项目统C设备采购项目_采购变更公告(2),https://b2b.10086.cn/b2b/main/viewNoticeContent.html?noticeBean.id=583884,2019-08-01
四川移动,中国移动四川公司基于扁平化架构组织职位体系管理咨询项目_比选公告,https://b2b.10086.cn/b2b/main/viewNoticeContent.html?noticeBean.id=583887,2019-08-01
浙江移动,中国移动浙江公司2019年手机营业厅及咪咕爱看客户端质量监测服务采购_比选公告,https://b2b.10086.cn/b2b/main/viewNoticeContent.html?noticeBean.id=583899,2019-08-01
北京移动,中国移动北京公司2019年客户立体画像滚动闭环管理项目_比选公告,https://b2b.10086.cn/b2b/main/viewNoticeContent.html?noticeBean.id=583911,2019-08-01
政企分公司,河南省焦作市师范高等专科学校办公自动化OA系统（中移全通）采购项目_比选公告,https://b2b.10086.cn/b2b/main/viewNoticeContent.html?noticeBean.id=583917,2019-08-01
江苏移动,中国移动江苏公司常州分公司2019-2020年业务活动推广服务（高校互联网运营服务）项目_比选公告,https://b2b.10086.cn/b2b/main/viewNoticeContent.html?noticeBean.id=583920,2019-08-01
青海移动,青海移动软硬采信令关联分析功能完善项目_比选公告,https://b2b.10086.cn/b2b/main/viewNoticeContent.html?noticeBean.id=583945,2019-08-01
西藏移动,中国移动西藏公司政企客户分公司2019年“智慧+”短信推送平台运营支撑服务项目_比选公告,https://b2b.10086.cn/b2b/main/viewNoticeContent.html?noticeBean.id=583949,2019-08-01
湖南移动,湖南移动2019年多载频功放基站放大拉远系统采购项目_招标公告,https://b2b.10086.cn/b2b/main/viewNoticeContent.html?noticeBean.id=583955,2019-08-01
重庆移动,2019年-2022年重庆移动家宽综合调度支撑服务_比选公告,https://b2b.10086.cn/b2b/main/viewNoticeContent.html?noticeBean.id=583971,2019-08-01
物联网公司,5G-V2X路侧单元RSU二期自主开发项目（第二次试产-结构打样）_采购公告,https://b2b.10086.cn/b2b/main/viewNoticeContent.html?noticeBean.id=583978,2019-08-01
四川移动,中国移动四川公司2018年企业级大数据中心扩容改造工程（行业大数据应用软件）项目_招标公告,https://b2b.10086.cn/b2b/main/viewNoticeContent.html?noticeBean.id=584005,2019-08-01
江西移动,南昌移动2019年官方微信平台协助运营项目_比选公告,https://b2b.10086.cn/b2b/main/viewNoticeContent.html?noticeBean.id=584006,2019-08-01
新疆移动,乌鲁木齐市分公司2019年2/4G干扰排查项目_比选公告,https://b2b.10086.cn/b2b/main/viewNoticeContent.html?noticeBean.id=584018,2019-08-01
江西移动,江西移动2019-2021年EMIS系统办公终端防病毒软件采购项目_比选公告,https://b2b.10086.cn/b2b/main/viewNoticeContent.html?noticeBean.id=584020,2019-08-01
