采购单位,标题,链接,发标日期
北京移动,东高村业务收敛区业务汇聚机房租赁项目_采购公告,https://b2b.10086.cn/b2b/main/viewNoticeContent.html?noticeBean.id=567350,2019-06-04
山东移动,山东移动临沂分公司2019年河东正中教育科技有限公司智慧校园管理平台采购项目_比选公告,https://b2b.10086.cn/b2b/main/viewNoticeContent.html?noticeBean.id=567365,2019-06-04
山东移动,山东移动临沂分公司2019年兰山乐优商业运营管理有限公司智慧农贸管理平台采购项目_比选公告,https://b2b.10086.cn/b2b/main/viewNoticeContent.html?noticeBean.id=567374,2019-06-04
北京移动,陈太务业务收敛区业务汇聚机房租赁项目_采购公告,https://b2b.10086.cn/b2b/main/viewNoticeContent.html?noticeBean.id=567430,2019-06-04
北京移动,东辛撞业务收敛区业务汇聚机房租赁项目_采购公告,https://b2b.10086.cn/b2b/main/viewNoticeContent.html?noticeBean.id=567441,2019-06-04
北京移动,熊耳营业务收敛区业务汇聚机房租赁项目_采购公告,https://b2b.10086.cn/b2b/main/viewNoticeContent.html?noticeBean.id=567442,2019-06-04
北京移动,关上业务收敛区业务汇聚机房租赁项目_采购公告,https://b2b.10086.cn/b2b/main/viewNoticeContent.html?noticeBean.id=567443,2019-06-04
北京移动, 红石坎业务收敛区业务汇聚机房租赁项目 _采购公告,https://b2b.10086.cn/b2b/main/viewNoticeContent.html?noticeBean.id=567446,2019-06-04
北京移动,刁窝业务收敛区业务汇聚机房租赁项目_采购公告,https://b2b.10086.cn/b2b/main/viewNoticeContent.html?noticeBean.id=567453,2019-06-04
北京移动,刘家河业务收敛区业务汇聚机房租赁项目_采购公告,https://b2b.10086.cn/b2b/main/viewNoticeContent.html?noticeBean.id=567457,2019-06-04
北京移动,兴隆庄业务收敛区业务汇聚机房租赁项目_采购公告,https://b2b.10086.cn/b2b/main/viewNoticeContent.html?noticeBean.id=567458,2019-06-04
北京移动,凤落滩业务收敛区业务汇聚机房租赁项目_采购公告,https://b2b.10086.cn/b2b/main/viewNoticeContent.html?noticeBean.id=567459,2019-06-04
内蒙移动,"中国移动内蒙古公司2019年和家固话智能音箱(第二批)采购项目-标段3,4二次_询价公告",https://b2b.10086.cn/b2b/main/viewNoticeContent.html?noticeBean.id=567461,2019-06-04
北京移动,熊儿寨业务收敛区业务汇聚机房租赁项目_采购公告,https://b2b.10086.cn/b2b/main/viewNoticeContent.html?noticeBean.id=567472,2019-06-04
贵州移动,2019政企分公司和校园家庭教育讲座项目_比选公告,https://b2b.10086.cn/b2b/main/viewNoticeContent.html?noticeBean.id=567482,2019-06-04
天津移动,中国移动天津公司2019-2020年度官方微信、微博开发及运营支撑框架项目_比选公告,https://b2b.10086.cn/b2b/main/viewNoticeContent.html?noticeBean.id=567491,2019-06-04
山东移动,山东移动2019年淄博分公司新华医疗远程管理平台采购项目_比选公告,https://b2b.10086.cn/b2b/main/viewNoticeContent.html?noticeBean.id=567492,2019-06-04
