采购单位,标题,链接,发标日期
安徽移动,铜陵经济技术开发区管理委员会环保中控平台系统项目_询价公告,https://b2b.10086.cn/b2b/main/viewNoticeContent.html?noticeBean.id=605824,2019-10-28
上海研究院,中移（上海）产业研究院2019年公司发展策略咨询服务_比选公告,https://b2b.10086.cn/b2b/main/viewNoticeContent.html?noticeBean.id=605827,2019-10-28
湖北移动,中国移动湖北公司2019年黄冈汪家墩综合业务区天宏国际商贸业务汇聚机房购置项目_公开竞争性谈判公告,https://b2b.10086.cn/b2b/main/viewNoticeContent.html?noticeBean.id=605869,2019-10-28
湖北移动,中国移动湖北公司2019年黄冈汪家墩综合业务区黄州书院业务汇聚机房购置项目_公开竞争性谈判公告,https://b2b.10086.cn/b2b/main/viewNoticeContent.html?noticeBean.id=605883,2019-10-28
江苏移动,中国移动江苏公司无锡后宅里新综合业务接入区汇聚机房购置项目项目_采购公告,https://b2b.10086.cn/b2b/main/viewNoticeContent.html?noticeBean.id=605889,2019-10-28
云南移动,中国移动云南公司曲靖分公司2019-2020年营业厅设备维护项目_比选公告,https://b2b.10086.cn/b2b/main/viewNoticeContent.html?noticeBean.id=605895,2019-10-28
江苏移动,中国移动江苏公司无锡星洲名园综合业务接入区机房购置项目项目_采购公告,https://b2b.10086.cn/b2b/main/viewNoticeContent.html?noticeBean.id=605903,2019-10-28
四川移动,中国移动四川公司成都分公司2019-2021年成都地区综合维护按次审单和质检服务采购项目_比选公告,https://b2b.10086.cn/b2b/main/viewNoticeContent.html?noticeBean.id=605906,2019-10-28
江苏移动,中国移动江苏公司无锡安镇综合业务接入区机房购置项目_采购公告,https://b2b.10086.cn/b2b/main/viewNoticeContent.html?noticeBean.id=605920,2019-10-28
铁通公司,中移铁通有限公司江苏分公司2019年度经营用车购置项目_询价公告,https://b2b.10086.cn/b2b/main/viewNoticeContent.html?noticeBean.id=605946,2019-10-28
新疆移动,中国移动新疆公司参与投资SZBT公司法律尽职调查项目（调查方：图木舒克光华国有资产管理有限责任公司）_比选公告,https://b2b.10086.cn/b2b/main/viewNoticeContent.html?noticeBean.id=605949,2019-10-28
四川移动,中国移动四川公司绵阳分公司2019年家宽业务网格化精准数据服务项目_比选公告,https://b2b.10086.cn/b2b/main/viewNoticeContent.html?noticeBean.id=605961,2019-10-28
广西移动,中国移动广西公司崇左分公司2020-2021年综合楼水消防系统维保维修服务框架采购项目_比选公告,https://b2b.10086.cn/b2b/main/viewNoticeContent.html?noticeBean.id=605962,2019-10-28
苏州研发中心,苏州研发中心2019年企业数据支撑服务项目_比选公告,https://b2b.10086.cn/b2b/main/viewNoticeContent.html?noticeBean.id=605965,2019-10-28
新疆移动,乌鲁木齐市分公司2019年工程历史清理支撑服务项目_比选公告,https://b2b.10086.cn/b2b/main/viewNoticeContent.html?noticeBean.id=605970,2019-10-28
新疆移动,2020年和校园平台技术服务项目_比选公告,https://b2b.10086.cn/b2b/main/viewNoticeContent.html?noticeBean.id=605971,2019-10-28
辽宁移动,中国移动辽宁公司2019年互联网缓存压降网间结算流量项目_比选公告,https://b2b.10086.cn/b2b/main/viewNoticeContent.html?noticeBean.id=605983,2019-10-28
浙江移动,中国移动浙江分公司2019年信息安全平台云建设项目网络回溯分析系统和IPV6转换一体机采购项目_招标公告,https://b2b.10086.cn/b2b/main/viewNoticeContent.html?noticeBean.id=605985,2019-10-28
浙江移动,中国移动杭州分公司2019年智能蓝牙锁采购项目_比选公告,https://b2b.10086.cn/b2b/main/viewNoticeContent.html?noticeBean.id=605987,2019-10-28
移动学院,移动学院2020年定期清洗维护项目_比选公告,https://b2b.10086.cn/b2b/main/viewNoticeContent.html?noticeBean.id=605989,2019-10-28
陕西移动,2019年客户信息安全系统深度检测服务项目_比选公告,https://b2b.10086.cn/b2b/main/viewNoticeContent.html?noticeBean.id=605998,2019-10-28
浙江移动,中国移动浙江公司2019年视频彩铃建设项目10086特服号码多媒体业务改造项目_比选公告,https://b2b.10086.cn/b2b/main/viewNoticeContent.html?noticeBean.id=606010,2019-10-28
安徽移动,2019年马鞍山移动和县、当涂骨干机房高低压配电系统工程监理服务项目_维护公告/公示,https://b2b.10086.cn/b2b/main/viewNoticeContent.html?noticeBean.id=606017,2019-10-28
山东移动,山东移动潍坊分公司2019年开发区机房楼维修加固设计及预算编制采购项目_比选公告,https://b2b.10086.cn/b2b/main/viewNoticeContent.html?noticeBean.id=606018,2019-10-28
甘肃移动,2019年安全威胁分析与预警平台三期工程APT威胁监测设备、全流量溯源取证设备、仿真与取证设备采购（包3）_比选公告,https://b2b.10086.cn/b2b/main/viewNoticeContent.html?noticeBean.id=606022,2019-10-28
移动学院,移动学院2019年教学支撑用品采购项目_采购公告,https://b2b.10086.cn/b2b/main/viewNoticeContent.html?noticeBean.id=606024,2019-10-28
