采购单位,标题,链接,发标日期
政企分公司,北京智能医院信息化建设项目系统集成项目无线查房系统无线网络布线集成服务（中移全通）采购项目_比选公告,https://b2b.10086.cn/b2b/main/viewNoticeContent.html?noticeBean.id=627388,2019-12-31
政企分公司,智能网联汽车与智慧交通应用示范区智能基础设施及应用平台建设项目运营平台开发服务（中移全通）采购项目_比选公告,https://b2b.10086.cn/b2b/main/viewNoticeContent.html?noticeBean.id=627389,2019-12-31
浙江移动,中国移动宁波公司2019年-2020年实景指挥大数据平台建设服务采购项目_比选公告,https://b2b.10086.cn/b2b/main/viewNoticeContent.html?noticeBean.id=627413,2019-12-31
浙江移动,中国移动杭州分公司2020年112系统升级服务采购项目_比选公告,https://b2b.10086.cn/b2b/main/viewNoticeContent.html?noticeBean.id=627419,2019-12-31
终端公司,福建分公司2020-2021年售后业务外包合作商引入项目_比选公告,https://b2b.10086.cn/b2b/main/viewNoticeContent.html?noticeBean.id=627422,2019-12-31
甘肃移动,中国移动甘肃公司定西分公司通渭县光伏扶贫村级电站视频监控系统合作伙伴选择项目_比选公告,https://b2b.10086.cn/b2b/main/viewNoticeContent.html?noticeBean.id=627460,2019-12-31
安徽移动,合肥移动基站搬迁和综合覆盖系统增补现场服务采购项目_询价公告,https://b2b.10086.cn/b2b/main/viewNoticeContent.html?noticeBean.id=627473,2019-12-31
山西移动,中国移动山西公司2019-2020年集团客户部和商务直播产品运营支撑服务采购项目_比选公告,https://b2b.10086.cn/b2b/main/viewNoticeContent.html?noticeBean.id=627477,2019-12-31
重庆移动,2020-2021年预算系统技术支持服务_询价公告,https://b2b.10086.cn/b2b/main/viewNoticeContent.html?noticeBean.id=627487,2019-12-31
信息技术公司,2020年大数据应用部财务领域风险防控及数据分析咨询服务采购项目_比选公告,https://b2b.10086.cn/b2b/main/viewNoticeContent.html?noticeBean.id=627489,2019-12-31
铁通公司,中移铁通有限公司陕西分公司2020-2021年综合业务劳务分包项目_比选公告,https://b2b.10086.cn/b2b/main/viewNoticeContent.html?noticeBean.id=627492,2019-12-31
青海移动,2020年全省消防设施维护保养项目_比选公告,https://b2b.10086.cn/b2b/main/viewNoticeContent.html?noticeBean.id=627508,2019-12-31
上海移动,中国移动上海公司国际数据中心一期动力配套项目电源配套第一批扩容工程监理_比选公告,https://b2b.10086.cn/b2b/main/viewNoticeContent.html?noticeBean.id=627523,2019-12-31
广东移动,中国移动广东公司2020年集团客户信息化业务体验活动公开比选项目（中山）_比选公告,https://b2b.10086.cn/b2b/main/viewNoticeContent.html?noticeBean.id=627546,2019-12-31
广东移动,中国移动广东公司2020年消防设备维护维修、改造整治服务公开招标项目_招标公告,https://b2b.10086.cn/b2b/main/viewNoticeContent.html?noticeBean.id=627553,2019-12-31
福建移动,中国移动福建公司2020年互联网动态应用加速服务公开比选采购项目_比选公告,https://b2b.10086.cn/b2b/main/viewNoticeContent.html?noticeBean.id=627554,2019-12-31
