采购单位,标题,链接,发标日期
江苏移动,中国移动江苏公司盐城移动2019-2020全市生产经营用车长期租赁项目项目_比选公告,https://b2b.10086.cn/b2b/main/viewNoticeContent.html?noticeBean.id=541653,2019-02-21
江苏移动,中国移动江苏公司网络翻频软件项目_比选公告,https://b2b.10086.cn/b2b/main/viewNoticeContent.html?noticeBean.id=541680,2019-02-21
咪咕公司,咪咕公司消息推送服务支撑项目_比选公告,https://b2b.10086.cn/b2b/main/viewNoticeContent.html?noticeBean.id=541681,2019-02-21
重庆移动,铜梁及大渡口区司法局社区矫正远程视频督查及应急指挥系统采购_招标公告,https://b2b.10086.cn/b2b/main/viewNoticeContent.html?noticeBean.id=541683,2019-02-21
内蒙移动,2018年到2019年市场路演支撑服务项目（标段三、五）_比选公告,https://b2b.10086.cn/b2b/main/viewNoticeContent.html?noticeBean.id=541689,2019-02-21
广东移动,中国移动广东公司2019年提升人力资源管理相关工作模块服务公开比选项目（广州）_比选公告,https://b2b.10086.cn/b2b/main/viewNoticeContent.html?noticeBean.id=541702,2019-02-21
安徽移动,安徽移动2019—2020年度终端市场监测咨询服务采购项目_比选公告,https://b2b.10086.cn/b2b/main/viewNoticeContent.html?noticeBean.id=541716,2019-02-21
湖北移动,中国移动湖北公司网管中心平台集中维保服务（第二批）项目_比选公告,https://b2b.10086.cn/b2b/main/viewNoticeContent.html?noticeBean.id=541718,2019-02-21
物联网公司,物联网农村信息化入村服务项目_比选公告,https://b2b.10086.cn/b2b/main/viewNoticeContent.html?noticeBean.id=541727,2019-02-21
政企分公司,云南省迪庆分公司电子政务ICT-数字签章认证平台服务（中移全通）采购项目_比选公告,https://b2b.10086.cn/b2b/main/viewNoticeContent.html?noticeBean.id=541736,2019-02-21
研究院,5G云VR头盔接入原型系统开发_比选公告,https://b2b.10086.cn/b2b/main/viewNoticeContent.html?noticeBean.id=541748,2019-02-21
