采购单位,标题,链接,发标日期
内蒙移动,中国移动内蒙古包头分公司开展“一店一码”线下宽带预约服务项目_采购公告,https://b2b.10086.cn/b2b/main/viewNoticeContent.html?noticeBean.id=618036,2019-12-05
福建移动,公安网IP地址管理系统项目_询价公告,https://b2b.10086.cn/b2b/main/viewNoticeContent.html?noticeBean.id=618042,2019-12-05
浙江移动,中国移动浙江公司2019-2021年数据安全保护与风险管控等五项支持服务采购_比选公告,https://b2b.10086.cn/b2b/main/viewNoticeContent.html?noticeBean.id=618060,2019-12-05
中移金科,“和包”云平台三期扩容工程VPN设备采购项目_比选公告,https://b2b.10086.cn/b2b/main/viewNoticeContent.html?noticeBean.id=618067,2019-12-05
物联网公司,车载数据终端OBD（4G版）代工生产项目_采购公告,https://b2b.10086.cn/b2b/main/viewNoticeContent.html?noticeBean.id=618071,2019-12-05
政企分公司,福建省惠安县惠泉片区改造建设工程项目征收信息系统服务（中移全通）采购项目_比选公告,https://b2b.10086.cn/b2b/main/viewNoticeContent.html?noticeBean.id=618075,2019-12-05
江西移动,中国移动江西公司教育业务服务伙伴公开招募项目（第二批）_采购公告,https://b2b.10086.cn/b2b/main/viewNoticeContent.html?noticeBean.id=618096,2019-12-05
广西移动,中国移动广西公司2020年媒体公关传播监测及效果评估项目  _比选公告,https://b2b.10086.cn/b2b/main/viewNoticeContent.html?noticeBean.id=618099,2019-12-05
江西移动,宜春移动2020年官方微信平台协助运营项目_比选公告,https://b2b.10086.cn/b2b/main/viewNoticeContent.html?noticeBean.id=618105,2019-12-05
在线服务公司,在线服务公司上海分公司2019年建设车联网联络中心平台项目_比选公告,https://b2b.10086.cn/b2b/main/viewNoticeContent.html?noticeBean.id=618108,2019-12-05
政企分公司,中国移动云南公司2019年中石油全省组网项目网管系统增值服务（中移全通）采购项目_比选公告,https://b2b.10086.cn/b2b/main/viewNoticeContent.html?noticeBean.id=618109,2019-12-05
陕西移动,陕西渭南市华县莲花寺镇少华村等25个小区宽带网元租赁项目_比选公告,https://b2b.10086.cn/b2b/main/viewNoticeContent.html?noticeBean.id=618114,2019-12-05
贵州移动, 2019年业务网智慧教育云平台新建工程_招标公告,https://b2b.10086.cn/b2b/main/viewNoticeContent.html?noticeBean.id=618118,2019-12-05
广西移动,中国移动广西公司桂林市秀峰区巾山路业务汇聚机房3购置采购项目（TD公司）_采购公告,https://b2b.10086.cn/b2b/main/viewNoticeContent.html?noticeBean.id=618120,2019-12-05
内蒙移动,中国移动通信集团内蒙古有限公司包头分公司2019年昆区恒大名都三期（恒大天玺）等3个小区宽带资源购置项目_比选公告,https://b2b.10086.cn/b2b/main/viewNoticeContent.html?noticeBean.id=618131,2019-12-05
辽宁移动,中国移动辽宁公司2019年省际十三期传送网（新建及扩容）系统光线路保护优化服务项目_招标公告,https://b2b.10086.cn/b2b/main/viewNoticeContent.html?noticeBean.id=618133,2019-12-05
终端公司,中国移动终端公司上海分公司2019年-2020年管理支撑类业务外包服务项目_比选公告,https://b2b.10086.cn/b2b/main/viewNoticeContent.html?noticeBean.id=618135,2019-12-05
四川移动,中国移动四川公司内江分公司2019年宽带网络质差现场优化技术服务项目_比选公告,https://b2b.10086.cn/b2b/main/viewNoticeContent.html?noticeBean.id=618137,2019-12-05
湖北移动,中国移动湖北公司2019年黄冈亚信综合业务区黄州景江国际业务汇聚机房购置项目_公开竞争性谈判公告(第二次),https://b2b.10086.cn/b2b/main/viewNoticeContent.html?noticeBean.id=618166,2019-12-05
湖北移动,中国移动湖北公司2019年黄冈经济园综合业务区碧桂园中央公馆业务汇聚机房购置项目_公开竞争性谈判公告(第二次),https://b2b.10086.cn/b2b/main/viewNoticeContent.html?noticeBean.id=618175,2019-12-05
湖北移动,中国移动湖北公司2019年黄冈汪家墩综合业务区黄州香山湖畔业务汇聚机房购置项目_公开竞争性谈判公告(第二次),https://b2b.10086.cn/b2b/main/viewNoticeContent.html?noticeBean.id=618176,2019-12-05
政企分公司,黑龙江太平沟国家级自然保护区管理局数字化管理管理系统升级及数据包处理（信息化平台）（中移全通）项目_比选公告,https://b2b.10086.cn/b2b/main/viewNoticeContent.html?noticeBean.id=618182,2019-12-05
江苏移动,中国移动江苏公司溧水14综合业务区机房购置项目_采购变更公告(1),https://b2b.10086.cn/b2b/main/viewNoticeContent.html?noticeBean.id=618187,2019-12-05
江苏移动,中国移动江苏公司西19综合业务区机房购置项目_采购变更公告(1),https://b2b.10086.cn/b2b/main/viewNoticeContent.html?noticeBean.id=618188,2019-12-05
江苏移动,中国移动江苏公司江宁18综合业务区机房购置项目_采购变更公告(1),https://b2b.10086.cn/b2b/main/viewNoticeContent.html?noticeBean.id=618189,2019-12-05
北京移动,中国移动北京公司2020年预算成本精细化管理咨询项目_比选公告,https://b2b.10086.cn/b2b/main/viewNoticeContent.html?noticeBean.id=618191,2019-12-05
江苏移动,中国移动江苏公司溧水13综合业务区机房购置项目_采购变更公告(1),https://b2b.10086.cn/b2b/main/viewNoticeContent.html?noticeBean.id=618194,2019-12-05
安徽移动,金寨县公安局一期平安城市监控点位运行维护采购项目_询价公告,https://b2b.10086.cn/b2b/main/viewNoticeContent.html?noticeBean.id=618203,2019-12-05
江苏移动,中国移动江苏公司关于泰兴碧云广场综合业务接入区汇聚机房采购方案的请示项目_采购变更公告(1),https://b2b.10086.cn/b2b/main/viewNoticeContent.html?noticeBean.id=618215,2019-12-05
江苏移动,中国移动江苏公司关于高港水岸帝景综合业务接入区汇聚机房采购方案的请示项目_采购变更公告(1),https://b2b.10086.cn/b2b/main/viewNoticeContent.html?noticeBean.id=618217,2019-12-05
江苏移动,中国移动江苏公司关于泰州分公司海陵吴洲南路综合业务接入区汇聚机房采购方案的请示项目_采购变更公告(1),https://b2b.10086.cn/b2b/main/viewNoticeContent.html?noticeBean.id=618220,2019-12-05
终端公司,云南分公司2020年双域软件系统采购项目_询价公告,https://b2b.10086.cn/b2b/main/viewNoticeContent.html?noticeBean.id=618228,2019-12-05
终端公司,云南分公司开展“创客”顺差让利行销业务项目_比选公告,https://b2b.10086.cn/b2b/main/viewNoticeContent.html?noticeBean.id=618231,2019-12-05
上海移动,中国移动上海公司2019年业务私有云扩容优化工程主体设备采购（集成服务）_比选公告,https://b2b.10086.cn/b2b/main/viewNoticeContent.html?noticeBean.id=618251,2019-12-05
