采购单位,标题,链接,发标日期
浙江移动,中国移动台州分公司2019-2020年室分标签标牌采购项目_比选公告,https://b2b.10086.cn/b2b/main/viewNoticeContent.html?noticeBean.id=578916,2019-07-16
吉林移动,中国移动吉林公司辽源分公司2019年市场营销活动落地执行公开比选项目_比选公告,https://b2b.10086.cn/b2b/main/viewNoticeContent.html?noticeBean.id=578937,2019-07-16
西藏移动,中国移动西藏公司山南分公司行业信息化产品推荐会项目_比选公告,https://b2b.10086.cn/b2b/main/viewNoticeContent.html?noticeBean.id=578957,2019-07-16
广东移动,中国移动广东公司中国移动广东公司2019年办公场所信息化建设公开招标项目（第一批）_招标公告,https://b2b.10086.cn/b2b/main/viewNoticeContent.html?noticeBean.id=578974,2019-07-16
信安中心,第三方现场安全评测及重大活动保障支撑服务（2019年）项目_比选公告,https://b2b.10086.cn/b2b/main/viewNoticeContent.html?noticeBean.id=578994,2019-07-16
研究院,中国移动研究院2019年至2021年（两年期）第三方机构测试合作采购_比选公告,https://b2b.10086.cn/b2b/main/viewNoticeContent.html?noticeBean.id=579015,2019-07-16
研究院,中国移动研究院2019年至2021年（两年期）第三方机构测试合作采购项目（第九标包：无人机）_询价公告,https://b2b.10086.cn/b2b/main/viewNoticeContent.html?noticeBean.id=579016,2019-07-16
总部,中国移动技术能力对标体系研究项目采购_比选公告,https://b2b.10086.cn/b2b/main/viewNoticeContent.html?noticeBean.id=579019,2019-07-16
总部,中国移动自主度评估标准及管理体系研究项目采购_比选公告,https://b2b.10086.cn/b2b/main/viewNoticeContent.html?noticeBean.id=579020,2019-07-16
黑龙江移动,黑龙江移动2019年网络管理部两部委安全考核检测服务采购项目_比选公告,https://b2b.10086.cn/b2b/main/viewNoticeContent.html?noticeBean.id=579028,2019-07-16
陕西移动,2019年家庭宽带三方网元租赁项目_比选公告,https://b2b.10086.cn/b2b/main/viewNoticeContent.html?noticeBean.id=579029,2019-07-16
重庆移动,2019 年魔百和（电视业务）内容运营支撑服务_比选公告,https://b2b.10086.cn/b2b/main/viewNoticeContent.html?noticeBean.id=579032,2019-07-16
浙江移动,中国移动浙江公司2019-2020年度云平台一线基础维护等3项专业维护技术支持服务项目_比选公告,https://b2b.10086.cn/b2b/main/viewNoticeContent.html?noticeBean.id=579035,2019-07-16
浙江移动,中国移动湖州分公司2019年重要局房远程环境管理平台优化服务项目_比选公告,https://b2b.10086.cn/b2b/main/viewNoticeContent.html?noticeBean.id=579052,2019-07-16
浙江移动,中国移动浙江公司2019-2020年度大视频手机APP客户端与服务端研究和开发服务项目_比选公告,https://b2b.10086.cn/b2b/main/viewNoticeContent.html?noticeBean.id=579054,2019-07-16
