采购单位,标题,链接,发标日期
陕西移动,南郑强国村等5处宽带网元租赁项目_比选公告,https://b2b.10086.cn/b2b/main/viewNoticeContent.html?noticeBean.id=534659,2019-01-16
重庆移动,2019年奉节分公司集团客户手机维修服务项目_比选公告,https://b2b.10086.cn/b2b/main/viewNoticeContent.html?noticeBean.id=534664,2019-01-16
广东移动,中国移动广东公司2019年度汕头数据中心一期二阶段通信机楼综合配套可研公开比选项目（汕头）_比选公告,https://b2b.10086.cn/b2b/main/viewNoticeContent.html?noticeBean.id=534665,2019-01-16
上海移动,中国移动上海公司2019年内容网络系统维护支撑服务_比选公告,https://b2b.10086.cn/b2b/main/viewNoticeContent.html?noticeBean.id=534683,2019-01-16
江苏移动,中国移动江苏公司关于滨湖金茂商校校园信息化项目项目_比选公告,https://b2b.10086.cn/b2b/main/viewNoticeContent.html?noticeBean.id=534699,2019-01-16
云南移动,中国移动云南公司保山分公司2018-2020年隆阳分公司自建数字家庭服务站房屋租赁项目_采购公告,https://b2b.10086.cn/b2b/main/viewNoticeContent.html?noticeBean.id=534711,2019-01-16
西藏移动,中国移动西藏公司聂拉木县、吉隆县国门视频监控系统及日喀则市公安局情报指挥中心大屏建设项目（代购代建）_比选公告,https://b2b.10086.cn/b2b/main/viewNoticeContent.html?noticeBean.id=534717,2019-01-16
咪咕公司,咪咕视讯2018年至2019年咪咕CDN应用性能监测项目_比选公告,https://b2b.10086.cn/b2b/main/viewNoticeContent.html?noticeBean.id=534757,2019-01-16
内蒙移动,中国移动内蒙古公司2019年积分运营支撑服务项目_招标公告,https://b2b.10086.cn/b2b/main/viewNoticeContent.html?noticeBean.id=534783,2019-01-16
新疆移动,中国移动新疆分公司2019-2020年新疆移动安全管控平台维保服务项目_比选公告,https://b2b.10086.cn/b2b/main/viewNoticeContent.html?noticeBean.id=534791,2019-01-16
上海移动,中国移动上海公司中国移动上海公司嘉定分公司公安警务通讯服务（二期）系统集成项_比选公告,https://b2b.10086.cn/b2b/main/viewNoticeContent.html?noticeBean.id=534796,2019-01-16
咪咕公司,咪咕视讯互联网电视业务平台六期工程二阶段互联网电视中心平台六期单项工程质量管理域系统软件_招标公告,https://b2b.10086.cn/b2b/main/viewNoticeContent.html?noticeBean.id=534799,2019-01-16
咪咕公司,咪咕视讯互联网电视业务平台六期工程二阶段互联网电视中心平台六期单项工程终端管理和终端域系统软件优化_招标公告,https://b2b.10086.cn/b2b/main/viewNoticeContent.html?noticeBean.id=534800,2019-01-16
吉林移动,中国移动吉林公司四平分公司2019年营业厅终端特许经营合作商引入公开比选项目_采购公告,https://b2b.10086.cn/b2b/main/viewNoticeContent.html?noticeBean.id=534803,2019-01-16
重庆移动,2019年城口分公司集团客户手机维修采购项目_比选公告,https://b2b.10086.cn/b2b/main/viewNoticeContent.html?noticeBean.id=534814,2019-01-16
广东移动,中国移动广东公司2019-2020年档案整理支撑公开比选项目_比选公告,https://b2b.10086.cn/b2b/main/viewNoticeContent.html?noticeBean.id=534815,2019-01-16
广东移动,中国移动广东公司2019年网管支撑域安全防护套装系统技术服务公开比选项目_比选公告,https://b2b.10086.cn/b2b/main/viewNoticeContent.html?noticeBean.id=534838,2019-01-16
广东移动,中国移动广东公司2019年信息机房运维服务公开比选项目_比选公告,https://b2b.10086.cn/b2b/main/viewNoticeContent.html?noticeBean.id=534848,2019-01-16
新疆移动,中国移动新疆分公司2018年-2019年塔城局用设备维护保养材料框架采购项目_询价公告,https://b2b.10086.cn/b2b/main/viewNoticeContent.html?noticeBean.id=534850,2019-01-16
福建移动,厦门移动2019年厦门兴才学院有线宽带核心设备采购项目_询价公告,https://b2b.10086.cn/b2b/main/viewNoticeContent.html?noticeBean.id=534852,2019-01-16
宁夏移动,中国移动宁夏公司西夏生产中心维护支撑用房电梯采购及安装工程采购项目_比选公告,https://b2b.10086.cn/b2b/main/viewNoticeContent.html?noticeBean.id=534881,2019-01-16
