采购单位,标题,链接,发标日期
北京移动,2019年租赁朝阳CY-Z042-Y03定福庄业务汇聚区机房_采购公告,https://b2b.10086.cn/b2b/main/viewNoticeContent.html?noticeBean.id=564963,2019-05-26
北京移动,2019租赁朝阳CY-Z009-Y03安贞业务汇聚区传输汇聚机房租赁项目_采购公告,https://b2b.10086.cn/b2b/main/viewNoticeContent.html?noticeBean.id=564964,2019-05-26
北京移动,2019年租赁朝阳CY-Z057-Y01垡头业务汇聚区机房_采购公告,https://b2b.10086.cn/b2b/main/viewNoticeContent.html?noticeBean.id=564973,2019-05-26
北京移动,2019租赁朝阳CY-Z017-Y04太阳宫凤凰城业务汇聚区机房项目_采购公告,https://b2b.10086.cn/b2b/main/viewNoticeContent.html?noticeBean.id=564974,2019-05-26
北京移动,2019年租赁朝阳CY-Z043-Y02管庄业务汇聚区机房项目_采购公告,https://b2b.10086.cn/b2b/main/viewNoticeContent.html?noticeBean.id=564975,2019-05-26
江苏移动,中国移动江苏公司中国移动（江苏南京）数据中心二期工程安全评价服务采购项目项目_询价公告,https://b2b.10086.cn/b2b/main/viewNoticeContent.html?noticeBean.id=564982,2019-05-27
江苏移动,中国移动江苏公司宿迁分公司2019年业务宣传物料采购项目_比选公告,https://b2b.10086.cn/b2b/main/viewNoticeContent.html?noticeBean.id=564986,2019-05-27
陕西移动,西安分公司物联网业务技术支撑服务项目_比选公告,https://b2b.10086.cn/b2b/main/viewNoticeContent.html?noticeBean.id=564991,2019-05-27
北京移动,中国移动北京公司2019年统一网站安全防护系统软件项目_比选公告,https://b2b.10086.cn/b2b/main/viewNoticeContent.html?noticeBean.id=564992,2019-05-27
