采购单位,标题,链接,发标日期
在线服务公司,中移在线服务有限公司福建分公司对外业务合作商招募_采购公告,https://b2b.10086.cn/b2b/main/viewNoticeContent.html?noticeBean.id=576088,2019-07-05
陕西移动,2019年全省百事易车主服务短信业务支撑项目_比选公告,https://b2b.10086.cn/b2b/main/viewNoticeContent.html?noticeBean.id=576103,2019-07-05
政企分公司,四川移动天府新区太平街道办事处综合信息化服务（中移全通）采购项目_比选公告,https://b2b.10086.cn/b2b/main/viewNoticeContent.html?noticeBean.id=576118,2019-07-05
移动学院,移动学院2019年饮用水水箱清洗维护采购项目_采购公告,https://b2b.10086.cn/b2b/main/viewNoticeContent.html?noticeBean.id=576122,2019-07-05
终端公司,中国移动通信集团终端有限公司甘肃分公司2019年-2022年驾驶业务外包采购_比选公告,https://b2b.10086.cn/b2b/main/viewNoticeContent.html?noticeBean.id=576128,2019-07-05
新疆移动,2019年省级基础电信企业互联网业务及APP安全漏洞检查渗透服务_比选公告,https://b2b.10086.cn/b2b/main/viewNoticeContent.html?noticeBean.id=576135,2019-07-05
贵州移动,中国移动通信集团贵州有限公司2019年网络部互联网感知分析优化支撑服务项目（网管）_比选公告,https://b2b.10086.cn/b2b/main/viewNoticeContent.html?noticeBean.id=576137,2019-07-05
山西移动,中国移动山西公司2019-2020年临汾分公司临汾市三通两平台维护服务采购项目_比选公告,https://b2b.10086.cn/b2b/main/viewNoticeContent.html?noticeBean.id=576148,2019-07-05
新疆移动,中国移动（新疆）数据中心机电工程昌吉1.2期和克拉玛依1.3期监理服务采购招标_采购变更公告(1),https://b2b.10086.cn/b2b/main/viewNoticeContent.html?noticeBean.id=576156,2019-07-05
西藏移动,中国移动西藏公司2019年原天上西藏支撑地市公司ICT项目研发与运维项目_比选公告,https://b2b.10086.cn/b2b/main/viewNoticeContent.html?noticeBean.id=576158,2019-07-05
西藏移动,中国移动通信集团西藏有限公司山南分公司2019年业务用品需求项目_比选公告,https://b2b.10086.cn/b2b/main/viewNoticeContent.html?noticeBean.id=576159,2019-07-05
江苏移动,中国移动江苏公司镇江移动公司物联网产业大厦新业务体验厅项目_比选公告,https://b2b.10086.cn/b2b/main/viewNoticeContent.html?noticeBean.id=576192,2019-07-05
江苏移动,中国移动江苏公司苏州分公司零星宣传活动（户外营销执行）项目项目_比选公告,https://b2b.10086.cn/b2b/main/viewNoticeContent.html?noticeBean.id=576207,2019-07-05
山西移动,中国移动山西公司2019年-2020年省公司市场经营部RF-USIM卡的采购项目_询价公告,https://b2b.10086.cn/b2b/main/viewNoticeContent.html?noticeBean.id=576222,2019-07-05
安徽移动,铜陵市文化旅游综合执法支队合作移动执法平台项目_采购公告,https://b2b.10086.cn/b2b/main/viewNoticeContent.html?noticeBean.id=576225,2019-07-05
陕西移动,西咸分公司公众客户运营中心办公用房租赁项目采购申请_比选公告,https://b2b.10086.cn/b2b/main/viewNoticeContent.html?noticeBean.id=576229,2019-07-05
在线服务公司,中移在线云南分公司客服呼入业务众包服务项目_比选公告,https://b2b.10086.cn/b2b/main/viewNoticeContent.html?noticeBean.id=576237,2019-07-05
浙江移动,中国移动杭州分公司工程建设用5G标签标牌产品采购项目_比选公告,https://b2b.10086.cn/b2b/main/viewNoticeContent.html?noticeBean.id=576241,2019-07-05
浙江移动,中国移动浙江公司2019-2020年10KV直转336V高压直流系统集中采购项目_招标公告,https://b2b.10086.cn/b2b/main/viewNoticeContent.html?noticeBean.id=576243,2019-07-05
浙江移动,中国移动浙江公司2019-2020年新型空调末端系统集成配套总承包施工服务采购项目_招标公告,https://b2b.10086.cn/b2b/main/viewNoticeContent.html?noticeBean.id=576244,2019-07-05
