采购单位,标题,链接,发标日期
山东移动,山东移动2019年菏泽分公司鑫鼎销售财务及管理平台采购项目_比选公告,https://b2b.10086.cn/b2b/main/viewNoticeContent.html?noticeBean.id=626395,2019-12-27
陕西移动,平利县正阳镇周家坪村等17个宽带网元租赁项目_比选公告,https://b2b.10086.cn/b2b/main/viewNoticeContent.html?noticeBean.id=626445,2019-12-27
陕西移动,岚皋县南宫山镇红日村安置小区等27个宽带网络资源租赁_比选公告,https://b2b.10086.cn/b2b/main/viewNoticeContent.html?noticeBean.id=626446,2019-12-27
政企分公司,湖北省京山市仁和医院云备份开发服务（中移全通）采购项目_比选公告,https://b2b.10086.cn/b2b/main/viewNoticeContent.html?noticeBean.id=626455,2019-12-27
安徽移动,安徽移动携号转网支撑系统改造工程消磁机设备采购项目_询价公告,https://b2b.10086.cn/b2b/main/viewNoticeContent.html?noticeBean.id=626462,2019-12-27
新疆移动,喀什分公司2019年监控系统设备的采购_比选公告,https://b2b.10086.cn/b2b/main/viewNoticeContent.html?noticeBean.id=626479,2019-12-27
内蒙移动,中国移动内蒙古公司呼和浩特分公司2019年工程建设部农村家庭宽带租赁项目（第四批）_招标公告,https://b2b.10086.cn/b2b/main/viewNoticeContent.html?noticeBean.id=626483,2019-12-27
陕西移动,新准则下2020年资源管控数据支撑服务项目_比选公告,https://b2b.10086.cn/b2b/main/viewNoticeContent.html?noticeBean.id=626485,2019-12-27
陕西移动,陕西移动2019年西安公司蓄电池在线监测及自动维护系统服务项目_比选公告,https://b2b.10086.cn/b2b/main/viewNoticeContent.html?noticeBean.id=626522,2019-12-27
政企分公司,新疆2019年和田分公司和田地区社会资源监控共享平台（一期）（中移全通）采购项目_比选公告,https://b2b.10086.cn/b2b/main/viewNoticeContent.html?noticeBean.id=626536,2019-12-27
浙江移动,中国移动绍兴分公司4G无线路由器项目_询价公告,https://b2b.10086.cn/b2b/main/viewNoticeContent.html?noticeBean.id=626539,2019-12-27
广东移动,中国移动广东公司2020年信息系统服务台运营支撑服务公开比选项目_比选公告,https://b2b.10086.cn/b2b/main/viewNoticeContent.html?noticeBean.id=626558,2019-12-27
安徽移动,安徽移动2020-2021年度政企客户部网站备案支撑服务采购项目_询价公告,https://b2b.10086.cn/b2b/main/viewNoticeContent.html?noticeBean.id=626559,2019-12-27
