采购单位,标题,链接,发标日期
江苏移动,中国移动江苏公司2020-2021年镇江分公司业务宣传物料项目项目_比选采购_变更公告_(1),https://b2b.10086.cn/b2b/main/viewNoticeContent.html?noticeBean.id=623679,2019-12-20
四川移动,中国移动四川公司2020-2021年业务支撑系统安全运维技术支持服务项目_比选公告,https://b2b.10086.cn/b2b/main/viewNoticeContent.html?noticeBean.id=623692,2019-12-20
甘肃移动,中国移动甘肃公司2019年家宽装维流程及业务质量穿测提升服务项目_比选公告,https://b2b.10086.cn/b2b/main/viewNoticeContent.html?noticeBean.id=623696,2019-12-20
山东移动,山东移动2019年潍坊分公司潍城区宣传部民声热线平台采购项目_招标公告,https://b2b.10086.cn/b2b/main/viewNoticeContent.html?noticeBean.id=623730,2019-12-20
铁通公司,中移铁通有限公司四川（含西藏）分公司2020年-2021年维护、销售业务劳务分包采购项目_比选公告,https://b2b.10086.cn/b2b/main/viewNoticeContent.html?noticeBean.id=623734,2019-12-20
在线服务公司,在线服务公司数字服务园区分公司（洛阳）老园区空调设备维护保养服务项目_比选公告,https://b2b.10086.cn/b2b/main/viewNoticeContent.html?noticeBean.id=623739,2019-12-20
安徽移动,淮北公司市场部淮海路营业厅5G体验区用华为CPE采购项目_采购公告,https://b2b.10086.cn/b2b/main/viewNoticeContent.html?noticeBean.id=623754,2019-12-20
云南移动,中国移动云南公司昆明分公司市场经营部报废营销印刷品销毁服务招选项目_采购公告,https://b2b.10086.cn/b2b/main/viewNoticeContent.html?noticeBean.id=623763,2019-12-20
福建移动,南平移动2019-2020年政企行业信息化项目支撑服务_比选公告,https://b2b.10086.cn/b2b/main/viewNoticeContent.html?noticeBean.id=623767,2019-12-20
政企分公司,直播平台终端设备采购及集成服务（中移全通）采购项目_比选公告,https://b2b.10086.cn/b2b/main/viewNoticeContent.html?noticeBean.id=623769,2019-12-20
广西移动,中国移动广西公司柳州分公司广西建工建筑安装技工学校柳东新校区基础智能化系统采购项目（第二次）_比选公告,https://b2b.10086.cn/b2b/main/viewNoticeContent.html?noticeBean.id=623770,2019-12-20
广东移动,中国移动广东公司2019年网管支撑域安全建设项目全流量威胁感知平台公开比选项目_比选公告,https://b2b.10086.cn/b2b/main/viewNoticeContent.html?noticeBean.id=623776,2019-12-20
陕西移动,陕西移动2020-2021年西咸数据中心基础设施协维服务项目_比选公告,https://b2b.10086.cn/b2b/main/viewNoticeContent.html?noticeBean.id=623798,2019-12-20
广东移动,中国移动广东公司2020年业务稽核支撑服务公开比选项目_比选公告,https://b2b.10086.cn/b2b/main/viewNoticeContent.html?noticeBean.id=623804,2019-12-20
重庆移动,2020年西南大区物流基地卸货平台和提升门维修及保养_比选公告,https://b2b.10086.cn/b2b/main/viewNoticeContent.html?noticeBean.id=623805,2019-12-20
杭州研发中心,中移（杭州）信息技术有限公司2019年5G+VR内容运营产品合作伙伴招募公告,https://b2b.10086.cn/b2b/main/viewNoticeContent.html?noticeBean.id=623813,2019-12-20
天津移动,中国移动天津公司2019年数据部华为TC5200路由器采购_询价公告,https://b2b.10086.cn/b2b/main/viewNoticeContent.html?noticeBean.id=623814,2019-12-20
重庆移动,2019年NG3-BOSS4.0项目结算数据库一体机采购_招标公告,https://b2b.10086.cn/b2b/main/viewNoticeContent.html?noticeBean.id=623824,2019-12-20
广东移动,中国移动广东公司2020年业支侧一线响应综合支撑服务（标段三）公开比选项目_比选公告,https://b2b.10086.cn/b2b/main/viewNoticeContent.html?noticeBean.id=623828,2019-12-20
在线服务公司,在线服务公司黑龙江分公司2020-2022年线上渠道运营支撑项目_比选公告,https://b2b.10086.cn/b2b/main/viewNoticeContent.html?noticeBean.id=623830,2019-12-20
江苏移动,中国移动江苏公司2020-2021年全省人事档案管理服务项目项目_比选公告,https://b2b.10086.cn/b2b/main/viewNoticeContent.html?noticeBean.id=623872,2019-12-20
山东移动,山东移动2019年济南分公司智慧校园信息化系统采购项目_招标公告,https://b2b.10086.cn/b2b/main/viewNoticeContent.html?noticeBean.id=623875,2019-12-20
黑龙江移动,黑龙江移动网络管理部1588V2时间分析仪项目_比选公告,https://b2b.10086.cn/b2b/main/viewNoticeContent.html?noticeBean.id=623880,2019-12-20
总部,中国移动2020年至2022年总部大楼中央空调、新风系统清洗服务采购项目_比选公告,https://b2b.10086.cn/b2b/main/viewNoticeContent.html?noticeBean.id=623886,2019-12-20
江苏移动,中国移动江苏公司2020-2023年中国移动（苏州）云计算中心110KV变电站高低压维护服务项目_比选公告,https://b2b.10086.cn/b2b/main/viewNoticeContent.html?noticeBean.id=623902,2019-12-20
政企分公司,云南省戒毒管理局购置强戒系统移动警务执法管理项目移动服务系统（中移全通）采购项目_比选公告,https://b2b.10086.cn/b2b/main/viewNoticeContent.html?noticeBean.id=623908,2019-12-20
政企分公司,云南省戒毒管理局购置强戒系统移动警务执法管理项目管理服务系统（中移全通）采购项目_比选公告,https://b2b.10086.cn/b2b/main/viewNoticeContent.html?noticeBean.id=623919,2019-12-20
