采购单位,标题,链接,发标日期
浙江移动,中国移动浙江公司2019-2020年度亚运会涉税支撑服务项目_比选公告,https://b2b.10086.cn/b2b/main/viewNoticeContent.html?noticeBean.id=594247,2019-09-09
江苏移动,中国移动江苏公司2019-2020年苏州分公司集团客户服务支撑项目项目_比选公告,https://b2b.10086.cn/b2b/main/viewNoticeContent.html?noticeBean.id=594287,2019-09-09
上海移动,中国移动上海公司临港IDC研发与产业化基地二期土建工程质量检测服务_比选公告,https://b2b.10086.cn/b2b/main/viewNoticeContent.html?noticeBean.id=594302,2019-09-09
上海移动,中国移动上海公司临港IDC研发与产业化基地二期土建工程基础施工基坑围护及周边环境监测服务_比选公告,https://b2b.10086.cn/b2b/main/viewNoticeContent.html?noticeBean.id=594303,2019-09-09
政企分公司,广西玉柴国六装配线（三工段、小批试制）设备联网与数据采集监控平台项目-硬件部分（中移全通）采购项目_比选公告,https://b2b.10086.cn/b2b/main/viewNoticeContent.html?noticeBean.id=594319,2019-09-09
北京移动,中国移动北京公司营销宣传活动支撑服务采购项目_比选公告,https://b2b.10086.cn/b2b/main/viewNoticeContent.html?noticeBean.id=594325,2019-09-09
辽宁移动,中国移动辽宁公司2019年云平台网络质量监测系统项目_比选公告,https://b2b.10086.cn/b2b/main/viewNoticeContent.html?noticeBean.id=594327,2019-09-09
辽宁移动,中国移动辽宁公司2019年网络与信息安全系统评测服务项目（三次）_比选公告,https://b2b.10086.cn/b2b/main/viewNoticeContent.html?noticeBean.id=594338,2019-09-09
广东移动,中国移动广东公司2019-2020年移动云营销平台公众号运营服务公开比选项目_比选公告,https://b2b.10086.cn/b2b/main/viewNoticeContent.html?noticeBean.id=594347,2019-09-09
广东移动,中国移动广东公司2019年营销工具平台软件开发公开招标项目_招标公告,https://b2b.10086.cn/b2b/main/viewNoticeContent.html?noticeBean.id=594348,2019-09-09
广东移动,中国移动广东公司2019年数据与产品研发中心智慧医疗云平台建设公开招标项目_招标公告,https://b2b.10086.cn/b2b/main/viewNoticeContent.html?noticeBean.id=594350,2019-09-09
咪咕公司,咪咕数媒2020-2021年数据应用支撑项目_比选公告,https://b2b.10086.cn/b2b/main/viewNoticeContent.html?noticeBean.id=594363,2019-09-09
新疆移动,中国移动新疆分公司昌吉数据中心110kV变电站电气工程设计采购_比选公告,https://b2b.10086.cn/b2b/main/viewNoticeContent.html?noticeBean.id=594376,2019-09-09
新疆移动,中国移动新疆分公司2019年昌吉州本地传送网系统扩容工程汇聚机房配套工程交流引入和地网改造项目_比选公告,https://b2b.10086.cn/b2b/main/viewNoticeContent.html?noticeBean.id=594378,2019-09-09
甘肃移动,中国移动甘肃公司2019年私有云业支资源池五期扩容工程云管理平台软件采购项目_招标公告,https://b2b.10086.cn/b2b/main/viewNoticeContent.html?noticeBean.id=594387,2019-09-09
山东移动,山东移动2019年临沂分公司蒙阴县交通运输局公路不停车系统采购项目_比选公告,https://b2b.10086.cn/b2b/main/viewNoticeContent.html?noticeBean.id=594391,2019-09-09
上海研究院,中移（上海）产业研究院中秋国庆双节慰问品_比选公告,https://b2b.10086.cn/b2b/main/viewNoticeContent.html?noticeBean.id=594416,2019-09-09
吉林移动,中国移动吉林公司2019年高新生产中心2号楼冷源系统扩容工程系统集成公开招标项目_招标公告,https://b2b.10086.cn/b2b/main/viewNoticeContent.html?noticeBean.id=594421,2019-09-09
信息技术公司,2019年大数据应用部大数据建模及市场调研咨询服务_比选公告,https://b2b.10086.cn/b2b/main/viewNoticeContent.html?noticeBean.id=594425,2019-09-09
安徽移动,安徽移动2019年淮南数据中心2号楼机房配套工程用制冷站电动阀门控制柜采购项目_询价公告,https://b2b.10086.cn/b2b/main/viewNoticeContent.html?noticeBean.id=594429,2019-09-09
陕西移动,2019-2020年度培训交付运维支撑服务项目_比选公告,https://b2b.10086.cn/b2b/main/viewNoticeContent.html?noticeBean.id=594432,2019-09-09
