采购单位,标题,链接,发标日期
福建移动,2019年智慧家庭守护助手系统平台开发研发项目_招标公告,https://b2b.10086.cn/b2b/main/viewNoticeContent.html?noticeBean.id=574538,2019-07-01
内蒙移动,2019年巴彦淖尔分公司磴口隆盛合镇民兴村等5个村社宽带三方合作事项_采购变更公告(1),https://b2b.10086.cn/b2b/main/viewNoticeContent.html?noticeBean.id=574540,2019-07-01
湖南移动,湖南移动网络安全日常支撑服务项目_比选公告,https://b2b.10086.cn/b2b/main/viewNoticeContent.html?noticeBean.id=574541,2019-07-01
黑龙江移动,黑龙江移动双鸭山分公司2019年集团客户部信息化交流服务采购项目_询价公告,https://b2b.10086.cn/b2b/main/viewNoticeContent.html?noticeBean.id=574567,2019-07-01
山西移动,中国移动山西公司2019年省公司信息技术部并发文件系统及TAM产品套件维护服务的采购项目_比选公告,https://b2b.10086.cn/b2b/main/viewNoticeContent.html?noticeBean.id=574574,2019-07-01
陕西移动,2019年商洛分公司秋季校园迎新营销活动场地租赁项目_采购公告,https://b2b.10086.cn/b2b/main/viewNoticeContent.html?noticeBean.id=574577,2019-07-01
四川移动,中国移动四川公司网管中心2019年-2020年互联网游戏加速优化支撑服务项目(第二次）_比选公告,https://b2b.10086.cn/b2b/main/viewNoticeContent.html?noticeBean.id=574580,2019-07-01
新疆移动,中国移动（新疆）数据中心机电工程昌吉1.2期和克拉玛依1.3期监理服务采购招标_采购公告,https://b2b.10086.cn/b2b/main/viewNoticeContent.html?noticeBean.id=574586,2019-07-01
湖南移动,湖南移动长沙分公司市场经营营销支撑项目_比选公告,https://b2b.10086.cn/b2b/main/viewNoticeContent.html?noticeBean.id=574591,2019-07-01
研究院,雄安产业研究院前沿创新互动体验类场景制作及支撑服务_比选公告,https://b2b.10086.cn/b2b/main/viewNoticeContent.html?noticeBean.id=574596,2019-07-01
福建移动,2019年福州移动本部及四个区营销中心公务用车定点洗车服务项目4_询价公告,https://b2b.10086.cn/b2b/main/viewNoticeContent.html?noticeBean.id=574626,2019-07-01
广西移动,中国移动广西公司柳州分公司三江县绩效办绩效考评系统平台采购项目_比选公告,https://b2b.10086.cn/b2b/main/viewNoticeContent.html?noticeBean.id=574629,2019-07-01
广东移动,中国移动广东公司2019年整治骚扰电话专项服务支撑公开比选项目_比选公告,https://b2b.10086.cn/b2b/main/viewNoticeContent.html?noticeBean.id=574630,2019-07-01
河南移动,中国移动河南公司安阳分公司人脸识别平台项目租赁服务合作伙伴引入项目_采购公告,https://b2b.10086.cn/b2b/main/viewNoticeContent.html?noticeBean.id=574632,2019-07-01
湖北移动,国移动湖北公司武汉分公司江汉07A业务区普通传输汇聚机房购置项目公开竞争性谈判（第二次）_维护公告/公示,https://b2b.10086.cn/b2b/main/viewNoticeContent.html?noticeBean.id=574635,2019-07-01
陕西移动,2019年陕西高校新生市场调研项目_比选公告,https://b2b.10086.cn/b2b/main/viewNoticeContent.html?noticeBean.id=574639,2019-07-01
陕西移动,安康、铜川公司宽带售后相关业务外包项目_比选公告,https://b2b.10086.cn/b2b/main/viewNoticeContent.html?noticeBean.id=574641,2019-07-01
铁通公司,中移建设2019年ISO多体系及研发相关资质办理咨询服务项目_比选公告,https://b2b.10086.cn/b2b/main/viewNoticeContent.html?noticeBean.id=574642,2019-07-01
湖南移动,中国移动湖南公司邵阳分公司2019年存量流量经营辅助支撑项目_比选公告,https://b2b.10086.cn/b2b/main/viewNoticeContent.html?noticeBean.id=574650,2019-07-01
云南移动,中国移动云南公司楚雄分公司2019年集团客户服务项目_竞争性谈判采购公告,https://b2b.10086.cn/b2b/main/viewNoticeContent.html?noticeBean.id=574675,2019-07-01
政企分公司,四川省绵阳中心医院OA系统升级服务（中移全通）采购项目_比选公告,https://b2b.10086.cn/b2b/main/viewNoticeContent.html?noticeBean.id=574685,2019-07-01
杭州研发中心,中移（杭州）信息技术有限公司2019年度采购一批智能设备用于智能音箱联动控制研发和调试采购项目_采购公告,https://b2b.10086.cn/b2b/main/viewNoticeContent.html?noticeBean.id=574686,2019-07-01
