采购单位,标题,链接,发标日期
重庆移动,潼南分公司2019年集团VIP客户手机维修_比选公告,https://b2b.10086.cn/b2b/main/viewNoticeContent.html?noticeBean.id=540167,2019-02-14
贵州移动,2019年网络部IT基础资源综合运维技术支持服务项目_比选公告,https://b2b.10086.cn/b2b/main/viewNoticeContent.html?noticeBean.id=540174,2019-02-14
西藏移动,中国移动（西藏拉萨）数据中心土建一期地基检测单位项目_比选公告,https://b2b.10086.cn/b2b/main/viewNoticeContent.html?noticeBean.id=540187,2019-02-14
西藏移动,中国移动(西藏拉萨)数据中心土建一期项目(沉降观测)采购项目_比选公告,https://b2b.10086.cn/b2b/main/viewNoticeContent.html?noticeBean.id=540188,2019-02-14
政企分公司,安徽合肥长丰县左店乡政府国土卫士监控中心系统智能化工程等（中移全通）采购项目_比选公告,https://b2b.10086.cn/b2b/main/viewNoticeContent.html?noticeBean.id=540189,2019-02-14
铁通公司,中移建设有限公司江苏分公司靖江市职业高级中学智能化项目_比选公告,https://b2b.10086.cn/b2b/main/viewNoticeContent.html?noticeBean.id=540194,2019-02-14
终端公司,中国移动通信集团终端有限公司云南分公司华为Mate 10 pro (6G+128G) 全网通双系统司法版公开询价项目_询价公告,https://b2b.10086.cn/b2b/main/viewNoticeContent.html?noticeBean.id=540208,2019-02-14
江西移动,江西移动2019-2020年铁路专网4G扩容工程红线内设计服务采购项目_招标公告,https://b2b.10086.cn/b2b/main/viewNoticeContent.html?noticeBean.id=540221,2019-02-14
北京移动,中国移动北京公司2019年数字内容咨询项目_比选公告,https://b2b.10086.cn/b2b/main/viewNoticeContent.html?noticeBean.id=540222,2019-02-14
湖北移动,中国移动湖北公司2019年BOSS系统加密机设备采购_比选公告,https://b2b.10086.cn/b2b/main/viewNoticeContent.html?noticeBean.id=540224,2019-02-14
青海移动,2019年宽带网络支撑（二线专席）技术支持服务采购需求_比选公告,https://b2b.10086.cn/b2b/main/viewNoticeContent.html?noticeBean.id=540241,2019-02-14
安徽移动,阜阳移动公司2019-2020年度集团产品业务协议采购_询价公告,https://b2b.10086.cn/b2b/main/viewNoticeContent.html?noticeBean.id=540243,2019-02-14
安徽移动,2018年淮南移动2G、4G单纤光模块采购项目_询价公告,https://b2b.10086.cn/b2b/main/viewNoticeContent.html?noticeBean.id=540246,2019-02-14
江苏移动,中国移动江苏公司连云港分公司2019-2020年生产经营用车临时租赁车辆租赁服务 项目_比选公告,https://b2b.10086.cn/b2b/main/viewNoticeContent.html?noticeBean.id=540255,2019-02-14
福建移动,中国移动福建公司2019-2020年全省法律顾问咨询服务（包2）集中采购公开比选项目_比选公告,https://b2b.10086.cn/b2b/main/viewNoticeContent.html?noticeBean.id=540262,2019-02-14
甘肃移动,中国移动甘肃公司2018年智能家居自助体验系统工程软件开发采购项目_比选公告,https://b2b.10086.cn/b2b/main/viewNoticeContent.html?noticeBean.id=540269,2019-02-14
上海移动,中国移动上海公司2019-2020年客户投诉处理与满意度提升技术服务框架_询价公告,https://b2b.10086.cn/b2b/main/viewNoticeContent.html?noticeBean.id=540271,2019-02-14
上海移动,中国移动上海公司2019-21年二三维地图数据更新维护服务框架_询价公告,https://b2b.10086.cn/b2b/main/viewNoticeContent.html?noticeBean.id=540272,2019-02-14
上海移动,中国移动上海公司2019-20年经分KPI体系等系统应用优化服务框架_询价公告,https://b2b.10086.cn/b2b/main/viewNoticeContent.html?noticeBean.id=540273,2019-02-14
杭州研发中心,中移（杭州）信息技术有限公司2019年能力开放平台线上线下推广采购项目_比选公告,https://b2b.10086.cn/b2b/main/viewNoticeContent.html?noticeBean.id=540275,2019-02-14
江苏移动,中国移动江苏公司连云港分公司2019-2020年生产经营用车长期租赁车辆租赁服务项目_比选公告,https://b2b.10086.cn/b2b/main/viewNoticeContent.html?noticeBean.id=540286,2019-02-14
广东移动,中国移动广东公司2018年网管支撑域安全建设项目（无优负责部分）基础安全防护手段优化软件开发公开招标项目_招标公告,https://b2b.10086.cn/b2b/main/viewNoticeContent.html?noticeBean.id=540294,2019-02-14
云南移动,中国移动云南公司西双版纳分公司2019-2020年房屋、水、电、门窗维护项目_招标公告,https://b2b.10086.cn/b2b/main/viewNoticeContent.html?noticeBean.id=540304,2019-02-14
