采购单位,标题,链接,发标日期
互联网公司,中移互联网有限公司2019-2020年技术支撑资源池公开比选项目_比选公告,https://b2b.10086.cn/b2b/main/viewNoticeContent.html?noticeBean.id=577296,2019-07-10
安徽移动,马鞍山移动2019年秋季校园营销宣传帐篷、桌椅采购项目_询价公告,https://b2b.10086.cn/b2b/main/viewNoticeContent.html?noticeBean.id=577299,2019-07-10
咪咕公司,2019年咪咕国际频道运营支撑项目_比选公告,https://b2b.10086.cn/b2b/main/viewNoticeContent.html?noticeBean.id=577305,2019-07-10
铁通公司,中移铁通有限公司江苏分公司2019-2021年度维护、销售劳务分包采购项目_比选公告,https://b2b.10086.cn/b2b/main/viewNoticeContent.html?noticeBean.id=577309,2019-07-10
北京移动,中国移动北京公司北京经济技术开发区视频联网服务项目_比选公告,https://b2b.10086.cn/b2b/main/viewNoticeContent.html?noticeBean.id=577310,2019-07-10
江苏移动,中国移动江苏公司2019年市场营销物料项目采购项目_比选公告,https://b2b.10086.cn/b2b/main/viewNoticeContent.html?noticeBean.id=577311,2019-07-10
广东移动,中国移动广东公司2019年中国移动（广东汕头）数据中心一期二阶段外电引入项目施工服务公开招标项目（汕头）_招标公告,https://b2b.10086.cn/b2b/main/viewNoticeContent.html?noticeBean.id=577323,2019-07-10
山西移动,中国移动山西公司2019年信息安全中心两部委考核“新技术新业务安全评估”信息安全管理服务采购项目_比选采购_变更公告_(1),https://b2b.10086.cn/b2b/main/viewNoticeContent.html?noticeBean.id=577325,2019-07-10
政企分公司,201906湖北武汉XJ0002项目监控系统设备（中移全通）采购项目_采购公告,https://b2b.10086.cn/b2b/main/viewNoticeContent.html?noticeBean.id=577334,2019-07-10
山东移动,山东移动菏泽分公司2019年美菲服饰智能生产管理平台采购项目_采购变更公告(1),https://b2b.10086.cn/b2b/main/viewNoticeContent.html?noticeBean.id=577344,2019-07-10
福建移动,2019年福州移动线上号卡“及时送”系统支撑服务采购项目_比选公告,https://b2b.10086.cn/b2b/main/viewNoticeContent.html?noticeBean.id=577345,2019-07-10
新疆移动,2019年IP地址管理系统建设工程采购申请_招标公告,https://b2b.10086.cn/b2b/main/viewNoticeContent.html?noticeBean.id=577348,2019-07-10
铁通公司,中移铁通湖南分公司2019年智能线缆捆扎机采购项目_比选公告,https://b2b.10086.cn/b2b/main/viewNoticeContent.html?noticeBean.id=577350,2019-07-10
政企分公司,四川省绵阳中心医院OA系统升级服务（中移全通）采购项目_比选公告,https://b2b.10086.cn/b2b/main/viewNoticeContent.html?noticeBean.id=577354,2019-07-10
四川移动,中国移动四川公司2019年网络优化中心管理信息系统办公计算机终端及外围设备现场技术支持服务项目_比选公告,https://b2b.10086.cn/b2b/main/viewNoticeContent.html?noticeBean.id=577357,2019-07-10
辽宁移动,中国移动辽宁公司锦州分公司2019-2021年两年电梯维护保养服务采购项目_询价公告,https://b2b.10086.cn/b2b/main/viewNoticeContent.html?noticeBean.id=577361,2019-07-10
甘肃移动,中国移动甘肃公司兰州分公司2019年高校秋季营销帐篷采购项目_比选公告,https://b2b.10086.cn/b2b/main/viewNoticeContent.html?noticeBean.id=577371,2019-07-10
甘肃移动,中国移动甘肃公司平凉分公司2018年静宁县食品药品监督管理局信息化监管系统项目_比选公告,https://b2b.10086.cn/b2b/main/viewNoticeContent.html?noticeBean.id=577378,2019-07-10
上海移动,中国移动上海公司2019年行业云扩容工程-桌面云服务平台软件_询价公告,https://b2b.10086.cn/b2b/main/viewNoticeContent.html?noticeBean.id=577379,2019-07-10
甘肃移动,中国移动甘肃公司2018年平凉市崇信县第一小学安防监控及报警系统采购项目_比选公告,https://b2b.10086.cn/b2b/main/viewNoticeContent.html?noticeBean.id=577397,2019-07-10
上海移动,中国移动上海公司普陀区政务云建设工程主设备采购（管理防火墙、边界防火墙、流量管理系统）_询价公告,https://b2b.10086.cn/b2b/main/viewNoticeContent.html?noticeBean.id=577411,2019-07-10
黑龙江移动,黑龙江移动2019年传送网烽火备件管理服务项目_比选公告,https://b2b.10086.cn/b2b/main/viewNoticeContent.html?noticeBean.id=577412,2019-07-10
广东移动,中国移动广东公司2019年企管提效综合支撑公开比选项目_比选公告,https://b2b.10086.cn/b2b/main/viewNoticeContent.html?noticeBean.id=577422,2019-07-10
