采购单位,标题,链接,发标日期
浙江移动,中国移动浙江公司2019年度地市国际流量专项优化服务采购项目_比选公告,https://b2b.10086.cn/b2b/main/viewNoticeContent.html?noticeBean.id=593102,2019-09-04
政企分公司,陕西商洛市洛南县音乐小镇信息化硬件部分（中移全通）采购项目_比选公告,https://b2b.10086.cn/b2b/main/viewNoticeContent.html?noticeBean.id=593104,2019-09-04
上海移动,中国移动上海公司租赁市场经营部办公用房（2019年起）_采购变更公告(1),https://b2b.10086.cn/b2b/main/viewNoticeContent.html?noticeBean.id=593110,2019-09-04
政企分公司,中国移动河北网厅第三方维护服务（中移全通）采购项目_比选公告,https://b2b.10086.cn/b2b/main/viewNoticeContent.html?noticeBean.id=593125,2019-09-04
互联网公司,中移互联网有限公司2019年云化基础设施七期工程（一阶段）私有云扩容等项目思科数据中心交换机公开询价项目_询价公告,https://b2b.10086.cn/b2b/main/viewNoticeContent.html?noticeBean.id=593127,2019-09-04
咪咕公司,2019-2021年视频会议室开发技术支撑项目_比选公告,https://b2b.10086.cn/b2b/main/viewNoticeContent.html?noticeBean.id=593131,2019-09-04
铁通公司,中移铁通信息化系统风险评估项目_比选公告,https://b2b.10086.cn/b2b/main/viewNoticeContent.html?noticeBean.id=593142,2019-09-04
江苏移动,中国移动江苏公司网络安全十四期扩容互联网新技术新业务安全评估管理系统采购项目_比选公告,https://b2b.10086.cn/b2b/main/viewNoticeContent.html?noticeBean.id=593150,2019-09-04
咪咕公司,咪咕音乐全国视频彩铃网关工程-31省彩铃网关定制开发软件及联调集成项目-标包2_招标公告,https://b2b.10086.cn/b2b/main/viewNoticeContent.html?noticeBean.id=593183,2019-09-04
咪咕公司,咪咕音乐全国视频彩铃网关工程-31省彩铃网关定制开发软件及联调集成项目-标包4_招标公告,https://b2b.10086.cn/b2b/main/viewNoticeContent.html?noticeBean.id=593184,2019-09-04
重庆移动,全市日常办公窗帘新增及维修维护项目_比选公告,https://b2b.10086.cn/b2b/main/viewNoticeContent.html?noticeBean.id=593190,2019-09-04
咪咕公司,咪咕音乐全国视频彩铃网关工程-31省彩铃网关定制开发软件及联调集成项目-标包3_招标公告,https://b2b.10086.cn/b2b/main/viewNoticeContent.html?noticeBean.id=593198,2019-09-04
天津移动,中国移动天津公司2019-2020年110报警系统综合维修服务采购项目_比选公告,https://b2b.10086.cn/b2b/main/viewNoticeContent.html?noticeBean.id=593202,2019-09-04
铁通公司,中移建设四川工程分公司2019-2021年维护劳务分包采购项目_比选公告,https://b2b.10086.cn/b2b/main/viewNoticeContent.html?noticeBean.id=593203,2019-09-04
湖北移动,中国移动湖北公司襄阳分公司2019年高压变配电系统维护技术服务项目_比选公告,https://b2b.10086.cn/b2b/main/viewNoticeContent.html?noticeBean.id=593207,2019-09-04
政企分公司,中移智行5G智能网联自动驾驶技术服务（第二期）公开比选项目_比选公告,https://b2b.10086.cn/b2b/main/viewNoticeContent.html?noticeBean.id=593230,2019-09-04
湖北移动,中国移动湖北公司武汉分公司东新03B业务区普通传输汇聚机房购置项目_采购公告,https://b2b.10086.cn/b2b/main/viewNoticeContent.html?noticeBean.id=593237,2019-09-04
