采购单位,标题,链接,发标日期
安徽移动,六安市区和直播业务现场支撑服务采购项目（小额采购）_采购公告,https://b2b.10086.cn/b2b/main/viewNoticeContent.html?noticeBean.id=549641,2019-03-27
湖北移动,中国移动湖北公司2019年台账系统技术服务_比选公告,https://b2b.10086.cn/b2b/main/viewNoticeContent.html?noticeBean.id=549643,2019-03-27
内蒙移动,中国移动内蒙古公司呼和浩特分公司2019年客户响应中心办公场所、营业厅线路整治项目_比选公告,https://b2b.10086.cn/b2b/main/viewNoticeContent.html?noticeBean.id=549645,2019-03-27
苏州研发中心,苏州研发中心2019-2021年综合部摄影摄像服务采购项目_比选公告,https://b2b.10086.cn/b2b/main/viewNoticeContent.html?noticeBean.id=549647,2019-03-27
苏州研发中心,苏州研发中心2019-2020年劳保用品电商服务供应商采购项目_比选公告,https://b2b.10086.cn/b2b/main/viewNoticeContent.html?noticeBean.id=549648,2019-03-27
设计院,2019-2021年上海分院IT办公设备维保服务采购项目_比选公告,https://b2b.10086.cn/b2b/main/viewNoticeContent.html?noticeBean.id=549674,2019-03-27
北京移动,中国移动北京公司2018购买丰台区212-15业务区传输汇聚机房项目（领秀翡翠山）_采购公告,https://b2b.10086.cn/b2b/main/viewNoticeContent.html?noticeBean.id=549675,2019-03-27
北京移动,中国移动北京公司2018购置海淀112-4业务区传输汇聚机房项目_采购公告,https://b2b.10086.cn/b2b/main/viewNoticeContent.html?noticeBean.id=549677,2019-03-27
在线服务公司,中移在线广东分公司2019-2020年外拓产品客户交流活动支撑服务项目（第一批）_比选公告,https://b2b.10086.cn/b2b/main/viewNoticeContent.html?noticeBean.id=549698,2019-03-27
在线服务公司,中移在线浙江分公司2019-2020年外拓产品客户交流活动支撑服务项目_比选公告,https://b2b.10086.cn/b2b/main/viewNoticeContent.html?noticeBean.id=549699,2019-03-27
江苏移动,中国移动江苏公司连云港分公司2019年数据网及IDC协维服务项目_比选公告,https://b2b.10086.cn/b2b/main/viewNoticeContent.html?noticeBean.id=549703,2019-03-27
江西移动,赣南师范大学WIFI管理系统ICT工程上网行为管理设备采购项目_询价公告,https://b2b.10086.cn/b2b/main/viewNoticeContent.html?noticeBean.id=549705,2019-03-27
信息技术公司,中移信息技术有限公司2018年办公类软件产品采购项目_询价公告,https://b2b.10086.cn/b2b/main/viewNoticeContent.html?noticeBean.id=549710,2019-03-27
广西移动,区公司本部五楼大会议室装修改造工程建筑智能化施工采购项目_比选公告,https://b2b.10086.cn/b2b/main/viewNoticeContent.html?noticeBean.id=549718,2019-03-27
政企分公司,中移动金融科技有限公司新办公区信息化建设项目能力服务（中移全通）采购项目_比选公告,https://b2b.10086.cn/b2b/main/viewNoticeContent.html?noticeBean.id=549765,2019-03-27
广东移动,中国移动广东公司中国移动（广东湛江）数据中心一期二阶段机楼配套工程施工公开招标项目_招标公告,https://b2b.10086.cn/b2b/main/viewNoticeContent.html?noticeBean.id=549769,2019-03-27
浙江移动,中国移动湖州分公司2019年-2021年工程全程内控技术服务支撑项目_比选公告,https://b2b.10086.cn/b2b/main/viewNoticeContent.html?noticeBean.id=549777,2019-03-27
福建移动,2019-2020年IT系统平台协维服务_比选公告,https://b2b.10086.cn/b2b/main/viewNoticeContent.html?noticeBean.id=549790,2019-03-27
在线服务公司,中移在线经营管理一体化研发项目_招标公告,https://b2b.10086.cn/b2b/main/viewNoticeContent.html?noticeBean.id=549811,2019-03-27
