采购单位,标题,链接,发标日期
山东移动,山东移动2019年日照分公司香河街道办事处网格管理智能巡检系统采购项目_比选公告,https://b2b.10086.cn/b2b/main/viewNoticeContent.html?noticeBean.id=621739,2019-12-16
甘肃移动,中国移动甘肃公司兰州分公司2019年红古区第十八中学建设视频监控系统工程采购项目_比选公告,https://b2b.10086.cn/b2b/main/viewNoticeContent.html?noticeBean.id=621794,2019-12-16
陕西移动,2019年网优大数据平台维护及功能开发服务项目_比选公告,https://b2b.10086.cn/b2b/main/viewNoticeContent.html?noticeBean.id=621810,2019-12-16
江苏移动,中国移动江苏公司扬州分公司苏中楼网管大屏幕显示系统项目_比选公告,https://b2b.10086.cn/b2b/main/viewNoticeContent.html?noticeBean.id=621822,2019-12-16
陕西移动,岚皋县城关镇肖家坝国土局居民小区等20个宽带网元租赁项目_比选公告,https://b2b.10086.cn/b2b/main/viewNoticeContent.html?noticeBean.id=621823,2019-12-16
移动学院,移动学院2019年院内教学显示系统维修维护项目_询价公告,https://b2b.10086.cn/b2b/main/viewNoticeContent.html?noticeBean.id=621829,2019-12-16
福建移动,福建移动莆田分公司2020年泛渠道运营服务团队公开比选采购项目_比选公告,https://b2b.10086.cn/b2b/main/viewNoticeContent.html?noticeBean.id=621845,2019-12-16
信息技术公司,2019-2020年基础设施安全防护及安全监测检测类设备二级集中采购项目APT采购_招标公告,https://b2b.10086.cn/b2b/main/viewNoticeContent.html?noticeBean.id=621871,2019-12-16
政企分公司,四川省雅安市卫生健康委员会和中医医院云业务开发服务（中移全通）采购项目_比选公告,https://b2b.10086.cn/b2b/main/viewNoticeContent.html?noticeBean.id=621881,2019-12-16
上海移动,中国移动上海公司2019年IT私有云平台扩容建设三期工程-数据管理及保护系统_询价公告,https://b2b.10086.cn/b2b/main/viewNoticeContent.html?noticeBean.id=621892,2019-12-16
广东移动,中国移动广东公司2019年OMC热线智能外呼系统话机公开询价项目_询价公告,https://b2b.10086.cn/b2b/main/viewNoticeContent.html?noticeBean.id=621894,2019-12-16
海南移动,中国移动海南公司2020-2021年度档案管理技术支撑服务项目_比选公告,https://b2b.10086.cn/b2b/main/viewNoticeContent.html?noticeBean.id=621897,2019-12-16
天津移动,中国移动天津公司2019年数据部华为TC5200路由器采购_询价公告,https://b2b.10086.cn/b2b/main/viewNoticeContent.html?noticeBean.id=621904,2019-12-16
北京移动,中国移动北京公司2020年预算成本精细化管理咨询项目_比选公告,https://b2b.10086.cn/b2b/main/viewNoticeContent.html?noticeBean.id=621916,2019-12-16
江苏移动,中国移动江苏公司盐城东升村综合业务接入区汇聚节点机房购置项目项目_采购变更公告(1),https://b2b.10086.cn/b2b/main/viewNoticeContent.html?noticeBean.id=621919,2019-12-16
江苏移动,中国移动江苏公司2020-2021年淮安分公司市场部业务宣传物料项目_比选公告,https://b2b.10086.cn/b2b/main/viewNoticeContent.html?noticeBean.id=621929,2019-12-16
辽宁移动,中国移动辽宁公司沈阳数据中心二园区（道义）IDC 机房现场服务宣传能力优化项目_比选公告,https://b2b.10086.cn/b2b/main/viewNoticeContent.html?noticeBean.id=621938,2019-12-16
江苏移动,中国移动江苏公司2020-2021年南京公司业务宣传物料项目_比选公告,https://b2b.10086.cn/b2b/main/viewNoticeContent.html?noticeBean.id=621949,2019-12-16
铁通公司,中移铁通有限公司辽宁分公司2020年至2021年维护、销售劳务分包项目_比选公告,https://b2b.10086.cn/b2b/main/viewNoticeContent.html?noticeBean.id=621955,2019-12-16
政企分公司,广西玉林市妇女儿童医院协同办公系统开发服务（中移全通）采购项目_比选公告,https://b2b.10086.cn/b2b/main/viewNoticeContent.html?noticeBean.id=621960,2019-12-16
终端公司,关于启动浙江分公司2020年1月-2021年12月终端测试与分析服务项目_比选公告,https://b2b.10086.cn/b2b/main/viewNoticeContent.html?noticeBean.id=621974,2019-12-16
