采购单位,标题,链接,发标日期
内蒙移动,中国移动内蒙古公司2019年包头分公司流量星小程序运营支撑服务项目_比选公告,https://b2b.10086.cn/b2b/main/viewNoticeContent.html?noticeBean.id=605064,2019-10-24
贵州移动,2019-2021（24个月）贵州省全省车务通业务维护支撑服务项目_比选公告,https://b2b.10086.cn/b2b/main/viewNoticeContent.html?noticeBean.id=605070,2019-10-24
陕西移动,汉中移动2019年南郑保卫村等3处三方宽带网元租赁项目_比选公告,https://b2b.10086.cn/b2b/main/viewNoticeContent.html?noticeBean.id=605098,2019-10-24
广西移动,中国移动广西有限公司2019年家宽、集客专线预覆盖资源录入服务采购项目（第三次，标包1重招）_比选公告,https://b2b.10086.cn/b2b/main/viewNoticeContent.html?noticeBean.id=605106,2019-10-24
西藏移动,中国移动西藏公司区19年互联网新技术新业务安全评估信息化管理系统建设项目_比选公告,https://b2b.10086.cn/b2b/main/viewNoticeContent.html?noticeBean.id=605129,2019-10-24
政企分公司,政企分公司办公基础设施硬件维护支撑服务（中移全通）采购项目_比选公告,https://b2b.10086.cn/b2b/main/viewNoticeContent.html?noticeBean.id=605138,2019-10-24
广东移动,中国移动广东公司惠州生产调度中心水土保持方案编制咨询公开询价项目（惠州）_询价公告,https://b2b.10086.cn/b2b/main/viewNoticeContent.html?noticeBean.id=605144,2019-10-24
移动学院,移动学院2019年网上大学智能化能力项目_比选公告,https://b2b.10086.cn/b2b/main/viewNoticeContent.html?noticeBean.id=605147,2019-10-24
总部,中国移动2019年至2020年消费者媒介接触习惯调查研究项目_比选公告,https://b2b.10086.cn/b2b/main/viewNoticeContent.html?noticeBean.id=605162,2019-10-24
湖北移动,中国移动湖北公司鄂州分公司百尚购物中心业务汇聚机房购置项目_采购公告,https://b2b.10086.cn/b2b/main/viewNoticeContent.html?noticeBean.id=605211,2019-10-24
