采购单位,标题,链接,发标日期
江苏移动,中国移动江苏公司南京公司关于开展网络优势专题宣传项目项目_比选公告,https://b2b.10086.cn/b2b/main/viewNoticeContent.html?noticeBean.id=554290,2019-04-16
在线服务公司,中移在线青海分公司2019年全网客服系统终端及办公设备代维服务项目_比选公告,https://b2b.10086.cn/b2b/main/viewNoticeContent.html?noticeBean.id=554318,2019-04-16
苏州研发中心,苏州研发中心2019年--2021年数据中心SDN采购项目_招标公告,https://b2b.10086.cn/b2b/main/viewNoticeContent.html?noticeBean.id=554319,2019-04-16
政企分公司,2018年云南省招商局云数据技术服务(中移全通)采购项目_比选公告,https://b2b.10086.cn/b2b/main/viewNoticeContent.html?noticeBean.id=554321,2019-04-16
上海移动,中国移动上海公司临港数据中心二期室外工程基坑围护设计_比选公告,https://b2b.10086.cn/b2b/main/viewNoticeContent.html?noticeBean.id=554323,2019-04-16
云南移动,中国移动云南公司曲靖分公司2019年曲靖市合建通信管道维护项目_比选公告,https://b2b.10086.cn/b2b/main/viewNoticeContent.html?noticeBean.id=554327,2019-04-16
广西移动,中国移动广西公司来宾综合业务接入机房工程等13个局房建筑工程监理或PMC服务采购项目_招标公告,https://b2b.10086.cn/b2b/main/viewNoticeContent.html?noticeBean.id=554348,2019-04-16
在线服务公司,中移在线山东分公司2019-2020年外拓产品客户交流活动支撑服务项目_比选公告,https://b2b.10086.cn/b2b/main/viewNoticeContent.html?noticeBean.id=554351,2019-04-16
安徽移动,合肥移动2019-2020年新媒体运营支撑服务采购项目_比选公告,https://b2b.10086.cn/b2b/main/viewNoticeContent.html?noticeBean.id=554355,2019-04-16
山东移动,山东移动东营分公司2019年档案室密集架及安全防护智能管理系统项目_比选公告,https://b2b.10086.cn/b2b/main/viewNoticeContent.html?noticeBean.id=554361,2019-04-16
江苏移动,中国移动江苏公司泰州移动家客业务技术支持服务项目_比选公告,https://b2b.10086.cn/b2b/main/viewNoticeContent.html?noticeBean.id=554375,2019-04-16
上海移动,中国移动上海公司2019年LBS系统维保服务_招标公告,https://b2b.10086.cn/b2b/main/viewNoticeContent.html?noticeBean.id=554399,2019-04-16
新疆移动,中国移动新疆分公司2019年中兴互联网电视平台技术服务项目项目_比选公告,https://b2b.10086.cn/b2b/main/viewNoticeContent.html?noticeBean.id=554403,2019-04-16
新疆移动,昌吉分公司2019年度家宽网络综调服务项目_比选公告,https://b2b.10086.cn/b2b/main/viewNoticeContent.html?noticeBean.id=554413,2019-04-16
江西移动,江西移动2019年全省综合管理类车辆购置项目（采购包2）_询价公告,https://b2b.10086.cn/b2b/main/viewNoticeContent.html?noticeBean.id=554418,2019-04-16
陕西移动,渭南分公司生产指挥中心大楼厨房排烟系统采购项目_比选公告,https://b2b.10086.cn/b2b/main/viewNoticeContent.html?noticeBean.id=554433,2019-04-16
黑龙江移动,黑龙江移动2019-2020年卫星系统设备维修及技术服务采购项目_比选公告,https://b2b.10086.cn/b2b/main/viewNoticeContent.html?noticeBean.id=554436,2019-04-16
安徽移动,安徽移动信息系统部2019年磁带采购项目_询价公告,https://b2b.10086.cn/b2b/main/viewNoticeContent.html?noticeBean.id=554441,2019-04-16
黑龙江移动,黑龙江移动2019-2020年应急车辅助系统设备维修及技术服务采购项目_比选公告,https://b2b.10086.cn/b2b/main/viewNoticeContent.html?noticeBean.id=554451,2019-04-16
苏州研发中心,苏州研发中心2019年-2021年客户满意度调查服务框架项目_比选公告,https://b2b.10086.cn/b2b/main/viewNoticeContent.html?noticeBean.id=554453,2019-04-16
贵州移动,中国移动通信集团贵州有限公司2019年六盘水分公司用电线路及合路系统整治服务项目（二次）_竞争性谈判采购公告,https://b2b.10086.cn/b2b/main/viewNoticeContent.html?noticeBean.id=554456,2019-04-16
山东移动,山东移动菏泽分公司2019年营业厅安防系统改造项目_比选公告,https://b2b.10086.cn/b2b/main/viewNoticeContent.html?noticeBean.id=554458,2019-04-16
