采购单位,标题,链接,发标日期
安徽移动,2019年淮北公司市场部提升服务形象用宣传物料采购项目_采购公告,https://b2b.10086.cn/b2b/main/viewNoticeContent.html?noticeBean.id=575696,2019-07-04
安徽移动,淮北公司2019年校园营销宣传用帐篷采购_采购公告,https://b2b.10086.cn/b2b/main/viewNoticeContent.html?noticeBean.id=575697,2019-07-04
河北移动,中国移动河北公司邯郸分公司市区营销中心2019-2020年绿植租摆项目项目_比选公告,https://b2b.10086.cn/b2b/main/viewNoticeContent.html?noticeBean.id=575703,2019-07-04
湖南移动,衡阳移动综合布线、一卡通系统维修项目_比选公告,https://b2b.10086.cn/b2b/main/viewNoticeContent.html?noticeBean.id=575708,2019-07-04
中移金科,2019-2020年电子商务业务运营支撑服务_比选公告,https://b2b.10086.cn/b2b/main/viewNoticeContent.html?noticeBean.id=575722,2019-07-04
咪咕公司,咪咕数媒咪咕中信客户端及业务平台四期项目_招标公告,https://b2b.10086.cn/b2b/main/viewNoticeContent.html?noticeBean.id=575723,2019-07-04
山西移动,中国移动山西公司2019年临汾分公司集团客户部校园话机的采购项目_询价公告,https://b2b.10086.cn/b2b/main/viewNoticeContent.html?noticeBean.id=575731,2019-07-04
终端公司,2019年外部电视机业务仓储配送采购项目_竞争性谈判采购公告,https://b2b.10086.cn/b2b/main/viewNoticeContent.html?noticeBean.id=575734,2019-07-04
天津移动,中国移动天津公司2019年市场经营部营业厅管理运营检测项目_比选公告,https://b2b.10086.cn/b2b/main/viewNoticeContent.html?noticeBean.id=575738,2019-07-04
黑龙江移动,黑龙江移动双鸭山分公司2019年集团客户部信息化交流服务采购项目_询价采购_变更公告_(1),https://b2b.10086.cn/b2b/main/viewNoticeContent.html?noticeBean.id=575740,2019-07-04
政企分公司,安徽省蚌埠移动集团客户电子开评标系统（中移全通）采购项目_比选公告,https://b2b.10086.cn/b2b/main/viewNoticeContent.html?noticeBean.id=575744,2019-07-04
山东移动,山东移动菏泽分公司2019年郓城县公益岗位人员管理系统采购项目_采购公告,https://b2b.10086.cn/b2b/main/viewNoticeContent.html?noticeBean.id=575747,2019-07-04
在线服务公司,中移在线新疆分公司2019-2020年外拓产品客户交流活动支撑服务项目(2)_比选公告,https://b2b.10086.cn/b2b/main/viewNoticeContent.html?noticeBean.id=575757,2019-07-04
山东移动,山东移动威海分公司2019年中移在线智能云平台采购项目_采购公告,https://b2b.10086.cn/b2b/main/viewNoticeContent.html?noticeBean.id=575758,2019-07-04
江苏移动,中国移动江苏公司苏州分公司华能燃机天然气管道视频监控项目视频监控平台和一体化立杆采购项目项目_比选公告,https://b2b.10086.cn/b2b/main/viewNoticeContent.html?noticeBean.id=575759,2019-07-04
政企分公司,一级网升级改造项目运维服务（中移全通）采购项目_比选公告,https://b2b.10086.cn/b2b/main/viewNoticeContent.html?noticeBean.id=575764,2019-07-04
黑龙江移动,中国移动黑龙江公司双鸭山分公司平安城市电力维护服务项目_比选公告,https://b2b.10086.cn/b2b/main/viewNoticeContent.html?noticeBean.id=575768,2019-07-04
新疆移动,中国移动新疆分公司奎屯分公司关于2019年维护用井盖井圈的采购申请项目_询价公告,https://b2b.10086.cn/b2b/main/viewNoticeContent.html?noticeBean.id=575772,2019-07-04
政企分公司,湖南省花垣县教育三通两平台开发及集成服务（中移全通）采购项目_比选公告,https://b2b.10086.cn/b2b/main/viewNoticeContent.html?noticeBean.id=575773,2019-07-04
山东移动,山东移动菏泽分公司2019年美菲服饰智能生产管理平台采购项目_采购公告,https://b2b.10086.cn/b2b/main/viewNoticeContent.html?noticeBean.id=575794,2019-07-04
海南移动,中国移动海南公司2019年基站智能门禁控制器采购项目_比选公告,https://b2b.10086.cn/b2b/main/viewNoticeContent.html?noticeBean.id=575806,2019-07-04
中移金科,2019-2022年公务用车与生产经营用车租赁服务项目_比选公告,https://b2b.10086.cn/b2b/main/viewNoticeContent.html?noticeBean.id=575808,2019-07-04
政企分公司,2018-2020年黔西南望谟县广播管理系统技术支撑服务（中移全通）采购项目_比选公告,https://b2b.10086.cn/b2b/main/viewNoticeContent.html?noticeBean.id=575819,2019-07-04
贵州移动,2019年网络部传送网集中化运维技术支持服务_比选公告,https://b2b.10086.cn/b2b/main/viewNoticeContent.html?noticeBean.id=575834,2019-07-04
广东移动,中国移动广东公司2019年中共郁南县委政法委员会村级综治视联网集成系统及服务公开询价项目（云浮）（第二次）_询价公告,https://b2b.10086.cn/b2b/main/viewNoticeContent.html?noticeBean.id=575836,2019-07-04
安徽移动,安徽移动2019-2021年度网咖游戏专用链路及服务支撑采购项目_比选公告,https://b2b.10086.cn/b2b/main/viewNoticeContent.html?noticeBean.id=575842,2019-07-04
吉林移动,中国移动吉林公司松原分公司生产调度用房及附属楼建设工程全过程造价咨询公开比选项目_比选公告,https://b2b.10086.cn/b2b/main/viewNoticeContent.html?noticeBean.id=575859,2019-07-04
设计院,2019年数据审计系统新建工程项目_比选公告,https://b2b.10086.cn/b2b/main/viewNoticeContent.html?noticeBean.id=575860,2019-07-04
政企分公司,2019年云南省全省电子政务平台技术服务（中移全通）采购项目_比选公告,https://b2b.10086.cn/b2b/main/viewNoticeContent.html?noticeBean.id=575865,2019-07-04
