采购单位,标题,链接,发标日期
河南移动,河南移动政企客户保拓平台采购项目_招标公告,https://b2b.10086.cn/b2b/main/viewNoticeContent.html?noticeBean.id=541388,2019-02-20
湖南移动,株洲数据中心小机电配套设施采购及安装项目_招标公告,https://b2b.10086.cn/b2b/main/viewNoticeContent.html?noticeBean.id=541394,2019-02-20
政企分公司,从江县安全监管信息化展示平台项目软硬件（中移全通）采购项目_比选公告,https://b2b.10086.cn/b2b/main/viewNoticeContent.html?noticeBean.id=541406,2019-02-20
政企分公司,山东省潍坊市综合保税区可视基层管理系统平台开发及维保服务（中移全通）采购项目_比选公告,https://b2b.10086.cn/b2b/main/viewNoticeContent.html?noticeBean.id=541409,2019-02-20
政企分公司,北京基地合同能源管理服务项目硬件及配套和集成实施（中移全通）采购项目_招标公告,https://b2b.10086.cn/b2b/main/viewNoticeContent.html?noticeBean.id=541410,2019-02-20
政企分公司,云南省电化教育馆采购云南省义务教育网络云中心项目存储及备份系统维护服务（中移全通）采购项目_比选公告,https://b2b.10086.cn/b2b/main/viewNoticeContent.html?noticeBean.id=541420,2019-02-20
政企分公司,山东省潍坊市寿光公安局视频监控平台（中移全通）采购项目_比选公告,https://b2b.10086.cn/b2b/main/viewNoticeContent.html?noticeBean.id=541421,2019-02-20
政企分公司,四川财经职业学院信息化支撑服务(中移全通)采购项目_比选公告,https://b2b.10086.cn/b2b/main/viewNoticeContent.html?noticeBean.id=541428,2019-02-20
政企分公司,安徽省合肥移动监狱新址警务通、执勤平台（中移全通）采购项目_比选公告,https://b2b.10086.cn/b2b/main/viewNoticeContent.html?noticeBean.id=541431,2019-02-20
终端公司,中国移动终端公司自有品牌智能摄像头V2项目_比选公告,https://b2b.10086.cn/b2b/main/viewNoticeContent.html?noticeBean.id=541435,2019-02-20
辽宁移动,中国移动辽宁公司物品位置管理平台采购项目_招标公告,https://b2b.10086.cn/b2b/main/viewNoticeContent.html?noticeBean.id=541451,2019-02-20
政企分公司,四川移动宜宾分公司宜宾市公安局城市报警与监控高清系统二期服务（中移全通）采购项目_比选公告,https://b2b.10086.cn/b2b/main/viewNoticeContent.html?noticeBean.id=541458,2019-02-20
上海移动,中国移动上海公司2019年天通庵路和横浜动环系统技术支撑服务采购项目_询价公告,https://b2b.10086.cn/b2b/main/viewNoticeContent.html?noticeBean.id=541475,2019-02-20
山东移动,山东移动2019-2020年市场信息调研服务采购项目_比选公告,https://b2b.10086.cn/b2b/main/viewNoticeContent.html?noticeBean.id=541492,2019-02-20
政企分公司, 中移全通合同能源管理服务平台开发服务采购项目_招标公告,https://b2b.10086.cn/b2b/main/viewNoticeContent.html?noticeBean.id=541493,2019-02-20
山东移动,山东移动2019年济宁分公司曲阜远东职业技术学院体育教学管理平台采购项目_比选公告,https://b2b.10086.cn/b2b/main/viewNoticeContent.html?noticeBean.id=541499,2019-02-20
新疆移动,中国移动新疆分公司哈密移动2018年全信通业务代维服务项目_比选公告,https://b2b.10086.cn/b2b/main/viewNoticeContent.html?noticeBean.id=541512,2019-02-20
云南移动,中国移动云南公司保山分公司保山市立体化边境防控体系技防一期前后端数据服务项目_招标公告,https://b2b.10086.cn/b2b/main/viewNoticeContent.html?noticeBean.id=541513,2019-02-20
福建移动,中国移动（福建厦门）数据中心机房配套一期工程集成服务_招标公告,https://b2b.10086.cn/b2b/main/viewNoticeContent.html?noticeBean.id=541518,2019-02-20
四川移动,中国移动四川公司2019年采购专家库管理支撑服务采购项目_比选公告,https://b2b.10086.cn/b2b/main/viewNoticeContent.html?noticeBean.id=541531,2019-02-20
苏州研发中心,苏州研发中心2019年苏高新政务示范云二期项目-山石网科低端防火墙（第二次）_询价公告,https://b2b.10086.cn/b2b/main/viewNoticeContent.html?noticeBean.id=541532,2019-02-20
