采购单位,标题,链接,发标日期
湖南移动,中国移动湖南公司湘潭分公司星级客户特色服务项目_比选公告,https://b2b.10086.cn/b2b/main/viewNoticeContent.html?noticeBean.id=578078,2019-07-12
福建移动,2019年福建移动在线便利店技术支撑服务公开招标采购项目_招标采购_变更公告_(1),https://b2b.10086.cn/b2b/main/viewNoticeContent.html?noticeBean.id=578086,2019-07-12
黑龙江移动,黑龙江移动2019年第三方网关设备维保服务和趋势防病毒软件维保服务采购项目_比选公告,https://b2b.10086.cn/b2b/main/viewNoticeContent.html?noticeBean.id=578087,2019-07-12
湖南移动,中国移动湖南公司张家界分公司2019年经开区OA办公信息化项目_比选公告,https://b2b.10086.cn/b2b/main/viewNoticeContent.html?noticeBean.id=578093,2019-07-12
甘肃移动,中国移动甘肃公司兰州分公司2019年兰州移动校园宽带登录APP项目采购项目_比选公告,https://b2b.10086.cn/b2b/main/viewNoticeContent.html?noticeBean.id=578111,2019-07-12
广西移动,广西公司来宾分公司来宾综合业务接入机房招标代理服务采购项目_比选公告,https://b2b.10086.cn/b2b/main/viewNoticeContent.html?noticeBean.id=578113,2019-07-12
江苏移动,中国移动江苏公司2019-2021年南京江宁、高淳、溧水、浦口、六合物业管理服务项目_比选公告,https://b2b.10086.cn/b2b/main/viewNoticeContent.html?noticeBean.id=578120,2019-07-12
研究院,雄研院（2019-2020）一年期生产经营用车服务_比选公告,https://b2b.10086.cn/b2b/main/viewNoticeContent.html?noticeBean.id=578123,2019-07-12
福建移动,2019年福建移动在线便利店技术支撑服务公开招标采购项目_招标公告,https://b2b.10086.cn/b2b/main/viewNoticeContent.html?noticeBean.id=578129,2019-07-12
信安中心,第三方现场安全评测及重大活动保障支撑服务（2019年）项目_比选公告,https://b2b.10086.cn/b2b/main/viewNoticeContent.html?noticeBean.id=578139,2019-07-12
上海移动,中国移动上海公司2019年IDC信息安全管理系统第二批扩容工程主体设备采购_询价公告,https://b2b.10086.cn/b2b/main/viewNoticeContent.html?noticeBean.id=578141,2019-07-12
黑龙江移动,黑龙江移动2019年网络管理部集客响应室趋势防病毒产品维保服务项目_比选公告,https://b2b.10086.cn/b2b/main/viewNoticeContent.html?noticeBean.id=578154,2019-07-12
浙江移动,中国移动浙江公司2019-2020年大数据安全技术与应用研究等七项支持服务采购（包5、包6）_比选公告,https://b2b.10086.cn/b2b/main/viewNoticeContent.html?noticeBean.id=578157,2019-07-12
广东移动,中国移动广东公司2019年高价值客户业务体验公开询价项目（广州）_询价公告,https://b2b.10086.cn/b2b/main/viewNoticeContent.html?noticeBean.id=578165,2019-07-12
江苏移动,中国移动江苏公司2019年数据业务运营支撑服务(阅读听书会员权益)项目项目_比选公告,https://b2b.10086.cn/b2b/main/viewNoticeContent.html?noticeBean.id=578169,2019-07-12
