采购单位,标题,链接,发标日期
宁夏移动,中国移动宁夏公司2019年集团客户市场对标体系咨询项目_比选公告,https://b2b.10086.cn/b2b/main/viewNoticeContent.html?noticeBean.id=625430,2019-12-25
四川移动,中国移动四川公司数据中心一期等项目竣工环境保护验收服务项目_比选公告,https://b2b.10086.cn/b2b/main/viewNoticeContent.html?noticeBean.id=625437,2019-12-25
湖南移动,湖南移动益阳分公司电子政务外网平台协助技术服务项目_比选采购_变更公告_(1),https://b2b.10086.cn/b2b/main/viewNoticeContent.html?noticeBean.id=625457,2019-12-25
安徽移动,滁州分公司市区营销中心2019年五级包区合作商采购招商公告_采购公告,https://b2b.10086.cn/b2b/main/viewNoticeContent.html?noticeBean.id=625471,2019-12-25
重庆移动,2019年永川分公司有线宽带建设疑难楼盘选址服务采购_询价公告,https://b2b.10086.cn/b2b/main/viewNoticeContent.html?noticeBean.id=625483,2019-12-25
政企分公司,天津市宝坻区建设工程质量安全监督管理支队视频监控平台及视频会议系统维护服务（中移全通）项目_比选公告,https://b2b.10086.cn/b2b/main/viewNoticeContent.html?noticeBean.id=625484,2019-12-25
江苏移动,中国移动江苏公司徐州公司购置市区东北综合接入区9（第二批）业务汇聚机房项目_采购变更公告(1),https://b2b.10086.cn/b2b/main/viewNoticeContent.html?noticeBean.id=625537,2019-12-25
辽宁移动,中国移动辽宁公司沈阳数据中心二园区（道义）IDC 机房现场服务宣传能力优化项目_比选公告,https://b2b.10086.cn/b2b/main/viewNoticeContent.html?noticeBean.id=625568,2019-12-25
重庆移动,2020-2021年预算系统技术支持服务_询价公告,https://b2b.10086.cn/b2b/main/viewNoticeContent.html?noticeBean.id=625595,2019-12-25
政企分公司,湖北省鄂州市扫黑除恶平台（中移全通）采购项目_比选公告,https://b2b.10086.cn/b2b/main/viewNoticeContent.html?noticeBean.id=625609,2019-12-25
政企分公司,重庆市渝中区文物视频监控系统综合管理平台开发服务（中移全通）采购项目_比选公告,https://b2b.10086.cn/b2b/main/viewNoticeContent.html?noticeBean.id=625610,2019-12-25
河北移动,中国移动河北公司中国移动通信集团河北有限公司保定分公司ICT“注册制”业务合商第二批招募项目项目_采购公告,https://b2b.10086.cn/b2b/main/viewNoticeContent.html?noticeBean.id=625618,2019-12-25
北京移动,中国移动北京公司平台生态部2020-2021年数据业务平台第三方协维技术服务项目_比选公告,https://b2b.10086.cn/b2b/main/viewNoticeContent.html?noticeBean.id=625623,2019-12-25
重庆移动,2020年城一分公司清欠业务代理服务采购项目_比选公告,https://b2b.10086.cn/b2b/main/viewNoticeContent.html?noticeBean.id=625625,2019-12-25
研究院,研究院2019-2022三年期档案服务支撑项目_比选公告,https://b2b.10086.cn/b2b/main/viewNoticeContent.html?noticeBean.id=625629,2019-12-25
重庆移动,2020 年万州分公司ICT集团信息化售后维保项目_比选公告,https://b2b.10086.cn/b2b/main/viewNoticeContent.html?noticeBean.id=625636,2019-12-25
