采购单位,标题,链接,发标日期
广东移动,中国移动广东公司2019年客户体验终端公开询价项目（韶关）_询价公告,https://b2b.10086.cn/b2b/main/viewNoticeContent.html?noticeBean.id=554716,2019-04-17
江苏移动,中国移动江苏公司中国移动（江苏苏州）数据中心二期工程临时围墙施工单位请购项目_比选公告,https://b2b.10086.cn/b2b/main/viewNoticeContent.html?noticeBean.id=554722,2019-04-17
山东移动,山东移动日照分公司2019年集团客户终端采购项目_询价公告,https://b2b.10086.cn/b2b/main/viewNoticeContent.html?noticeBean.id=554724,2019-04-17
山东移动,山东移动日照分公司2019年东港分公司关于山东省举鑫北记食品有限公司采购一卡通平台采购项目_比选公告,https://b2b.10086.cn/b2b/main/viewNoticeContent.html?noticeBean.id=554737,2019-04-17
终端公司,新疆分公司售后业务支撑项目_比选公告,https://b2b.10086.cn/b2b/main/viewNoticeContent.html?noticeBean.id=554739,2019-04-17
西藏移动,中国移动西藏公司市场经营部2019年度手机拍拍乐等四个业务运营支持项目_比选公告,https://b2b.10086.cn/b2b/main/viewNoticeContent.html?noticeBean.id=554742,2019-04-17
上海移动,中国移动上海公司2019-20年营业厅触摸屏选号终端维护服务_询价公告,https://b2b.10086.cn/b2b/main/viewNoticeContent.html?noticeBean.id=554761,2019-04-17
铁通公司,中移铁通广东分公司嵌入式廉洁风险防控云平台智能版支撑服务采购项目_比选公告,https://b2b.10086.cn/b2b/main/viewNoticeContent.html?noticeBean.id=554776,2019-04-17
互联网公司,中移互联网有限公司2019-2020年和留言业务运营支撑及系统维护服务公开比选项目_比选公告,https://b2b.10086.cn/b2b/main/viewNoticeContent.html?noticeBean.id=554785,2019-04-17
山东移动,山东移动潍坊分公司2019年精确送风系统改造采购项目_比选公告,https://b2b.10086.cn/b2b/main/viewNoticeContent.html?noticeBean.id=554794,2019-04-17
四川移动,中国移动四川公司绵阳分公司2019年—2021年电梯维护保养项目_比选公告,https://b2b.10086.cn/b2b/main/viewNoticeContent.html?noticeBean.id=554800,2019-04-17
信息港中心,中国移动信息港2019—2020年度零星工程设计（工程项目建议书、工程可行性研究报告、一阶段设计文件）服务单位框架协议采购_招标公告,https://b2b.10086.cn/b2b/main/viewNoticeContent.html?noticeBean.id=554801,2019-04-17
上海移动,中国移动上海公司2019年手机卖场渠道销售支撑合作伙伴引入_采购公告,https://b2b.10086.cn/b2b/main/viewNoticeContent.html?noticeBean.id=554809,2019-04-17
辽宁移动,中国移动辽宁公司宽带电视营业厅系统采购项目_比选公告,https://b2b.10086.cn/b2b/main/viewNoticeContent.html?noticeBean.id=554812,2019-04-17
