采购单位,标题,链接,发标日期
云南移动,中国移动云南公司曲靖分公司2020-2021年IT设备代维服务项目_比选公告,https://b2b.10086.cn/b2b/main/viewNoticeContent.html?noticeBean.id=610574,2019-11-13
投资公司,中国移动投资公司2019-2021（三年期）全球资本市场数据库产品（第二次）_采购公告,https://b2b.10086.cn/b2b/main/viewNoticeContent.html?noticeBean.id=610600,2019-11-13
广西移动,中国移动广西有限公司2020-2022年度常年法律顾问咨询服务采购项目_竞争性谈判采购公告,https://b2b.10086.cn/b2b/main/viewNoticeContent.html?noticeBean.id=610608,2019-11-13
内蒙移动,2019年巴彦淖尔分公司杭后先锋三队等农村村社宽带三方合作项目_采购公告,https://b2b.10086.cn/b2b/main/viewNoticeContent.html?noticeBean.id=610616,2019-11-13
内蒙移动,2019年巴彦淖尔分公司前旗开展北场、白土圪卜等4处农村宽带三方合作项目_采购公告,https://b2b.10086.cn/b2b/main/viewNoticeContent.html?noticeBean.id=610634,2019-11-13
铁通公司,中移铁通河北分公司2019年经营用车采购项目_询价公告,https://b2b.10086.cn/b2b/main/viewNoticeContent.html?noticeBean.id=610639,2019-11-13
辽宁移动,中国移动辽宁公司大连分公司2019年自维机房门禁维护备品采购项目_采购公告,https://b2b.10086.cn/b2b/main/viewNoticeContent.html?noticeBean.id=610661,2019-11-13
辽宁移动,中国移动辽宁公司大连分公司2019年机房智能门锁采购项目_采购公告,https://b2b.10086.cn/b2b/main/viewNoticeContent.html?noticeBean.id=610677,2019-11-13
内蒙移动,2019年巴彦淖尔分公司前旗开展北场、白土圪卜等4处农村宽带三方合作项目_采购变更公告(2),https://b2b.10086.cn/b2b/main/viewNoticeContent.html?noticeBean.id=610683,2019-11-13
新疆移动,2019年网络优化工程多载频功放基站放大拉远系统_招标公告,https://b2b.10086.cn/b2b/main/viewNoticeContent.html?noticeBean.id=610691,2019-11-13
内蒙移动,2019年巴彦淖尔分公司前旗开展北场、白土圪卜等4处农村宽带三方合作项目_采购变更公告(1),https://b2b.10086.cn/b2b/main/viewNoticeContent.html?noticeBean.id=610692,2019-11-13
内蒙移动,2019年巴彦淖尔分公司杭后先锋三队等农村村社宽带三方合作项目_采购变更公告(1),https://b2b.10086.cn/b2b/main/viewNoticeContent.html?noticeBean.id=610693,2019-11-13
苏州研发中心,苏州研发中心2019年-2020年数据中心柴油发电机用柴油_询价公告,https://b2b.10086.cn/b2b/main/viewNoticeContent.html?noticeBean.id=610703,2019-11-13
苏州研发中心,苏州研发中心2019年数据中心SDN、NFV资源池及营业厅NFV改造项目网络设备统一管理平台采购项目_比选公告,https://b2b.10086.cn/b2b/main/viewNoticeContent.html?noticeBean.id=610704,2019-11-13
山东移动,山东移动菏泽分公司2019年成武县城管局数字城管追呼平台系统项目_采购公告,https://b2b.10086.cn/b2b/main/viewNoticeContent.html?noticeBean.id=610709,2019-11-13
苏州研发中心,苏州研发中心2019年IDC数据中心综合管理平台建设工程项目IDC运营管理平台采购项目_比选公告,https://b2b.10086.cn/b2b/main/viewNoticeContent.html?noticeBean.id=610711,2019-11-13
江苏移动,中国移动江苏公司泗洪机房ICT运维服务项目_比选公告,https://b2b.10086.cn/b2b/main/viewNoticeContent.html?noticeBean.id=610714,2019-11-13
江苏移动,中国移动江苏公司宿豫区陆集中心学校等学校资料共享平台管理系统项目_比选公告,https://b2b.10086.cn/b2b/main/viewNoticeContent.html?noticeBean.id=610727,2019-11-13
广东移动,中国移动广东公司2019年固网话音业务计费性能检测技术服务公开询价项目_询价公告,https://b2b.10086.cn/b2b/main/viewNoticeContent.html?noticeBean.id=610738,2019-11-13
铁通公司,中移铁通广东分公司2019年第二批经营车辆购置采购项目_询价公告,https://b2b.10086.cn/b2b/main/viewNoticeContent.html?noticeBean.id=610742,2019-11-13
设计院,2019年设计院5G组网及优化工具开发硬件RRU原型采购项目_询价公告,https://b2b.10086.cn/b2b/main/viewNoticeContent.html?noticeBean.id=610749,2019-11-13
天津移动,中国移动天津公司空港枢纽2019年动力配套系统优化二期工程项目监理采购（第二次）_比选公告,https://b2b.10086.cn/b2b/main/viewNoticeContent.html?noticeBean.id=610751,2019-11-13
黑龙江移动,黑龙江移动信息安全部2019年业务内容核查支撑服务采购项目_比选公告,https://b2b.10086.cn/b2b/main/viewNoticeContent.html?noticeBean.id=610756,2019-11-13
黑龙江移动,黑龙江移动信息安全部存量网络安全风险治理服务项目_比选公告,https://b2b.10086.cn/b2b/main/viewNoticeContent.html?noticeBean.id=610775,2019-11-13
