采购单位,标题,链接,发标日期
福建移动,南平移动ICT系统集成商公开招募项目_采购公告,https://b2b.10086.cn/b2b/main/viewNoticeContent.html?noticeBean.id=550288,2019-03-29
安徽移动,安徽移动芜湖分公司2019年政企客户部ICT项目维保服务采购项目_询价公告,https://b2b.10086.cn/b2b/main/viewNoticeContent.html?noticeBean.id=550292,2019-03-29
四川移动,中国移动四川公司达州分公司达州本地TOP10大型和包商户收银系统技术支撑服务项目（第一批次）_比选公告,https://b2b.10086.cn/b2b/main/viewNoticeContent.html?noticeBean.id=550304,2019-03-29
湖北移动,中国移动湖北公司2019-2020年综合业务局点布局规划咨询项目采购_比选公告,https://b2b.10086.cn/b2b/main/viewNoticeContent.html?noticeBean.id=550307,2019-03-29
在线服务公司,中移在线北京分公司2019年防病毒软件采购项目_比选公告,https://b2b.10086.cn/b2b/main/viewNoticeContent.html?noticeBean.id=550328,2019-03-29
在线服务公司,中移在线服务有限公司2019-2020年外拓产品客户交流活动支撑服务项目_比选公告,https://b2b.10086.cn/b2b/main/viewNoticeContent.html?noticeBean.id=550329,2019-03-29
安徽移动,六安移动校园店经营合作招商引入项目_采购公告(第二次),https://b2b.10086.cn/b2b/main/viewNoticeContent.html?noticeBean.id=550354,2019-03-29
北京移动,中国移动北京公司网信安中心2019年4月-2020年年4月安全管控平台第三方软件维护项目_比选公告,https://b2b.10086.cn/b2b/main/viewNoticeContent.html?noticeBean.id=550355,2019-03-29
政企分公司,2019年四川省中国移动凉山分公司西昌学院信息化维护服务（中移全通）采购项目_比选公告,https://b2b.10086.cn/b2b/main/viewNoticeContent.html?noticeBean.id=550365,2019-03-29
北京移动,中国移动北京公司2019年北京移动实体店面运营监测框架项目_比选公告,https://b2b.10086.cn/b2b/main/viewNoticeContent.html?noticeBean.id=550371,2019-03-29
山东移动,山东移动2019年枣庄分公司山亭区数字化城管指挥平台采购项目_招标公告,https://b2b.10086.cn/b2b/main/viewNoticeContent.html?noticeBean.id=550383,2019-03-29
在线服务公司,中移在线安徽分公司2019-2020年外拓产品客户交流活动支撑服务项目_比选公告,https://b2b.10086.cn/b2b/main/viewNoticeContent.html?noticeBean.id=550393,2019-03-29
重庆移动,2019年彭水分公司清欠业务合作项目_比选公告,https://b2b.10086.cn/b2b/main/viewNoticeContent.html?noticeBean.id=550397,2019-03-29
信息港中心,中国移动学院外市电引入工程赔补事项法律支撑服务采购_比选公告,https://b2b.10086.cn/b2b/main/viewNoticeContent.html?noticeBean.id=550400,2019-03-29
江苏移动,中国移动江苏公司战略执行评估咨询服务项目项目_比选公告,https://b2b.10086.cn/b2b/main/viewNoticeContent.html?noticeBean.id=550402,2019-03-29
政企分公司,2019年湖北省中南财经政法大学校园网合作运营认证集成服务（中移全通）采购项目_比选公告,https://b2b.10086.cn/b2b/main/viewNoticeContent.html?noticeBean.id=550407,2019-03-29
江苏移动,中国移动江苏公司苏州分公司长江路仓库危险固废管理环评等服务采购项目项目_询价公告,https://b2b.10086.cn/b2b/main/viewNoticeContent.html?noticeBean.id=550409,2019-03-29
政企分公司,高考王者业务技术支撑项目（2019）_比选公告,https://b2b.10086.cn/b2b/main/viewNoticeContent.html?noticeBean.id=550412,2019-03-29
北京移动,中国移动北京公司2019年北京移动AndMarket业务运营支撑项目_比选公告,https://b2b.10086.cn/b2b/main/viewNoticeContent.html?noticeBean.id=550415,2019-03-29
天津移动,中国移动天津公司网络维护中心2019-2020年柴油采购项目_比选公告,https://b2b.10086.cn/b2b/main/viewNoticeContent.html?noticeBean.id=550420,2019-03-29
终端公司,广安营销中心办公用房租赁项目_采购公告,https://b2b.10086.cn/b2b/main/viewNoticeContent.html?noticeBean.id=550423,2019-03-29
上海移动,中国移动上海公司2019年怒江机房中央空调预冷系统改造设备采购项目_招标公告,https://b2b.10086.cn/b2b/main/viewNoticeContent.html?noticeBean.id=550428,2019-03-29
四川移动,中国移动四川公司德阳分公司2019年码上服务及一线支撑平台运营服务支撑项目_比选公告,https://b2b.10086.cn/b2b/main/viewNoticeContent.html?noticeBean.id=550432,2019-03-29
江苏移动,中国移动江苏公司中国移动（苏州）云计算中心动力一体化维护服务项目_比选公告,https://b2b.10086.cn/b2b/main/viewNoticeContent.html?noticeBean.id=550439,2019-03-29
江苏移动,中国移动江苏公司关于2019年无锡分公司业务宣传物料公开比选的采购项目_比选公告,https://b2b.10086.cn/b2b/main/viewNoticeContent.html?noticeBean.id=550441,2019-03-29
上海移动,中国移动上海公司2018年业务私有云扩容工程软件采购_招标公告,https://b2b.10086.cn/b2b/main/viewNoticeContent.html?noticeBean.id=550451,2019-03-29
