采购单位,标题,链接,发标日期
山东移动,山东移动滨州分公司博兴行管局公车管理平台项目_比选公告,https://b2b.10086.cn/b2b/main/viewNoticeContent.html?noticeBean.id=552890,2019-04-10
互联网公司,中移互联网有限公司2019-2020年和生活全网运营支撑公开比选项目_比选公告,https://b2b.10086.cn/b2b/main/viewNoticeContent.html?noticeBean.id=552904,2019-04-10
在线服务公司,中移在线内蒙古分公司2019年外拓产品客户交流活动支撑服务项目_比选公告,https://b2b.10086.cn/b2b/main/viewNoticeContent.html?noticeBean.id=552905,2019-04-10
江西移动,上饶移动2019年第二批宽服厅和乡镇厅业务外包合作商项目_采购变更公告(1),https://b2b.10086.cn/b2b/main/viewNoticeContent.html?noticeBean.id=552918,2019-04-10
总部,中国移动国际信息港信息服务研发中心工程（G61土建及机电工程）全过程跟踪审计_比选公告,https://b2b.10086.cn/b2b/main/viewNoticeContent.html?noticeBean.id=552919,2019-04-10
江苏移动,中国移动江苏公司南通市轨道交通2号线安防系统项目_询价公告,https://b2b.10086.cn/b2b/main/viewNoticeContent.html?noticeBean.id=552939,2019-04-10
云南移动,中国移动云南公司曲靖分公司麒麟区子午路办公楼一体化办公系统采购项目_比选公告,https://b2b.10086.cn/b2b/main/viewNoticeContent.html?noticeBean.id=552940,2019-04-10
福建移动,中国移动福建公司2019年有线宽带和互联网电视质量入户测试服务公开比选采购项目_比选公告,https://b2b.10086.cn/b2b/main/viewNoticeContent.html?noticeBean.id=552945,2019-04-10
江苏移动,中国移动江苏公司2019年ERP供应链管理系统开发项目_招标公告,https://b2b.10086.cn/b2b/main/viewNoticeContent.html?noticeBean.id=552946,2019-04-10
杭州研发中心,中移（杭州）信息技术有限公司人工智能高级技术服务采购项目_比选公告,https://b2b.10086.cn/b2b/main/viewNoticeContent.html?noticeBean.id=552950,2019-04-10
咪咕公司,2018年企业视频彩铃定制开发软件项目_比选公告,https://b2b.10086.cn/b2b/main/viewNoticeContent.html?noticeBean.id=552958,2019-04-10
苏州研发中心,苏州研发中心增补草本植物的采购项目_询价公告,https://b2b.10086.cn/b2b/main/viewNoticeContent.html?noticeBean.id=552960,2019-04-10
江苏移动,中国移动江苏公司常州分公司云资源池系统等级保护测评采购项目_比选公告,https://b2b.10086.cn/b2b/main/viewNoticeContent.html?noticeBean.id=552963,2019-04-10
广西移动,中国移动广西有限公司2019年互联网网络维护技术支持服务及深度分析服务采购项目_比选公告,https://b2b.10086.cn/b2b/main/viewNoticeContent.html?noticeBean.id=552967,2019-04-10
政企分公司,云南省教育厅机房改造技术支撑服务（中移全通）采购项目_比选公告,https://b2b.10086.cn/b2b/main/viewNoticeContent.html?noticeBean.id=552982,2019-04-10
杭州研发中心,中移（杭州）信息技术有限公司众包平台服务商合作伙伴引入公告,https://b2b.10086.cn/b2b/main/viewNoticeContent.html?noticeBean.id=552983,2019-04-10
铁通公司,中移铁通广东分公司2019-2020年视频会议系统及配套附属设备维保服务采购项目(第2次)_比选公告,https://b2b.10086.cn/b2b/main/viewNoticeContent.html?noticeBean.id=552996,2019-04-10
新疆移动,中国移动新疆分公司2019-2020年业务支撑中心安全运维服务项目项目_比选公告,https://b2b.10086.cn/b2b/main/viewNoticeContent.html?noticeBean.id=553002,2019-04-10
在线服务公司,中移在线北京分公司2019-2020年外拓产品客户交流活动支撑服务项目_比选公告,https://b2b.10086.cn/b2b/main/viewNoticeContent.html?noticeBean.id=553033,2019-04-10
江苏移动,中国移动江苏公司关于车联网（LTE-V2X）城市级示范应用重大项目监理项目_比选公告,https://b2b.10086.cn/b2b/main/viewNoticeContent.html?noticeBean.id=553036,2019-04-10
广西移动,中国移动广西有限公司2019年网络运营中心网络信息安全技术支持服务采购项目    _比选公告,https://b2b.10086.cn/b2b/main/viewNoticeContent.html?noticeBean.id=553045,2019-04-10
