采购单位,标题,链接,发标日期
四川移动,中国移动四川公司基于扁平化架构组织职位体系管理咨询项目_比选公告,https://b2b.10086.cn/b2b/main/viewNoticeContent.html?noticeBean.id=587584,2019-08-15
互联网公司,中移互联网有限公司2019-2020年CMIC软件维保服务-红帽Ceph及MongoDB维保服务公开询价项目_询价公告,https://b2b.10086.cn/b2b/main/viewNoticeContent.html?noticeBean.id=587585,2019-08-15
甘肃移动,中国移动甘肃公司2019年三代CRM二期扩容工程业务服务管控平台软件产品采购项目_招标公告,https://b2b.10086.cn/b2b/main/viewNoticeContent.html?noticeBean.id=587593,2019-08-15
广东移动,中国移动广东公司2019年政企业务云网一体化演进研究公开比选项目_比选公告,https://b2b.10086.cn/b2b/main/viewNoticeContent.html?noticeBean.id=587595,2019-08-15
北京移动,中国移动北京公司2019-2020年手机支付省平台运营支撑项目_比选公告,https://b2b.10086.cn/b2b/main/viewNoticeContent.html?noticeBean.id=587623,2019-08-15
云南移动,中国移动云南公司曲靖分公司2020-2021年全市后勤物业及食堂管理服务项目_比选公告,https://b2b.10086.cn/b2b/main/viewNoticeContent.html?noticeBean.id=587632,2019-08-15
杭州研发中心,中移（杭州）信息技术有限公司展宣设备云米智能家电采购项目_询价公告,https://b2b.10086.cn/b2b/main/viewNoticeContent.html?noticeBean.id=587644,2019-08-15
辽宁移动,中国移动辽宁公司2019年辽宁和校园平台技术支持及产品运营项目_比选公告,https://b2b.10086.cn/b2b/main/viewNoticeContent.html?noticeBean.id=587649,2019-08-15
成都研究院,中移（成都）信息通信科技有限公司2019年AI创新中心会议电视系统项目_比选公告,https://b2b.10086.cn/b2b/main/viewNoticeContent.html?noticeBean.id=587651,2019-08-15
新疆移动,2019年移动田园信息化体验采摘服务采购项目_比选公告,https://b2b.10086.cn/b2b/main/viewNoticeContent.html?noticeBean.id=587664,2019-08-15
广东移动,中国移动广东公司2019年微服务与网管能力开放平台定制软件开发公开招标项目_招标公告,https://b2b.10086.cn/b2b/main/viewNoticeContent.html?noticeBean.id=587670,2019-08-15
江西移动,上饶移动2019年第三批乡镇厅业务外包合作商_采购变更公告(1),https://b2b.10086.cn/b2b/main/viewNoticeContent.html?noticeBean.id=587690,2019-08-15
江苏移动,中国移动江苏公司关于无锡集客航天工业等呼叫系统平台项目_比选公告,https://b2b.10086.cn/b2b/main/viewNoticeContent.html?noticeBean.id=587694,2019-08-15
上海移动,中国移动上海公司普陀区政务云建设工程防病毒系统_招标公告,https://b2b.10086.cn/b2b/main/viewNoticeContent.html?noticeBean.id=587696,2019-08-15
上海移动,中国移动上海公司普陀区政务云建设工程业务数据保护软件_招标公告,https://b2b.10086.cn/b2b/main/viewNoticeContent.html?noticeBean.id=587697,2019-08-15
上海移动,中国移动上海公司临港数据中心二期土建工程施工临时用电设计_比选公告,https://b2b.10086.cn/b2b/main/viewNoticeContent.html?noticeBean.id=587699,2019-08-15
上海移动,中国移动上海公司2019年行业云扩容工程新增虚拟化管理软件_招标公告,https://b2b.10086.cn/b2b/main/viewNoticeContent.html?noticeBean.id=587712,2019-08-15
山西移动,中国移动山西公司2019年省公司网络管理中心校讯通等9个业务平台软件维保服务采购项目_比选公告,https://b2b.10086.cn/b2b/main/viewNoticeContent.html?noticeBean.id=587717,2019-08-15
