采购单位,标题,链接,发标日期
黑龙江移动,黑龙江移动2019年市场信息及需求调研服务采购项目_比选公告,https://b2b.10086.cn/b2b/main/viewNoticeContent.html?noticeBean.id=531294,2019-01-04
杭州研发中心,中移（杭州）信息技术有限公司智能视频音箱采购项目_比选公告,https://b2b.10086.cn/b2b/main/viewNoticeContent.html?noticeBean.id=531299,2019-01-04
西藏移动,中国移动西藏公司山18年七县公安视频会议系统建设项目_招标公告,https://b2b.10086.cn/b2b/main/viewNoticeContent.html?noticeBean.id=531303,2019-01-04
上海移动,中国移动上海公司2018年怒江预冷系统改造采购项目_招标公告,https://b2b.10086.cn/b2b/main/viewNoticeContent.html?noticeBean.id=531341,2019-01-04
浙江移动,中国移动浙江公司电信云资源池二期增补建设项目SDS软件采购项目_比选公告,https://b2b.10086.cn/b2b/main/viewNoticeContent.html?noticeBean.id=531348,2019-01-04
浙江移动,中国移动浙江公司电信云资源池二期增补及私有云资源池九期增补建设项目数据库一体机采购项目_招标公告,https://b2b.10086.cn/b2b/main/viewNoticeContent.html?noticeBean.id=531351,2019-01-04
浙江移动,中国移动浙江公司电信云资源池二期增补建设项目云平台集成服务项目_比选公告,https://b2b.10086.cn/b2b/main/viewNoticeContent.html?noticeBean.id=531355,2019-01-04
上海移动,中国移动上海公司2018年视频业务组播改造工程网络改造集成_招标公告,https://b2b.10086.cn/b2b/main/viewNoticeContent.html?noticeBean.id=531360,2019-01-04
咪咕公司,咪咕公司生态链分析及产业对标报告库及定制报告项目_比选公告,https://b2b.10086.cn/b2b/main/viewNoticeContent.html?noticeBean.id=531361,2019-01-04
重庆移动,中国移动通信集团重庆有限公司诈骗电话大数据态势分析服务采购申请_比选公告,https://b2b.10086.cn/b2b/main/viewNoticeContent.html?noticeBean.id=531365,2019-01-04
湖北移动,中国移动湖北公司2019-2020年数据库、中间件第三方技术服务采购_比选公告,https://b2b.10086.cn/b2b/main/viewNoticeContent.html?noticeBean.id=531367,2019-01-04
铁通公司,中移铁通有限公司辽宁分公司2019年至2020年维护生产用车、经营用车租赁项目_比选采购_变更公告_(1),https://b2b.10086.cn/b2b/main/viewNoticeContent.html?noticeBean.id=531395,2019-01-04
湖南移动,湖南移动2019年全省七氟丙烷气体自动灭火系统消防气瓶检测维修服务项目_比选公告,https://b2b.10086.cn/b2b/main/viewNoticeContent.html?noticeBean.id=531400,2019-01-04
黑龙江移动,黑龙江移动2019年-2023年数据中心综合服务项目_比选公告,https://b2b.10086.cn/b2b/main/viewNoticeContent.html?noticeBean.id=531404,2019-01-04
终端公司,中国移动终端公司2019年1月-2021年12月自有品牌研发模型加工支撑服务项目_比选公告,https://b2b.10086.cn/b2b/main/viewNoticeContent.html?noticeBean.id=531425,2019-01-04
江苏移动,中国移动江苏公司镇江移动公司客户端网络、产品质量评估测试服务项目_比选公告,https://b2b.10086.cn/b2b/main/viewNoticeContent.html?noticeBean.id=531455,2019-01-04
政企分公司,中国移动四川公司绵阳分公司政企数字化项目业务技术服务（中移全通）采购项目_比选公告,https://b2b.10086.cn/b2b/main/viewNoticeContent.html?noticeBean.id=531462,2019-01-04
陕西移动,陕西移动渭南分公司会议系统集成采购项目_比选公告,https://b2b.10086.cn/b2b/main/viewNoticeContent.html?noticeBean.id=531482,2019-01-04
江苏移动,中国移动江苏公司网络翻频软件项目_比选公告,https://b2b.10086.cn/b2b/main/viewNoticeContent.html?noticeBean.id=531496,2019-01-04
咪咕公司,咪咕公司2019年整合营销传播服务项目_比选公告,https://b2b.10086.cn/b2b/main/viewNoticeContent.html?noticeBean.id=531506,2019-01-04
西藏移动,中国移动西藏公司市场经营部2018年西藏移动代言人平台功能优化改造及技术支撑服务项目_比选公告,https://b2b.10086.cn/b2b/main/viewNoticeContent.html?noticeBean.id=531513,2019-01-04
山东移动,山东移动淄博分公司张店欣东住信息化项目相关软件采购项目_比选公告,https://b2b.10086.cn/b2b/main/viewNoticeContent.html?noticeBean.id=531515,2019-01-04
山东移动,山东移动济宁分公司2018年第二生产楼高低压配电系统改造、设备施工采购项目_比选公告,https://b2b.10086.cn/b2b/main/viewNoticeContent.html?noticeBean.id=531527,2019-01-04
新疆移动,中国移动新疆分公司2019年手机及动态内容加速流量服务项目_比选公告,https://b2b.10086.cn/b2b/main/viewNoticeContent.html?noticeBean.id=531528,2019-01-04
咪咕公司,咪咕数媒2019-2020年灵犀翻译引擎优化支撑和视频直播转写及翻译质检外包服务项目_比选公告,https://b2b.10086.cn/b2b/main/viewNoticeContent.html?noticeBean.id=531531,2019-01-04
河南移动,中国移动河南公司濮阳分公司台前县教育云平台服务合作伙伴引入项目项目_采购公告,https://b2b.10086.cn/b2b/main/viewNoticeContent.html?noticeBean.id=531532,2019-01-04
山东移动,山东移动淄博分公司张店城管监督中心市民通信息化项目相关软件采购项目_比选公告,https://b2b.10086.cn/b2b/main/viewNoticeContent.html?noticeBean.id=531534,2019-01-04
山东移动,山东移动济南分公司2018年汇聚机房智能门锁采购项目_比选公告,https://b2b.10086.cn/b2b/main/viewNoticeContent.html?noticeBean.id=531542,2019-01-04
广东移动,中国移动广东公司2019年管理支撑运维第二次公开比选项目_比选公告,https://b2b.10086.cn/b2b/main/viewNoticeContent.html?noticeBean.id=531550,2019-01-04
新疆移动,中国移动新疆分公司体验发展中心2019年音视频维护项目项目_比选公告,https://b2b.10086.cn/b2b/main/viewNoticeContent.html?noticeBean.id=531551,2019-01-04
政企分公司,千里眼自主品牌终端E2X（双目）研发与量产项目_比选公告,https://b2b.10086.cn/b2b/main/viewNoticeContent.html?noticeBean.id=531553,2019-01-04
海南移动,中国移动海南公司2019-2020年电子渠道运营支撑项目_比选公告,https://b2b.10086.cn/b2b/main/viewNoticeContent.html?noticeBean.id=531564,2019-01-04
新疆移动,中国移动新疆分公司2019年互联网内容运维优化服务项目_比选公告,https://b2b.10086.cn/b2b/main/viewNoticeContent.html?noticeBean.id=531572,2019-01-04
