采购单位,标题,链接,发标日期
安徽移动,铜陵移动枞阳县分公司2019—2021年物业管理服务采购项目_比选公告,https://b2b.10086.cn/b2b/main/viewNoticeContent.html?noticeBean.id=600577,2019-10-08
江苏移动,中国移动江苏公司2019-2020年数据安全评估服务项目_比选公告,https://b2b.10086.cn/b2b/main/viewNoticeContent.html?noticeBean.id=600582,2019-10-08
山东移动,山东移动烟台分公司2019年招远市中医院智能楼宇平台采购项目_比选公告,https://b2b.10086.cn/b2b/main/viewNoticeContent.html?noticeBean.id=600600,2019-10-08
河南移动,河南移动商丘分公司2019年-2020年公安局开发区分局视频监控维保采购项目_比选公告,https://b2b.10086.cn/b2b/main/viewNoticeContent.html?noticeBean.id=600609,2019-10-08
四川移动,2019年南充客响系统升级项目_比选公告,https://b2b.10086.cn/b2b/main/viewNoticeContent.html?noticeBean.id=600610,2019-10-08
湖南移动,湖南移动长沙分公司网格数据服务效率与性能提升服务项目_比选公告,https://b2b.10086.cn/b2b/main/viewNoticeContent.html?noticeBean.id=600614,2019-10-08
吉林移动,中国移动吉林公司2019年政企客户部集客业务支撑及维护服务 公开比选项目（二次）_比选公告,https://b2b.10086.cn/b2b/main/viewNoticeContent.html?noticeBean.id=600627,2019-10-08
吉林移动,中国移动吉林公司长春分公司2019年市场营销落地执行补充采购公开比选项目_比选公告,https://b2b.10086.cn/b2b/main/viewNoticeContent.html?noticeBean.id=600628,2019-10-08
安徽移动,叶集区第三期社会治安视频监控系统建设采购项目_询价公告,https://b2b.10086.cn/b2b/main/viewNoticeContent.html?noticeBean.id=600644,2019-10-08
黑龙江移动,黑龙江移动2019年4G室分MIMO窄波束天线采购项目_比选公告,https://b2b.10086.cn/b2b/main/viewNoticeContent.html?noticeBean.id=600660,2019-10-08
山东移动,山东移动2019年网络性能管理工具（NPM）采购项目_招标公告,https://b2b.10086.cn/b2b/main/viewNoticeContent.html?noticeBean.id=600672,2019-10-08
天津移动,2019天津移动空港IDC机房ISO20000及ISO27001管理体系认证技术支撑服务项目_比选公告,https://b2b.10086.cn/b2b/main/viewNoticeContent.html?noticeBean.id=600677,2019-10-08
吉林移动,中国移动吉林公司2019年时间分析仪采购公开比选项目_比选公告,https://b2b.10086.cn/b2b/main/viewNoticeContent.html?noticeBean.id=600689,2019-10-08
设计院,2019年中国移动精准扶贫模式研究咨询服务采购项目_比选公告,https://b2b.10086.cn/b2b/main/viewNoticeContent.html?noticeBean.id=600701,2019-10-08
信息技术公司,2019年电子渠道业务风控感知原型系统研发服务_比选公告,https://b2b.10086.cn/b2b/main/viewNoticeContent.html?noticeBean.id=600713,2019-10-08
浙江移动,中国移动浙江公司2019年度专业公司及直属单位管理会计COA服务_比选公告,https://b2b.10086.cn/b2b/main/viewNoticeContent.html?noticeBean.id=600715,2019-10-08
江苏移动,中国移动江苏公司浦口7-1-CRAN1或6-2-CRAN2业务区机房购置项目_采购变更公告(1),https://b2b.10086.cn/b2b/main/viewNoticeContent.html?noticeBean.id=600726,2019-10-08
总部,网络安全与业务协同支撑体系研究项目采购_比选公告,https://b2b.10086.cn/b2b/main/viewNoticeContent.html?noticeBean.id=600736,2019-10-08
