采购单位,标题,链接,发标日期
北京移动,中国移动北京公司信息系统部业务支撑系统二期数据库一体机采购项目_招标公告,https://b2b.10086.cn/b2b/main/viewNoticeContent.html?noticeBean.id=611786,2019-11-18
北京移动,中国移动北京公司2020-2021年合规管理支撑项目_比选公告,https://b2b.10086.cn/b2b/main/viewNoticeContent.html?noticeBean.id=611802,2019-11-18
河北移动,中国移动河北公司中国移动通信集团河北有限公司沧州分公司ICT“注册制”业务合作商招募项目项目_采购公告,https://b2b.10086.cn/b2b/main/viewNoticeContent.html?noticeBean.id=611854,2019-11-18
吉林移动,中国移动吉林公司2019-2020年地市油机房室内消音降噪及进排风系统公开比选项目_比选公告,https://b2b.10086.cn/b2b/main/viewNoticeContent.html?noticeBean.id=611856,2019-11-18
北京移动,中国移动北京公司DOU价值运营支撑项目_比选公告,https://b2b.10086.cn/b2b/main/viewNoticeContent.html?noticeBean.id=611857,2019-11-18
山东移动,山东移动济南分公司2019年美里湖视频监控综治管控平台采购项目_比选公告,https://b2b.10086.cn/b2b/main/viewNoticeContent.html?noticeBean.id=611873,2019-11-18
江苏移动,中国移动江苏公司东20综合业务区机房购置项目_采购公告,https://b2b.10086.cn/b2b/main/viewNoticeContent.html?noticeBean.id=611877,2019-11-18
陕西移动,2019年至2020年赛门铁克系统维保项目_比选公告,https://b2b.10086.cn/b2b/main/viewNoticeContent.html?noticeBean.id=611881,2019-11-18
甘肃移动,中国移动甘肃公司白银分公司会宁县公安局交通智能管控建设合作伙伴选择项目_比选公告,https://b2b.10086.cn/b2b/main/viewNoticeContent.html?noticeBean.id=611887,2019-11-18
安徽移动,淮北公司市场部宣传营销用马甲采购项目采购公告（第二轮）,https://b2b.10086.cn/b2b/main/viewNoticeContent.html?noticeBean.id=611889,2019-11-18
山东移动,山东移动东营分公司2019年东营区文汇街道办事处“协同办公”软件开发项目_采购公告,https://b2b.10086.cn/b2b/main/viewNoticeContent.html?noticeBean.id=611918,2019-11-18
陕西移动,陕西渭南市华县莲花寺镇少华村等25个小区宽带网元租赁项目_比选公告,https://b2b.10086.cn/b2b/main/viewNoticeContent.html?noticeBean.id=611920,2019-11-18
河北移动,中国移动河北公司中国移动通信集团河北有限公司廊坊分公司ICT“注册制”业务合作商招募项目项目_采购变更公告(1),https://b2b.10086.cn/b2b/main/viewNoticeContent.html?noticeBean.id=611932,2019-11-18
