采购单位,标题,链接,发标日期
重庆移动,2019年分公司办公设备维护服务采购项目（黔江片区：彭水、秀山、酉阳）_比选公告,https://b2b.10086.cn/b2b/main/viewNoticeContent.html?noticeBean.id=566065,2019-05-30
湖南移动,中国湖南移动娄底分公司微波设备支撑服务项目_比选公告,https://b2b.10086.cn/b2b/main/viewNoticeContent.html?noticeBean.id=566081,2019-05-30
云南移动,由请购申请单[中国移动云南公司怒江分公司福贡综合办公楼消防水系统维修项目]创建_采购公告,https://b2b.10086.cn/b2b/main/viewNoticeContent.html?noticeBean.id=566087,2019-05-30
河南移动,河南移动2019年资源池等系统网络安全评估服务采购项目_比选公告,https://b2b.10086.cn/b2b/main/viewNoticeContent.html?noticeBean.id=566088,2019-05-30
在线服务公司,中移在线服务有限公司广东分公司智能安防合作商招募_询价公告,https://b2b.10086.cn/b2b/main/viewNoticeContent.html?noticeBean.id=566094,2019-05-30
江苏移动,中国移动江苏公司网络综合资源八期扩容工程（新资源系统架构）改造采购项目项目_比选公告,https://b2b.10086.cn/b2b/main/viewNoticeContent.html?noticeBean.id=566095,2019-05-30
河南移动,河南移动2019年支撑系统外部安全考核保障采购项目_比选公告,https://b2b.10086.cn/b2b/main/viewNoticeContent.html?noticeBean.id=566096,2019-05-30
终端公司,中国移动通信集团终端有限公司广东分公司4G 终端服务包项目苹果专项服务业务合作伙伴招募公告_采购公告,https://b2b.10086.cn/b2b/main/viewNoticeContent.html?noticeBean.id=566126,2019-05-30
山东移动,山东移动2019年德州分公司陵城区人民医院移动医护服务系统采购项目_比选公告,https://b2b.10086.cn/b2b/main/viewNoticeContent.html?noticeBean.id=566137,2019-05-30
河南移动,河南移动2019年支撑系统和管理信息系统EMC设备维保服务项目_比选公告,https://b2b.10086.cn/b2b/main/viewNoticeContent.html?noticeBean.id=566139,2019-05-30
苏州研发中心,苏州研发中心2019年研发类台式电脑配件采购_询价公告,https://b2b.10086.cn/b2b/main/viewNoticeContent.html?noticeBean.id=566146,2019-05-30
物联网公司,OneLink平台三期工程双活建设子项目-高性能并行处理模型采购项目_招标公告,https://b2b.10086.cn/b2b/main/viewNoticeContent.html?noticeBean.id=566150,2019-05-30
浙江移动,中国移动绍兴分公司2019年--2020年政企5G客户活动服务采购项目_比选公告,https://b2b.10086.cn/b2b/main/viewNoticeContent.html?noticeBean.id=566153,2019-05-30
安徽移动,淮北公司政企部“一元客房”业务用融合网关采购项目_采购公告,https://b2b.10086.cn/b2b/main/viewNoticeContent.html?noticeBean.id=566156,2019-05-30
安徽移动,淮北公司市场部5G体验设备采购项目_采购公告,https://b2b.10086.cn/b2b/main/viewNoticeContent.html?noticeBean.id=566157,2019-05-30
广东移动,中国移动广东公司2019年投资一体化管理提升服务公开比选项目_比选公告,https://b2b.10086.cn/b2b/main/viewNoticeContent.html?noticeBean.id=566162,2019-05-30
广西移动,中国移动广西公司贵港公司2019-2020年物业及秩序维护服务项目_比选公告,https://b2b.10086.cn/b2b/main/viewNoticeContent.html?noticeBean.id=566165,2019-05-30
四川移动,中国移动四川公司2018年企业级大数据中心扩容改造工程（大数据系统软件套件）项目_招标公告,https://b2b.10086.cn/b2b/main/viewNoticeContent.html?noticeBean.id=566183,2019-05-30
政企分公司,中移智行网络科技有限公司ISO29151（个人信息隐私保护管理体系）资质认证及咨询服务公开比选项目_比选公告,https://b2b.10086.cn/b2b/main/viewNoticeContent.html?noticeBean.id=566189,2019-05-30
四川移动,中国移动四川公司2018年企业级大数据中心扩容改造工程（人工智能应用软件）项目_比选公告,https://b2b.10086.cn/b2b/main/viewNoticeContent.html?noticeBean.id=566194,2019-05-30
四川移动,中国移动四川公司2018年企业级大数据中心扩容改造工程（数据资产可视化服务平台）项目_比选公告,https://b2b.10086.cn/b2b/main/viewNoticeContent.html?noticeBean.id=566196,2019-05-30
铁通公司,中移铁通湖南分公司2019年至2020年IT系统开发合作单位框架入围采购项目_比选公告,https://b2b.10086.cn/b2b/main/viewNoticeContent.html?noticeBean.id=566198,2019-05-30
湖北移动,中国移动湖北公司武汉分公司高校营销中心2019-2020年转场服务项目_询价公告,https://b2b.10086.cn/b2b/main/viewNoticeContent.html?noticeBean.id=566201,2019-05-30
重庆移动,2019-2022年主城片区城二（渝北经营部 ）物业服务项目采购_比选公告,https://b2b.10086.cn/b2b/main/viewNoticeContent.html?noticeBean.id=566207,2019-05-30
江苏移动,中国移动江苏公司关于泰州分公司市区营销部办公区改造工程采购方案的请示项目_比选公告,https://b2b.10086.cn/b2b/main/viewNoticeContent.html?noticeBean.id=566233,2019-05-30
