采购单位,标题,链接,发标日期
江苏移动,中国移动江苏公司徐州分公司车辆识别系统改造项目_询价公告,https://b2b.10086.cn/b2b/main/viewNoticeContent.html?noticeBean.id=609740,2019-11-11
北京移动,中国移动北京公司中国石油大学高校融合宽带接入项目采购_比选公告,https://b2b.10086.cn/b2b/main/viewNoticeContent.html?noticeBean.id=609785,2019-11-11
政企分公司,陕西汉阴县人民法院新建审判法庭信息化建设项目设备（中移全通）采购项目_比选公告,https://b2b.10086.cn/b2b/main/viewNoticeContent.html?noticeBean.id=609801,2019-11-11
贵州移动,2019年信息安全合规管理平台运维及优化服务项目_比选公告,https://b2b.10086.cn/b2b/main/viewNoticeContent.html?noticeBean.id=609806,2019-11-11
新疆移动,克州分公司2019年集团客户慰问走访所需物品项目(简易采购)_采购公告,https://b2b.10086.cn/b2b/main/viewNoticeContent.html?noticeBean.id=609824,2019-11-11
新疆移动,阿勒泰分公司2019年动环备品备件维护材料采购项目_询价公告,https://b2b.10086.cn/b2b/main/viewNoticeContent.html?noticeBean.id=609837,2019-11-11
政企分公司,政企分公司2019-2020年致真办公区弱电设备维保项目软件产品维保服务、硬件产品包年维保服务（中移全通）采购项目_比选公告,https://b2b.10086.cn/b2b/main/viewNoticeContent.html?noticeBean.id=609859,2019-11-11
总部,中国移动2019年通信行业发展趋势及市场策略研究_比选公告,https://b2b.10086.cn/b2b/main/viewNoticeContent.html?noticeBean.id=609877,2019-11-11
江苏移动,中国移动江苏公司常州分公司2020年生产经营用车长期租赁项目_比选公告,https://b2b.10086.cn/b2b/main/viewNoticeContent.html?noticeBean.id=609883,2019-11-11
