采购单位,标题,链接,发标日期
成都研究院,中移（成都）信息通信科技有限公司2019年展厅日常接待支撑服务项目_比选公告,https://b2b.10086.cn/b2b/main/viewNoticeContent.html?noticeBean.id=571683,2019-06-20
北京移动,凤落滩业务收敛区业务汇聚机房租赁项目_采购变更公告(1),https://b2b.10086.cn/b2b/main/viewNoticeContent.html?noticeBean.id=571686,2019-06-20
北京移动,熊儿寨业务收敛区业务汇聚机房租赁项目_采购变更公告(1),https://b2b.10086.cn/b2b/main/viewNoticeContent.html?noticeBean.id=571700,2019-06-20
北京移动,体育中心综合业务区1号业务汇聚区机房租赁项目_采购变更公告(1),https://b2b.10086.cn/b2b/main/viewNoticeContent.html?noticeBean.id=571702,2019-06-20
北京移动,陈太务业务收敛区业务汇聚机房租赁项目_采购变更公告(1),https://b2b.10086.cn/b2b/main/viewNoticeContent.html?noticeBean.id=571704,2019-06-20
北京移动,刘家河业务收敛区业务汇聚机房租赁项目_采购变更公告(1),https://b2b.10086.cn/b2b/main/viewNoticeContent.html?noticeBean.id=571705,2019-06-20
北京移动,东高村业务收敛区业务汇聚机房租赁项目_采购变更公告(1),https://b2b.10086.cn/b2b/main/viewNoticeContent.html?noticeBean.id=571711,2019-06-20
北京移动, 红石坎业务收敛区业务汇聚机房租赁项目 _采购变更公告(1),https://b2b.10086.cn/b2b/main/viewNoticeContent.html?noticeBean.id=571712,2019-06-20
中移金科,2019年和包平台网络监控服务项目_比选公告,https://b2b.10086.cn/b2b/main/viewNoticeContent.html?noticeBean.id=571719,2019-06-20
河北移动,中国移动河北公司基于5G无人机的基站勘察、巡检及工程监控系统开发项目项目_比选公告,https://b2b.10086.cn/b2b/main/viewNoticeContent.html?noticeBean.id=571725,2019-06-20
内蒙移动,2019年巴彦淖尔分公司临河区双河镇跃进一组等14个村社开展宽带业务合作项目采购_采购变更公告(1),https://b2b.10086.cn/b2b/main/viewNoticeContent.html?noticeBean.id=571726,2019-06-20
广东移动,中国移动广东公司2019年全省高级财务管理精英培训服务公开比选项目_比选公告,https://b2b.10086.cn/b2b/main/viewNoticeContent.html?noticeBean.id=571728,2019-06-20
内蒙移动,2019年巴彦淖尔分公司五原瑞京小区、新公中镇（标段一）宽带三方合作项目_采购变更公告(1),https://b2b.10086.cn/b2b/main/viewNoticeContent.html?noticeBean.id=571735,2019-06-20
中移金科,2019年和包系统安全检测及新技术新业务评估项目_比选公告,https://b2b.10086.cn/b2b/main/viewNoticeContent.html?noticeBean.id=571736,2019-06-20
设计院,山东分院2019-2021年信息化设备原厂维保服务项目（第二次）_询价公告,https://b2b.10086.cn/b2b/main/viewNoticeContent.html?noticeBean.id=571745,2019-06-20
内蒙移动,2019年巴彦淖尔分公司五原隆兴昌镇新福村、五原隆兴昌镇新兴村一社等宽带三方合作事项_采购变更公告(1),https://b2b.10086.cn/b2b/main/viewNoticeContent.html?noticeBean.id=571747,2019-06-20
广西移动,中国移动广西南宁分公司2019年秋季校园营销T恤等物料采购项目_比选公告,https://b2b.10086.cn/b2b/main/viewNoticeContent.html?noticeBean.id=571748,2019-06-20
西藏移动,中国移动西藏公司林芝分公司2019年市场部核心商圈渠道门店租赁项目_竞争性谈判采购公告,https://b2b.10086.cn/b2b/main/viewNoticeContent.html?noticeBean.id=571768,2019-06-20
咪咕公司,咪咕公司IT资源池三期PaaS层试点工程定制软件采购_招标公告,https://b2b.10086.cn/b2b/main/viewNoticeContent.html?noticeBean.id=571769,2019-06-20
新疆移动,政企客户部“集团客户拓展维系-集团产品及信息化应用体验展示活动”项目_询价公告,https://b2b.10086.cn/b2b/main/viewNoticeContent.html?noticeBean.id=571770,2019-06-20
西藏移动,中国移动通信集团西藏有限公司2019年政企客户分公司展示厅业务支撑项目_比选公告,https://b2b.10086.cn/b2b/main/viewNoticeContent.html?noticeBean.id=571772,2019-06-20
成都研究院,中移（成都）信息通信科技有限公司2019年合作研发通用工时类外协项目_比选采购_变更公告_(1),https://b2b.10086.cn/b2b/main/viewNoticeContent.html?noticeBean.id=571778,2019-06-20
广东移动,中国移动广东公司2019年重要客户服务活动公开比选项目（云浮）_比选公告,https://b2b.10086.cn/b2b/main/viewNoticeContent.html?noticeBean.id=571785,2019-06-20
广西移动,中国移动广西公司河池采供2019-2021年度电梯维护服务采购项目_比选公告,https://b2b.10086.cn/b2b/main/viewNoticeContent.html?noticeBean.id=571789,2019-06-20
苏州研发中心,苏州研发中心2019-2021年PaaS平台能力合作框架采购-商业mysql数据库中间件采购项目_比选公告,https://b2b.10086.cn/b2b/main/viewNoticeContent.html?noticeBean.id=571802,2019-06-20
总部,中国移动集中采购产品质量管理体系研究咨询采购_比选公告,https://b2b.10086.cn/b2b/main/viewNoticeContent.html?noticeBean.id=571804,2019-06-20
江苏移动,中国移动江苏公司2019-2020年华为、中兴外包呼叫中心平台维保服务项目_比选公告,https://b2b.10086.cn/b2b/main/viewNoticeContent.html?noticeBean.id=571807,2019-06-20
重庆移动,重庆经贸职业学院校园信息化ICT项目教室智慧系统设备及集成服务采购项目_招标公告,https://b2b.10086.cn/b2b/main/viewNoticeContent.html?noticeBean.id=571813,2019-06-20
浙江移动,中国移动浙江公司2019年家庭宽带管理扩展审计、政企业务合同审计项目_比选公告,https://b2b.10086.cn/b2b/main/viewNoticeContent.html?noticeBean.id=571818,2019-06-20
湖南移动,衡阳移动综合布线、一卡通系统维修项目_比选公告,https://b2b.10086.cn/b2b/main/viewNoticeContent.html?noticeBean.id=571821,2019-06-20
上海移动,中国移动上海公司临港数据中心二期土建工程施工临时用电设计_比选公告,https://b2b.10086.cn/b2b/main/viewNoticeContent.html?noticeBean.id=571831,2019-06-20
四川移动,中国移动四川公司遂宁分公司2019-2021年业务用品配送服务采购项目_比选公告,https://b2b.10086.cn/b2b/main/viewNoticeContent.html?noticeBean.id=571833,2019-06-20
