采购单位,标题,链接,发标日期
设计院,2019年设计院信息建筑业务部微模块设备平台产品一般性能检测服务项目_询价公告,https://b2b.10086.cn/b2b/main/viewNoticeContent.html?noticeBean.id=547895,2019-03-20
重庆移动,2019年城二分公司集团客户手机维修服务项目_比选公告,https://b2b.10086.cn/b2b/main/viewNoticeContent.html?noticeBean.id=547899,2019-03-20
吉林移动,中国移动吉林公司吉林市分公司2019年市场营销落地执行公开比选项目_比选公告,https://b2b.10086.cn/b2b/main/viewNoticeContent.html?noticeBean.id=547917,2019-03-20
江西移动,萍乡移动市公司本部食堂承包管理采购项目_比选公告,https://b2b.10086.cn/b2b/main/viewNoticeContent.html?noticeBean.id=547923,2019-03-20
甘肃移动,中国移动甘肃公司2019年数据中心一期三阶段高密度机房专项配套工程油机安装及降噪施工采购项目_比选公告,https://b2b.10086.cn/b2b/main/viewNoticeContent.html?noticeBean.id=547933,2019-03-20
重庆移动,2019年永川分公司建维部集团信息化项目维保采购_比选公告,https://b2b.10086.cn/b2b/main/viewNoticeContent.html?noticeBean.id=547941,2019-03-20
移动学院,饮用水消毒器清洗维护公开询价_采购变更公告(1),https://b2b.10086.cn/b2b/main/viewNoticeContent.html?noticeBean.id=547952,2019-03-20
移动学院,大堂LED单色屏维护保养公开询价_采购公告,https://b2b.10086.cn/b2b/main/viewNoticeContent.html?noticeBean.id=547953,2019-03-20
西藏移动,中国移动西藏公司政企客户分公司2019年西藏移动“门禁一卡通”产品技术支撑项目_比选公告,https://b2b.10086.cn/b2b/main/viewNoticeContent.html?noticeBean.id=547956,2019-03-20
广西移动,中国移动（广西）数据中心一期土建工程施工图审查服务采购_比选公告,https://b2b.10086.cn/b2b/main/viewNoticeContent.html?noticeBean.id=547959,2019-03-20
互联网公司,中移互联网有限公司2019-2020年MM业务结算支撑公开比选项目_比选公告,https://b2b.10086.cn/b2b/main/viewNoticeContent.html?noticeBean.id=547961,2019-03-20
浙江移动,中国移动浙江公司2019-2021年IT系统云平台技术支持服务采购项目_比选公告,https://b2b.10086.cn/b2b/main/viewNoticeContent.html?noticeBean.id=547974,2019-03-20
重庆移动,2019年万盛分公司家宽小区分光器扩容整治（一期）项目_比选公告,https://b2b.10086.cn/b2b/main/viewNoticeContent.html?noticeBean.id=547987,2019-03-20
政企分公司,乐山师范学院精准就业管理平台技术服务（中移全通）采购项目_比选公告,https://b2b.10086.cn/b2b/main/viewNoticeContent.html?noticeBean.id=547990,2019-03-20
终端公司,新疆分公司业务外包项目_比选公告,https://b2b.10086.cn/b2b/main/viewNoticeContent.html?noticeBean.id=547991,2019-03-20
物联网公司,NB-IoT 定位产品自主开发项目（模具部分）_询价公告,https://b2b.10086.cn/b2b/main/viewNoticeContent.html?noticeBean.id=547998,2019-03-20
四川移动,中国移动四川公司资阳分公司2018年4G六期第二批工程项目交流电力引入设计项目_采购变更公告(1),https://b2b.10086.cn/b2b/main/viewNoticeContent.html?noticeBean.id=547999,2019-03-20
湖北移动,中国移动湖北公司2019-2020年员工满意度和企业文化咨询服务采购项目_比选公告,https://b2b.10086.cn/b2b/main/viewNoticeContent.html?noticeBean.id=548001,2019-03-20
