采购单位,标题,链接,发标日期
安徽移动,铜陵移动2019-2020年三类特殊渠道服务支撑项目_询价公告,https://b2b.10086.cn/b2b/main/viewNoticeContent.html?noticeBean.id=546732,2019-03-15
湖北移动,中国移动湖北公司鄂州分公司2019年-2022年2月视频监控类维护服务项目_比选公告,https://b2b.10086.cn/b2b/main/viewNoticeContent.html?noticeBean.id=546739,2019-03-15
贵州移动,2019年遵义公司自营厅特许经营合作伙伴采购_竞争性谈判采购公告,https://b2b.10086.cn/b2b/main/viewNoticeContent.html?noticeBean.id=546742,2019-03-15
重庆移动,2019年黔江分公司电脑软件维护服务采购项目_比选公告,https://b2b.10086.cn/b2b/main/viewNoticeContent.html?noticeBean.id=546746,2019-03-15
政企分公司,山东省高密市住房和城乡建设局信息化平台（中移全通）采购项目_比选公告,https://b2b.10086.cn/b2b/main/viewNoticeContent.html?noticeBean.id=546770,2019-03-15
终端公司,中国移动通信集团终端有限公司青海分公司2019年管理输出项目(2)(3)_比选公告,https://b2b.10086.cn/b2b/main/viewNoticeContent.html?noticeBean.id=546772,2019-03-15
咪咕公司,咪咕视讯政企条线行业门户产品支撑服务项目采购_比选公告,https://b2b.10086.cn/b2b/main/viewNoticeContent.html?noticeBean.id=546773,2019-03-15
在线服务公司,中移在线智能电子班牌采购项目_招标公告,https://b2b.10086.cn/b2b/main/viewNoticeContent.html?noticeBean.id=546797,2019-03-15
四川移动,中国移动四川公司乐山分公司2019年家庭宽带用户侧网络质量性能优化服务项目_比选公告,https://b2b.10086.cn/b2b/main/viewNoticeContent.html?noticeBean.id=546812,2019-03-15
广西移动,中国移动广西公司来宾分公司来宾综合业务接入机房地质勘察服务采购项目_比选公告,https://b2b.10086.cn/b2b/main/viewNoticeContent.html?noticeBean.id=546816,2019-03-15
北京移动,中国移动北京公司2019-2020年度欠销客户欠费催缴_比选公告,https://b2b.10086.cn/b2b/main/viewNoticeContent.html?noticeBean.id=546844,2019-03-15
四川移动,中国移动四川公司2019年“和家庭”业务运营支撑项目_比选公告,https://b2b.10086.cn/b2b/main/viewNoticeContent.html?noticeBean.id=546855,2019-03-15
重庆移动,2019年办公电脑及设备维护服务项目（主城片区：城三、万盛、巴南、綦江、长寿）_比选公告,https://b2b.10086.cn/b2b/main/viewNoticeContent.html?noticeBean.id=546872,2019-03-15
