采购单位,标题,链接,发标日期
安徽移动,2019年池州移动东流港区综合执法点监控平台采购项目_询价公告,https://b2b.10086.cn/b2b/main/viewNoticeContent.html?noticeBean.id=602887,2019-10-16
信息技术公司,中移（动）信息2019年系统集成服务（硬件类）集中框架采购项目_招标公告,https://b2b.10086.cn/b2b/main/viewNoticeContent.html?noticeBean.id=602912,2019-10-16
杭州研发中心,中移（杭州）信息技术有限公司2019-2020年度终端应用开发类及测试类外协服务采购项目_比选公告,https://b2b.10086.cn/b2b/main/viewNoticeContent.html?noticeBean.id=602926,2019-10-16
上海移动,中国移动上海公司临港数据中心二期土建工程临时用电施工_比选公告,https://b2b.10086.cn/b2b/main/viewNoticeContent.html?noticeBean.id=602944,2019-10-16
咪咕公司,2019-2021年咪咕视讯软件开发技术支撑项目包4客户端软件交互设计（第三次）_比选公告,https://b2b.10086.cn/b2b/main/viewNoticeContent.html?noticeBean.id=602953,2019-10-16
上海移动,中国移动上海公司北区分公司五角场厅物业管理费_采购公告,https://b2b.10086.cn/b2b/main/viewNoticeContent.html?noticeBean.id=602958,2019-10-16
贵州移动,2019-2021年（24月）黔西南分公司和商务直播现场拍摄导播技术支撑服务项目_比选公告,https://b2b.10086.cn/b2b/main/viewNoticeContent.html?noticeBean.id=602977,2019-10-16
云南移动,中国移动云南公司2019-2021年社会招聘服务支撑采购项目_竞争性谈判采购公告,https://b2b.10086.cn/b2b/main/viewNoticeContent.html?noticeBean.id=602996,2019-10-16
政企分公司,重庆市渝北区人民医院新建医院信息化建设第一期项目配套设备及集成服务（中移全通）采购项目_比选公告,https://b2b.10086.cn/b2b/main/viewNoticeContent.html?noticeBean.id=602998,2019-10-16
四川移动,中国移动四川公司成都分公司2019年成都RDC运营支撑服务项目_比选公告,https://b2b.10086.cn/b2b/main/viewNoticeContent.html?noticeBean.id=603014,2019-10-16
西藏移动,中国移动西藏公司市场经营部2019年语音杂志平台固定支撑项目_比选公告,https://b2b.10086.cn/b2b/main/viewNoticeContent.html?noticeBean.id=603015,2019-10-16
西藏移动,2019年投诉质检及服务支撑项目_比选公告,https://b2b.10086.cn/b2b/main/viewNoticeContent.html?noticeBean.id=603019,2019-10-16
广东移动,中国移动广东公司2019年数据业务信息安全检查业务支撑公开比选项目_比选公告,https://b2b.10086.cn/b2b/main/viewNoticeContent.html?noticeBean.id=603038,2019-10-16
重庆移动,互联网恶意程序监测系统优化开发服务项目_比选公告,https://b2b.10086.cn/b2b/main/viewNoticeContent.html?noticeBean.id=603043,2019-10-16
