采购单位,标题,链接,发标日期
中移金科,2019-2020年自媒体运营支撑项目_比选公告,https://b2b.10086.cn/b2b/main/viewNoticeContent.html?noticeBean.id=606264,2019-10-29
黑龙江移动,黑龙江移动2019年家庭终端翻新产品配件项目_比选公告,https://b2b.10086.cn/b2b/main/viewNoticeContent.html?noticeBean.id=606267,2019-10-29
山东移动,山东移动滨州分公司2019年营业厅运营服务提升项目_比选公告,https://b2b.10086.cn/b2b/main/viewNoticeContent.html?noticeBean.id=606270,2019-10-29
江苏移动,中国移动江苏公司2020年-2021年IDC协维支撑服务项目_比选公告,https://b2b.10086.cn/b2b/main/viewNoticeContent.html?noticeBean.id=606296,2019-10-29
黑龙江移动,黑龙江移动2019年家庭终端翻新产品配件包装材料项目_询价公告,https://b2b.10086.cn/b2b/main/viewNoticeContent.html?noticeBean.id=606300,2019-10-29
福建移动,福建移动厦门分公司2019-2020年数据中心基础设施协维服务项目_比选公告,https://b2b.10086.cn/b2b/main/viewNoticeContent.html?noticeBean.id=606304,2019-10-29
研究院,客户侧OTN管控原型系统开发_比选公告,https://b2b.10086.cn/b2b/main/viewNoticeContent.html?noticeBean.id=606309,2019-10-29
北京移动,中国移动北京公司2019年网络运维转型咨询项目_比选公告,https://b2b.10086.cn/b2b/main/viewNoticeContent.html?noticeBean.id=606321,2019-10-29
政企分公司,四川移动广元分公司卫计E通平台升级改造技术服务（中移全通）采购项目_比选公告,https://b2b.10086.cn/b2b/main/viewNoticeContent.html?noticeBean.id=606328,2019-10-29
江苏移动,中国移动江苏公司扬州分公司“苏中楼新业务体验中心”一体化施工建设采购项目项目_比选公告,https://b2b.10086.cn/b2b/main/viewNoticeContent.html?noticeBean.id=606361,2019-10-29
内蒙移动,中国移动内蒙古公司2019-2020年一枢纽、统筹支撑中心办公空调维护保养项目_比选公告,https://b2b.10086.cn/b2b/main/viewNoticeContent.html?noticeBean.id=606377,2019-10-29
山西移动,中国移动山西公司2019-2020年信息安全中心通讯诈骗大数据分析服务采购项目_比选公告,https://b2b.10086.cn/b2b/main/viewNoticeContent.html?noticeBean.id=606384,2019-10-29
新疆移动,2019-2020年乌分存量基站老旧空调备件项目_比选公告,https://b2b.10086.cn/b2b/main/viewNoticeContent.html?noticeBean.id=606387,2019-10-29
内蒙移动,中国移动内蒙古公司2019年数据安全评估及试点支撑服务项目_比选公告,https://b2b.10086.cn/b2b/main/viewNoticeContent.html?noticeBean.id=606392,2019-10-29
陕西移动,汉中移动2019年南郑保卫村等3处三方宽带网元租赁项目_比选公告,https://b2b.10086.cn/b2b/main/viewNoticeContent.html?noticeBean.id=606408,2019-10-29
北京移动,中国移动北京公司中国传媒和北京工业大学有线融合宽带采购项目_比选公告,https://b2b.10086.cn/b2b/main/viewNoticeContent.html?noticeBean.id=606409,2019-10-29
上海研究院,中国移动2020年至2021年通信工程专业监理服务集中采购（上海产业研究院）项目_招标公告,https://b2b.10086.cn/b2b/main/viewNoticeContent.html?noticeBean.id=606435,2019-10-29
上海移动,中国移动上海公司2019年无线规划及设计能力建设工程-无线规划审核软件开发服务_比选公告,https://b2b.10086.cn/b2b/main/viewNoticeContent.html?noticeBean.id=606441,2019-10-29
福建移动,2019-2021年泉州移动网络光路方案审核支撑项目_比选公告,https://b2b.10086.cn/b2b/main/viewNoticeContent.html?noticeBean.id=606459,2019-10-29
浙江移动,中国移动浙江公司2019年度探索数字家庭生态建设模式、构建千兆时代家庭业务运营新体系技术支持服务_比选公告,https://b2b.10086.cn/b2b/main/viewNoticeContent.html?noticeBean.id=606471,2019-10-29
