采购单位,标题,链接,发标日期
政企分公司,北京智能医院信息化建设-医技预约系统（中移全通）采购项目_比选公告,https://b2b.10086.cn/b2b/main/viewNoticeContent.html?noticeBean.id=626922,2019-12-30
政企分公司,2019年中移全通产品自动化测试平台系统软件研发及系统集成服务采购项目_招标公告,https://b2b.10086.cn/b2b/main/viewNoticeContent.html?noticeBean.id=626925,2019-12-30
政企分公司,安徽省黄山市祁门县公安局37个点位视频监控设备租赁及维护（中移全通）采购项目_比选公告,https://b2b.10086.cn/b2b/main/viewNoticeContent.html?noticeBean.id=626969,2019-12-30
北京移动,中国移动北京公司家庭私有云存储采购项目 _比选公告,https://b2b.10086.cn/b2b/main/viewNoticeContent.html?noticeBean.id=626980,2019-12-30
山东移动,山东移动2019年枣庄分公司公务车定位平台采购项目_比选公告,https://b2b.10086.cn/b2b/main/viewNoticeContent.html?noticeBean.id=627009,2019-12-30
西藏移动,中国移动西藏公司2019年全区家宽端口清查释放仪器统一配置项目_比选公告,https://b2b.10086.cn/b2b/main/viewNoticeContent.html?noticeBean.id=627052,2019-12-30
上海移动,中国移动上海公司国际数据中心一期动力配套项目空调配套第一批扩容工程监理_比选公告,https://b2b.10086.cn/b2b/main/viewNoticeContent.html?noticeBean.id=627059,2019-12-30
设计院,2020-2021年度设计院传统业务非核心能力技术配合服务集中采购项目（电源）_比选采购_变更公告_(1),https://b2b.10086.cn/b2b/main/viewNoticeContent.html?noticeBean.id=627061,2019-12-30
设计院,2020-2021年度设计院传统业务非核心能力技术配合服务集中采购项目（网络）_比选采购_变更公告_(1),https://b2b.10086.cn/b2b/main/viewNoticeContent.html?noticeBean.id=627063,2019-12-30
北京移动,中国移动北京公司2019年家宽游戏业务识别及加速系统二期项目_招标公告,https://b2b.10086.cn/b2b/main/viewNoticeContent.html?noticeBean.id=627066,2019-12-30
重庆移动,2020 年分公司电脑终端及办公设备维护服务联合采购项目(石柱、彭水、黔江)_比选公告,https://b2b.10086.cn/b2b/main/viewNoticeContent.html?noticeBean.id=627075,2019-12-30
苏州研发中心,苏州研发中心中国移动党风廉政建设和监督执纪问责信息化系统信源加密软件、VPN网关采购项目_询价公告,https://b2b.10086.cn/b2b/main/viewNoticeContent.html?noticeBean.id=627076,2019-12-30
宁夏移动,中国移动宁夏公司2020年电视业务监播及测试服务项目_比选公告,https://b2b.10086.cn/b2b/main/viewNoticeContent.html?noticeBean.id=627084,2019-12-30
宁夏移动,中国移动宁夏公司2020年和教育旧系统割接支撑及运维支撑服务采购项目_比选公告,https://b2b.10086.cn/b2b/main/viewNoticeContent.html?noticeBean.id=627085,2019-12-30
浙江移动,中国移动绍兴分公司5G工业互联网边缘云接入设备安全管理技术支持服务项目_比选公告,https://b2b.10086.cn/b2b/main/viewNoticeContent.html?noticeBean.id=627093,2019-12-30
黑龙江移动,黑龙江移动牡丹江分公司2020年通信市场信息调查采购项目_比选公告,https://b2b.10086.cn/b2b/main/viewNoticeContent.html?noticeBean.id=627094,2019-12-30
宁夏移动,中国移动宁夏公司2020年手机支付平台优化服务项目_比选公告,https://b2b.10086.cn/b2b/main/viewNoticeContent.html?noticeBean.id=627105,2019-12-30
宁夏移动,中国移动宁夏公司2020年智慧医疗应用支撑采购项目_比选公告,https://b2b.10086.cn/b2b/main/viewNoticeContent.html?noticeBean.id=627106,2019-12-30
