采购单位,标题,链接,发标日期
总部,中国移动2020年世界移动通信大会（巴塞展）服务支撑合作商采购项目_比选公告,https://b2b.10086.cn/b2b/main/viewNoticeContent.html?noticeBean.id=598314,2019-09-24
福建移动,2019-2020年一线支撑服务台运营支撑服务_比选公告,https://b2b.10086.cn/b2b/main/viewNoticeContent.html?noticeBean.id=598322,2019-09-24
江苏移动,中国移动江苏公司扬州分公司2019-2021年和商务直播运营支撑服务采购方案项目_询价公告,https://b2b.10086.cn/b2b/main/viewNoticeContent.html?noticeBean.id=598331,2019-09-24
政企分公司,中移资本控股有限责任公司办公区信息化技术服务项目音视频设备及弱电材料及集成服务（中移全通）采购项目_比选公告,https://b2b.10086.cn/b2b/main/viewNoticeContent.html?noticeBean.id=598344,2019-09-24
广西移动,中国移动广西公司南宁分公司2019-2021年度员工餐厅食材及日常管理工作的采购项目_比选公告,https://b2b.10086.cn/b2b/main/viewNoticeContent.html?noticeBean.id=598350,2019-09-24
上海移动,中国移动上海公司2019-2021年人事档案管理服务项目_比选公告,https://b2b.10086.cn/b2b/main/viewNoticeContent.html?noticeBean.id=598355,2019-09-24
DXY,移动学院2019年餐饮原材料价格调查网络平台采购项目_采购变更公告(1),https://b2b.10086.cn/b2b/main/viewNoticeContent.html?noticeBean.id=598356,2019-09-24
内蒙移动,中国移动通信集团内蒙古有限公司乌兰察布分公司2019年微信营业厅运营服务项目_比选采购_变更公告_(2),https://b2b.10086.cn/b2b/main/viewNoticeContent.html?noticeBean.id=598357,2019-09-24
陕西移动,2019-2020年西安综合资源维护及资源应用服务项目_比选公告,https://b2b.10086.cn/b2b/main/viewNoticeContent.html?noticeBean.id=598363,2019-09-24
陕西移动,陕西移动IDC支撑管理平台软件采购_招标公告,https://b2b.10086.cn/b2b/main/viewNoticeContent.html?noticeBean.id=598372,2019-09-24
甘肃移动,中国移动甘肃公司2019年安全评估与检测平台三期代码审计软件产品采购项目_比选公告,https://b2b.10086.cn/b2b/main/viewNoticeContent.html?noticeBean.id=598387,2019-09-24
政企分公司,中国移动云南公司2019年云南省人民政府政策研究室网站服务（中移全通）采购项目_比选公告,https://b2b.10086.cn/b2b/main/viewNoticeContent.html?noticeBean.id=598388,2019-09-24
政企分公司,政企分公司办公基础设施硬件维护支撑服务（中移全通）采购项目_比选公告,https://b2b.10086.cn/b2b/main/viewNoticeContent.html?noticeBean.id=598396,2019-09-24
安徽移动,2019年系统应用软件源代码安全检测服务采购_比选公告,https://b2b.10086.cn/b2b/main/viewNoticeContent.html?noticeBean.id=598397,2019-09-24
江苏移动,中国移动江苏公司连云港分公司海州营销中心电梯维保服务项目_询价公告,https://b2b.10086.cn/b2b/main/viewNoticeContent.html?noticeBean.id=598401,2019-09-24
终端公司,云南分公司关于开票服务平台招选项目_采购公告,https://b2b.10086.cn/b2b/main/viewNoticeContent.html?noticeBean.id=598404,2019-09-24
成都研究院,中移（成都）信息通信科技有限公司5G专网无线设备研发项目（5G专网无线设备网管系统开发）_比选公告,https://b2b.10086.cn/b2b/main/viewNoticeContent.html?noticeBean.id=598405,2019-09-24
总部,中国移动通信网络安全威胁研究与情报共享技术支撑项目_比选公告,https://b2b.10086.cn/b2b/main/viewNoticeContent.html?noticeBean.id=598417,2019-09-24
新疆移动,博州分公司2019年教育产品终端安装维护采购项目_比选公告,https://b2b.10086.cn/b2b/main/viewNoticeContent.html?noticeBean.id=598419,2019-09-24
咪咕公司,咪咕互娱游戏业务平台改造五期工程X86＆公有云架构云游戏软件系统单项工程定制开发项目_招标公告,https://b2b.10086.cn/b2b/main/viewNoticeContent.html?noticeBean.id=598420,2019-09-24
江苏移动,中国移动江苏公司2019年传输时间同步分析仪表采购项目_询价公告,https://b2b.10086.cn/b2b/main/viewNoticeContent.html?noticeBean.id=598422,2019-09-24
江苏移动,中国移动江苏公司常州分公司2019-2020年全业务集中调度外包服务项目_比选公告,https://b2b.10086.cn/b2b/main/viewNoticeContent.html?noticeBean.id=598423,2019-09-24
重庆移动,2019年万盛分公司集团客户手机维修采购项目_比选公告,https://b2b.10086.cn/b2b/main/viewNoticeContent.html?noticeBean.id=598429,2019-09-24
海南移动,中国移动海南公司2019年自贸区（港）背景下人力资源再提升咨询项目_竞争性谈判采购公告,https://b2b.10086.cn/b2b/main/viewNoticeContent.html?noticeBean.id=598436,2019-09-24
贵州移动,2019年网络部传输线路整治管理技术支撑服务项目（网管）_比选公告,https://b2b.10086.cn/b2b/main/viewNoticeContent.html?noticeBean.id=598444,2019-09-24
在线服务公司,在线新疆分公司2019-2020年外拓产品客户交流活动支撑服务项目（5）_比选公告,https://b2b.10086.cn/b2b/main/viewNoticeContent.html?noticeBean.id=598448,2019-09-24
上海研究院,中移（上海）产业研究院基于5G技术的航空发动机试验过程远程监控系统项目_比选公告,https://b2b.10086.cn/b2b/main/viewNoticeContent.html?noticeBean.id=598454,2019-09-24
上海研究院,2019-2020年办公网络IT代维服务采购_比选公告,https://b2b.10086.cn/b2b/main/viewNoticeContent.html?noticeBean.id=598456,2019-09-24
陕西移动,2019年业支私有云基础维护服务_比选公告,https://b2b.10086.cn/b2b/main/viewNoticeContent.html?noticeBean.id=598457,2019-09-24
