采购单位,标题,链接,发标日期
铁通公司,中移铁通有限公司江苏分公司手持式综合维护终端（PDA）采购项目_比选公告,https://b2b.10086.cn/b2b/main/viewNoticeContent.html?noticeBean.id=542929,2019-02-27
咪咕公司,2019年视频客户端分省能力下沉运营支撑项目_比选公告,https://b2b.10086.cn/b2b/main/viewNoticeContent.html?noticeBean.id=542933,2019-02-27
河南移动,河南移动2019-2020年电视电话会议系统维保服务项目_比选公告,https://b2b.10086.cn/b2b/main/viewNoticeContent.html?noticeBean.id=542934,2019-02-27
河北移动,中国移动河北公司沧州移动渤海理工学院校园接入二阶段工程系统集成服务项目项目_比选公告,https://b2b.10086.cn/b2b/main/viewNoticeContent.html?noticeBean.id=542938,2019-02-27
政企分公司,云南省统计局四经普移动办公系统开发服务（中移全通）采购项目_比选公告,https://b2b.10086.cn/b2b/main/viewNoticeContent.html?noticeBean.id=542942,2019-02-27
重庆移动,2019年武隆分公司集团客户手机维修服务项目_比选公告,https://b2b.10086.cn/b2b/main/viewNoticeContent.html?noticeBean.id=542965,2019-02-27
重庆移动,互联网业务推荐平台_招标公告,https://b2b.10086.cn/b2b/main/viewNoticeContent.html?noticeBean.id=542969,2019-02-27
重庆移动,12582基地2019年移动互联网业务安全加固服务_比选公告,https://b2b.10086.cn/b2b/main/viewNoticeContent.html?noticeBean.id=542972,2019-02-27
政企分公司,福建省石狮市教育局高中校选课走班系统平台服务类项目（中移全通）采购项目_比选公告,https://b2b.10086.cn/b2b/main/viewNoticeContent.html?noticeBean.id=542978,2019-02-27
内蒙移动,中国移动内蒙古公司2019-2020基站市电维护项目_招标公告,https://b2b.10086.cn/b2b/main/viewNoticeContent.html?noticeBean.id=542983,2019-02-27
内蒙移动,2019年巴彦淖尔移动集团客户行业综合解决方案服务项目_比选公告,https://b2b.10086.cn/b2b/main/viewNoticeContent.html?noticeBean.id=542985,2019-02-27
终端公司,中国移动终端江苏分公司2018年度所得税汇算和2019年日常咨询服务项目供应商引入项目_采购公告,https://b2b.10086.cn/b2b/main/viewNoticeContent.html?noticeBean.id=542988,2019-02-27
政企分公司,黑龙江省森林防火指挥系统建设项目包1系统开发服务(中移全通)采购项目_比选公告,https://b2b.10086.cn/b2b/main/viewNoticeContent.html?noticeBean.id=542989,2019-02-27
江西移动,上饶移动2019年第一批宽服厅业务外包合作商采购项目_采购变更公告(1),https://b2b.10086.cn/b2b/main/viewNoticeContent.html?noticeBean.id=542994,2019-02-27
上海移动,中国移动上海公司2018年业务私有云扩容工程企信通云化迁移配套开发_招标公告,https://b2b.10086.cn/b2b/main/viewNoticeContent.html?noticeBean.id=543011,2019-02-27
政企分公司,总部视频会议室音视频系统改造一期工程_招标公告,https://b2b.10086.cn/b2b/main/viewNoticeContent.html?noticeBean.id=543019,2019-02-27
广东移动,中国移动广东公司2019年NGCRM系统（架构优化部分）扩容工程项目分布式块存储软件采购公开比选项目_比选公告,https://b2b.10086.cn/b2b/main/viewNoticeContent.html?noticeBean.id=543024,2019-02-27
陕西移动,陕西移动2019-2020年ICT项目辅助管理督导服务产品化采购项目_比选公告,https://b2b.10086.cn/b2b/main/viewNoticeContent.html?noticeBean.id=543028,2019-02-27
宁夏移动,中国移动宁夏公司2019年ICT项目支撑管理服务采购项目_比选公告,https://b2b.10086.cn/b2b/main/viewNoticeContent.html?noticeBean.id=543036,2019-02-27
宁夏移动,中国移动宁夏公司固原市第二生产中心智能化系统工程采购项目_招标公告,https://b2b.10086.cn/b2b/main/viewNoticeContent.html?noticeBean.id=543037,2019-02-27
咪咕公司,咪咕视讯2019-2020年香港UTV运营支撑项目_比选公告,https://b2b.10086.cn/b2b/main/viewNoticeContent.html?noticeBean.id=543040,2019-02-27
