采购单位,标题,链接,发标日期
江苏移动,中国移动江苏公司宿迁移动终端回收管理协维服务采购项目项目_比选公告,https://b2b.10086.cn/b2b/main/viewNoticeContent.html?noticeBean.id=580999,2019-07-23
江苏移动,中国移动江苏公司2019年数据业务运营支撑服务(在线音乐会员权益)项目 项目_比选公告,https://b2b.10086.cn/b2b/main/viewNoticeContent.html?noticeBean.id=581013,2019-07-23
山西移动,中国移动山西公司2019年临汾分公司集团客户部校园话机的采购项目_询价公告,https://b2b.10086.cn/b2b/main/viewNoticeContent.html?noticeBean.id=581032,2019-07-23
铁通公司,中移铁通浙江分公司2019年经营用车采购项目_询价公告,https://b2b.10086.cn/b2b/main/viewNoticeContent.html?noticeBean.id=581037,2019-07-23
贵州移动,2019年网络部VoLTE网络健康支撑服务项目_比选公告,https://b2b.10086.cn/b2b/main/viewNoticeContent.html?noticeBean.id=581038,2019-07-23
内蒙移动,中国移动内蒙古公司2019年呼和浩特职业学院信息化工程采购项目_询价公告,https://b2b.10086.cn/b2b/main/viewNoticeContent.html?noticeBean.id=581040,2019-07-23
重庆移动,2019年信息安全系统专项保障服务_比选公告,https://b2b.10086.cn/b2b/main/viewNoticeContent.html?noticeBean.id=581055,2019-07-23
黑龙江移动,黑龙江移动2019年政务系统及IDC容灾系统维保服务项目_比选公告,https://b2b.10086.cn/b2b/main/viewNoticeContent.html?noticeBean.id=581068,2019-07-23
广西移动,中国移动广西有限公司2019年家宽、集客专线预覆盖资源录入服务采购项目_招标公告,https://b2b.10086.cn/b2b/main/viewNoticeContent.html?noticeBean.id=581071,2019-07-23
内蒙移动,中国移动内蒙古公司2019年互联网会员权益联合营销采购项目_询价公告,https://b2b.10086.cn/b2b/main/viewNoticeContent.html?noticeBean.id=581086,2019-07-23
湖南移动,湖南移动娄底分公司2019年网吧支撑服务项目_比选公告,https://b2b.10086.cn/b2b/main/viewNoticeContent.html?noticeBean.id=581096,2019-07-23
内蒙移动,2019年巴彦淖尔分公司中旗贵府、学府小区宽带三方合作项目_采购公告,https://b2b.10086.cn/b2b/main/viewNoticeContent.html?noticeBean.id=581107,2019-07-23
内蒙移动,2019年巴彦淖尔分公司中旗开展城镇平房区宽带三方合作项目_采购公告,https://b2b.10086.cn/b2b/main/viewNoticeContent.html?noticeBean.id=581109,2019-07-23
内蒙移动,2019年巴彦淖尔分公司中旗乌加河、德岭山22个村社宽带三方合作项目_采购公告,https://b2b.10086.cn/b2b/main/viewNoticeContent.html?noticeBean.id=581111,2019-07-23
内蒙移动,中旗分公司开展农村村社宽带三方合作项目_采购公告,https://b2b.10086.cn/b2b/main/viewNoticeContent.html?noticeBean.id=581122,2019-07-23
咪咕公司,咪咕公司5G展示厅支撑服务项目_比选公告,https://b2b.10086.cn/b2b/main/viewNoticeContent.html?noticeBean.id=581145,2019-07-23
山西移动,中国移动山西公司2019-2020年临汾分公司临汾市三通两平台维护服务采购项目_比选公告,https://b2b.10086.cn/b2b/main/viewNoticeContent.html?noticeBean.id=581166,2019-07-23
广西移动,中国移动广西公司2019年土建技术咨询外包服务项目_比选公告,https://b2b.10086.cn/b2b/main/viewNoticeContent.html?noticeBean.id=581169,2019-07-23
铁通公司,中移铁通江苏分公司生产安全集中管理平台建设项目建设可行性研究报告编制服务_询价公告,https://b2b.10086.cn/b2b/main/viewNoticeContent.html?noticeBean.id=581175,2019-07-23
政企分公司,中国移动四川公司2019年成都市自来水七厂饮用水源地监控平台服务（中移全通）采购项目_比选公告,https://b2b.10086.cn/b2b/main/viewNoticeContent.html?noticeBean.id=581176,2019-07-23
