采购单位,标题,链接,发标日期
苏州研发中心,苏州研发中心2019年-2020年网管域-SDN超级控制器模块外协服务框架项目_比选公告,https://b2b.10086.cn/b2b/main/viewNoticeContent.html?noticeBean.id=599399,2019-09-26
山东移动,山东移动烟台分公司2019年网络指挥调度中心大屏显示系统采购项目_比选公告,https://b2b.10086.cn/b2b/main/viewNoticeContent.html?noticeBean.id=599400,2019-09-27
苏州研发中心,苏州研发中心2019-2020年集中化计划建设项目外协服务框架项目_比选公告,https://b2b.10086.cn/b2b/main/viewNoticeContent.html?noticeBean.id=599407,2019-09-26
财务公司,2019年票据业务系统_比选公告,https://b2b.10086.cn/b2b/main/viewNoticeContent.html?noticeBean.id=599432,2019-09-27
重庆移动,2019年涪陵分公司空调维护联合采购项目_比选公告,https://b2b.10086.cn/b2b/main/viewNoticeContent.html?noticeBean.id=599437,2019-09-27
江苏移动,中国移动江苏公司关于无锡分公司车辆租赁（互联网约车及江阴、宜兴营销临时租赁用车）服务的采购项目_比选公告,https://b2b.10086.cn/b2b/main/viewNoticeContent.html?noticeBean.id=599443,2019-09-27
广西移动,中国移动广西公司2019-2020年OSS域业务支撑华迪云平台维保服务采购项目_比选公告,https://b2b.10086.cn/b2b/main/viewNoticeContent.html?noticeBean.id=599448,2019-09-27
浙江移动,中国移动浙江公司2018年网络和信息安全基础能力建设增补项目（APT和WEB威胁监测部分）采购_比选公告,https://b2b.10086.cn/b2b/main/viewNoticeContent.html?noticeBean.id=599467,2019-09-27
重庆移动,2019年服务质量社会监督员运营支撑项目采购_比选公告,https://b2b.10086.cn/b2b/main/viewNoticeContent.html?noticeBean.id=599470,2019-09-27
信息技术公司,2019-2020年电子渠道用户体验认证咨询服务_比选公告,https://b2b.10086.cn/b2b/main/viewNoticeContent.html?noticeBean.id=599477,2019-09-27
山东移动,山东移动2019年滨州、荷泽、德州分公司多联机空调、新风系统设备采购项目_招标公告,https://b2b.10086.cn/b2b/main/viewNoticeContent.html?noticeBean.id=599481,2019-09-27
天津移动,中国移动天津公司2019年英捷特商贸公司网络平台建设项目_询价公告,https://b2b.10086.cn/b2b/main/viewNoticeContent.html?noticeBean.id=599499,2019-09-27
湖南移动,中国移动湖南公司张家界分公司2019年城区（聚类市场及商圈）促销项目（采购包1和5）_比选公告,https://b2b.10086.cn/b2b/main/viewNoticeContent.html?noticeBean.id=599504,2019-09-27
甘肃移动,中国移动甘肃公司酒泉分公司2019年平安东风、森林防火视频监控维护项目_比选公告,https://b2b.10086.cn/b2b/main/viewNoticeContent.html?noticeBean.id=599511,2019-09-27
