采购单位,标题,链接,发标日期
江西移动,广信大厦智能化系统维护外包服务项目_比选公告,https://b2b.10086.cn/b2b/main/viewNoticeContent.html?noticeBean.id=565730,2019-05-29
广西移动,中国移动广西公司桂林分公司2019—2021年度办公楼电梯维护保养服务采购项目_比选公告,https://b2b.10086.cn/b2b/main/viewNoticeContent.html?noticeBean.id=565763,2019-05-29
广西移动,中国移动广西公司桂林分公司2019-2021年仓储管理服务采购项目    _比选公告,https://b2b.10086.cn/b2b/main/viewNoticeContent.html?noticeBean.id=565767,2019-05-29
内蒙移动,中国移动通信集团内蒙古有限公司鄂尔多斯分公司2019年行业客户会议支撑服务项目_招标公告,https://b2b.10086.cn/b2b/main/viewNoticeContent.html?noticeBean.id=565785,2019-05-29
江苏移动,中国移动江苏公司宿迁分公司2019-2020年生产经营用车临时租赁服务采购项目_比选公告,https://b2b.10086.cn/b2b/main/viewNoticeContent.html?noticeBean.id=565807,2019-05-29
河南移动,河南移动2019年网络系统安全测评服务项目_比选公告,https://b2b.10086.cn/b2b/main/viewNoticeContent.html?noticeBean.id=565823,2019-05-29
安徽移动,合肥移动安徽农业大学校园宽带系统集成服务采购项目_询价公告,https://b2b.10086.cn/b2b/main/viewNoticeContent.html?noticeBean.id=565839,2019-05-29
物联网公司,人证核验系统终端、安装、售后服务采购项目（安装、售后服务部分）_比选公告,https://b2b.10086.cn/b2b/main/viewNoticeContent.html?noticeBean.id=565855,2019-05-29
北京移动,2019年租赁朝阳CY-Z047-Y03百子湾业务汇聚区机房项目_采购公告,https://b2b.10086.cn/b2b/main/viewNoticeContent.html?noticeBean.id=565863,2019-05-29
北京移动,中国移动北京公司B1927487 2019年互联网电视业务管理平台扩容工程-----防病毒软件_比选公告,https://b2b.10086.cn/b2b/main/viewNoticeContent.html?noticeBean.id=565872,2019-05-29
北京移动,2019年租赁朝阳CY-Z012-Y03马泉营业务汇聚区机房项目_采购公告,https://b2b.10086.cn/b2b/main/viewNoticeContent.html?noticeBean.id=565876,2019-05-29
北京移动,	2019年租赁朝阳CY-Z037-Y01日坛公园业务汇聚区机房项目_采购公告,https://b2b.10086.cn/b2b/main/viewNoticeContent.html?noticeBean.id=565877,2019-05-29
北京移动,中国移动北京公司2019年租赁朝阳CY-Z057-Y01垡头业务汇聚区机房项目（2）_采购公告,https://b2b.10086.cn/b2b/main/viewNoticeContent.html?noticeBean.id=565879,2019-05-29
