采购单位,标题,链接,发标日期
苏州研发中心,苏州研发中心2020年APP外协服务框架采购项目_比选公告,https://b2b.10086.cn/b2b/main/viewNoticeContent.html?noticeBean.id=619154,2019-12-07
贵州移动,2019-2021年市场部集中运营能力提升服务支撑项目_比选公告,https://b2b.10086.cn/b2b/main/viewNoticeContent.html?noticeBean.id=619157,2019-12-07
政企分公司,贵州5G+AR及5G+VR应用技术服务（中移全通）采购项目_比选公告,https://b2b.10086.cn/b2b/main/viewNoticeContent.html?noticeBean.id=619174,2019-12-07
苏州研发中心,苏州研发中心2019年非标台式电脑采购项目_询价公告,https://b2b.10086.cn/b2b/main/viewNoticeContent.html?noticeBean.id=619175,2019-12-07
