采购单位,标题,链接,发标日期
陕西移动,2019年柞水分公司4G手机卖场房屋租赁项目_采购公告,https://b2b.10086.cn/b2b/main/viewNoticeContent.html?noticeBean.id=568481,2019-06-10
湖北移动,中国移动湖北公司孝感分公司孝南区三环印务综合业务区传输汇聚机房购置项目_(第二次),https://b2b.10086.cn/b2b/main/viewNoticeContent.html?noticeBean.id=568485,2019-06-10
上海研究院,中移上海产业研究院数据处理技术支撑服务_比选公告,https://b2b.10086.cn/b2b/main/viewNoticeContent.html?noticeBean.id=568506,2019-06-10
湖北移动,中国移动湖北公司孝感分公司孝南区远大综合业务区传输汇聚机房购置项目_（第二次））,https://b2b.10086.cn/b2b/main/viewNoticeContent.html?noticeBean.id=568528,2019-06-10
