采购单位,标题,链接,发标日期
安徽移动,安徽移动支撑网安全改造十一期工程OA上网代理网络安全设备采购项目_询价公告,https://b2b.10086.cn/b2b/main/viewNoticeContent.html?noticeBean.id=544052,2019-03-05
重庆移动,2019年铜梁分公司家庭市场业务推广地推场地租赁采购_询价公告,https://b2b.10086.cn/b2b/main/viewNoticeContent.html?noticeBean.id=544065,2019-03-05
设计院,2019-2021年院本部IT办公设备维保服务采购项目_比选公告,https://b2b.10086.cn/b2b/main/viewNoticeContent.html?noticeBean.id=544075,2019-03-05
内蒙移动,中国移动内蒙古公司呼和浩特分公司2019年消防火灾报警系统维护保养服务项目_比选公告,https://b2b.10086.cn/b2b/main/viewNoticeContent.html?noticeBean.id=544077,2019-03-05
江苏移动,中国移动江苏公司中国移动（江苏南京）数据中心二期工程初步勘察采购项目项目_采购公告,https://b2b.10086.cn/b2b/main/viewNoticeContent.html?noticeBean.id=544078,2019-03-05
甘肃移动,中国移动甘肃公司2018年智能家居自助体验系统工程软件开发采购项目_比选公告,https://b2b.10086.cn/b2b/main/viewNoticeContent.html?noticeBean.id=544087,2019-03-05
重庆移动,2019年武隆分公司集团客户手机维修服务项目_比选公告,https://b2b.10086.cn/b2b/main/viewNoticeContent.html?noticeBean.id=544094,2019-03-05
政企分公司,天津创业环保集团股份有限公司官网平台建设（中移全通）采购项目_比选公告,https://b2b.10086.cn/b2b/main/viewNoticeContent.html?noticeBean.id=544098,2019-03-05
湖北移动,中国移动湖北公司襄阳分公司2019年张湾机楼高压系统扩容工程项目_比选公告,https://b2b.10086.cn/b2b/main/viewNoticeContent.html?noticeBean.id=544103,2019-03-05
湖南移动,湖南移动长沙分公司长沙市第一医院4G移动护理接口及软件升级服务ICT项目_比选公告,https://b2b.10086.cn/b2b/main/viewNoticeContent.html?noticeBean.id=544104,2019-03-05
山西移动,中国移动山西公司2019年-2020年网管中心二枢纽IDC水冷系统运行及维保采购项目_比选公告,https://b2b.10086.cn/b2b/main/viewNoticeContent.html?noticeBean.id=544106,2019-03-05
政企分公司,四川财经职业学院信息化支撑服务(中移全通)采购项目_比选公告,https://b2b.10086.cn/b2b/main/viewNoticeContent.html?noticeBean.id=544115,2019-03-05
物联网公司,地质灾害工程项目管理系统服务项目_比选公告,https://b2b.10086.cn/b2b/main/viewNoticeContent.html?noticeBean.id=544125,2019-03-05
政企分公司,贵州省中共江口县委党校信息化业务支撑服务（中移全通）采购项目_比选公告,https://b2b.10086.cn/b2b/main/viewNoticeContent.html?noticeBean.id=544142,2019-03-05
山西移动,中国移动山西公司2019-2021年省公司数据中心环保验收服务采购项目_比选公告,https://b2b.10086.cn/b2b/main/viewNoticeContent.html?noticeBean.id=544159,2019-03-05
