采购单位,标题,链接,发标日期
浙江移动,中国移动浙江公司电信云资源池二期增补及私有云资源池九期增补建设项目数据库一体机采购项目_招标公告,https://b2b.10086.cn/b2b/main/viewNoticeContent.html?noticeBean.id=538201,2019-01-30
重庆移动,2019年城口分公司集团客户手机维修采购项目_比选公告,https://b2b.10086.cn/b2b/main/viewNoticeContent.html?noticeBean.id=538211,2019-01-30
四川移动,中国移动四川公司网管中心2019-2020年互联网游戏加速优化支撑服务项目_比选公告,https://b2b.10086.cn/b2b/main/viewNoticeContent.html?noticeBean.id=538228,2019-01-30
陕西移动,西安分公司周至生产管理用房施工总承包项目采购_比选公告,https://b2b.10086.cn/b2b/main/viewNoticeContent.html?noticeBean.id=538232,2019-01-30
江苏移动,中国移动江苏公司关于淮安分公司2019-2020年全省生产经营用车租赁服务项目采购方案的请示项目_比选公告,https://b2b.10086.cn/b2b/main/viewNoticeContent.html?noticeBean.id=538265,2019-01-30
湖北移动,中国移动湖北公司2019-2020年业务支撑中心citrix维保服务采购_比选公告,https://b2b.10086.cn/b2b/main/viewNoticeContent.html?noticeBean.id=538280,2019-01-30
陕西移动,陕西移动2019年管理创新咨询项目_比选公告,https://b2b.10086.cn/b2b/main/viewNoticeContent.html?noticeBean.id=538292,2019-01-30
上海移动,中国移动上海公司2019-2021年电子渠道视觉和交互设计支撑项目_比选公告,https://b2b.10086.cn/b2b/main/viewNoticeContent.html?noticeBean.id=538296,2019-01-30
上海移动,中国移动上海公司2019-2021年电子渠道运营支撑项目_比选公告,https://b2b.10086.cn/b2b/main/viewNoticeContent.html?noticeBean.id=538298,2019-01-30
政企分公司,云南省司法厅信息化运维服务（中移全通）采购项目_比选公告,https://b2b.10086.cn/b2b/main/viewNoticeContent.html?noticeBean.id=538299,2019-01-30
陕西移动,陕西移动2019年QC小组活动咨询项目_比选公告,https://b2b.10086.cn/b2b/main/viewNoticeContent.html?noticeBean.id=538307,2019-01-30
北京移动,中国移动北京公司渠道中心2018年基础能力提升项目-仓储物流管理系统_比选公告,https://b2b.10086.cn/b2b/main/viewNoticeContent.html?noticeBean.id=538322,2019-01-30
福建移动,厦门移动2019年宽带及互联网电视竞对测试技术支撑服务_比选公告,https://b2b.10086.cn/b2b/main/viewNoticeContent.html?noticeBean.id=538326,2019-01-30
宁夏移动,中国移动宁夏公司2019年IDC机房维护迁改布线项目_比选公告,https://b2b.10086.cn/b2b/main/viewNoticeContent.html?noticeBean.id=538339,2019-01-30
宁夏移动,中国移动宁夏公司2019年信安中心Citrix虚拟化软件维保采购项目_比选公告,https://b2b.10086.cn/b2b/main/viewNoticeContent.html?noticeBean.id=538356,2019-01-30
