采购单位,标题,链接,发标日期
DXY,移动学院2020-2021年UPS电源维护保养服务项目_比选公告,https://b2b.10086.cn/b2b/main/viewNoticeContent.html?noticeBean.id=615346,2019-11-28
DXY,移动学院2020-2021年高压电气设备维护保养服务项目_比选公告,https://b2b.10086.cn/b2b/main/viewNoticeContent.html?noticeBean.id=615348,2019-11-28
苏州研发中心,苏州研发中心2019年第三方售电服务公司售电服务采购项目_询价公告,https://b2b.10086.cn/b2b/main/viewNoticeContent.html?noticeBean.id=615377,2019-11-28
政企分公司,重庆垃圾处理厂信息化系统设备供货及安装（中移全通）采购项目_比选公告,https://b2b.10086.cn/b2b/main/viewNoticeContent.html?noticeBean.id=615382,2019-11-28
安徽移动,淮北公司政企部淮北市相山区商务局等微官网维护项目信息化集成服务_采购公告,https://b2b.10086.cn/b2b/main/viewNoticeContent.html?noticeBean.id=615411,2019-11-28
云南移动,中国移动云南公司数据中心一期项目绿色建筑标识认证服务项目_招标公告,https://b2b.10086.cn/b2b/main/viewNoticeContent.html?noticeBean.id=615441,2019-11-28
河北移动,中国移动河北公司河北移动2019年通信市场调查与数据支撑服务项目项目_比选公告,https://b2b.10086.cn/b2b/main/viewNoticeContent.html?noticeBean.id=615445,2019-11-28
内蒙移动,中国移动（呼和浩特）数据中心2020-2021年消防设施值班与维护项目_比选公告,https://b2b.10086.cn/b2b/main/viewNoticeContent.html?noticeBean.id=615447,2019-11-28
山东移动,山东移动2019年临沂分公司平邑县人民政府上网行为管理器采购项目_比选公告,https://b2b.10086.cn/b2b/main/viewNoticeContent.html?noticeBean.id=615450,2019-11-28
铁通公司,中移铁通广东分公司2019年第二批经营车辆购置采购项目(第2次)_询价公告,https://b2b.10086.cn/b2b/main/viewNoticeContent.html?noticeBean.id=615468,2019-11-28
江苏移动,中国移动江苏公司连云港分公司江苏海洋大学等三所学校公共服务平台项目项目_询价公告,https://b2b.10086.cn/b2b/main/viewNoticeContent.html?noticeBean.id=615475,2019-11-28
江苏移动,中国移动江苏公司关于无锡分公司2019年IDC第三方质量测试评估服务(数据平台业务测试)的采购项目项目_比选公告,https://b2b.10086.cn/b2b/main/viewNoticeContent.html?noticeBean.id=615476,2019-11-28
广西移动,中国移动广西公司5G数据安全体系及工具采购项目_竞争性谈判采购公告,https://b2b.10086.cn/b2b/main/viewNoticeContent.html?noticeBean.id=615508,2019-11-28
