采购单位,标题,链接,发标日期
福建移动,2019年泉州移动石狮分公司办公楼二楼大会议室音响视频扩声系统采购项目_采购变更公告(1),https://b2b.10086.cn/b2b/main/viewNoticeContent.html?noticeBean.id=612181,2019-11-19
湖南移动,湖南移动长沙分公司2020年－2021年办公、营业场地及机房房屋维护及相关配套服务项目_比选公告,https://b2b.10086.cn/b2b/main/viewNoticeContent.html?noticeBean.id=612185,2019-11-19
湖北移动,中国移动湖北公司襄阳分公司枣阳慧星名苑业务区汇聚传输机房购置项目_采购公告,https://b2b.10086.cn/b2b/main/viewNoticeContent.html?noticeBean.id=612186,2019-11-19
河北移动,中国移动河北公司2019年网管资源池建设工程数据库管理平台及优化整合服务项目_招标公告,https://b2b.10086.cn/b2b/main/viewNoticeContent.html?noticeBean.id=612187,2019-11-19
贵州移动,2019年贵安新区分公司市场部客户服务系统支撑服务项目_比选公告,https://b2b.10086.cn/b2b/main/viewNoticeContent.html?noticeBean.id=612223,2019-11-19
河北移动,中国移动河北公司中国移动通信集团河北有限公司邢台分公司ICT“注册制”业务合作商招募项目项目_采购变更公告(1),https://b2b.10086.cn/b2b/main/viewNoticeContent.html?noticeBean.id=612226,2019-11-19
湖北移动,中国移动湖北公司咸宁移动2019年县级综合楼高压配电系统施工_比选公告,https://b2b.10086.cn/b2b/main/viewNoticeContent.html?noticeBean.id=612235,2019-11-19
辽宁移动,中国移动辽宁公司锦州分公司2019-2021年电梯维护保养服务采购项目_询价公告,https://b2b.10086.cn/b2b/main/viewNoticeContent.html?noticeBean.id=612261,2019-11-19
铁通公司,中移铁通有限公司吉林分公司2019年经营用车采购项目_询价公告,https://b2b.10086.cn/b2b/main/viewNoticeContent.html?noticeBean.id=612263,2019-11-19
在线服务公司,在线服务公司广西分公司2020-2021年员工餐厅运营服务项目（第二次 包1）_比选公告,https://b2b.10086.cn/b2b/main/viewNoticeContent.html?noticeBean.id=612266,2019-11-19
辽宁移动,中国移动辽宁公司2019年沈阳数据中心Ⅰ园区水系统的水质优化项目_比选公告,https://b2b.10086.cn/b2b/main/viewNoticeContent.html?noticeBean.id=612293,2019-11-19
中移金科,支付公司安保智能化系统维护项目_比选公告,https://b2b.10086.cn/b2b/main/viewNoticeContent.html?noticeBean.id=612299,2019-11-19
成都研究院,中移（成都）信息通信科技有限公司北京分院“和宝贝”考勤及视频监控业务落地支撑项目_比选公告,https://b2b.10086.cn/b2b/main/viewNoticeContent.html?noticeBean.id=612303,2019-11-19
安徽移动,安徽移动2020-2021年度网间链路优化服务项目（动态缓存加速及国际出口-动态流量优化（策略路由方式））_比选公告,https://b2b.10086.cn/b2b/main/viewNoticeContent.html?noticeBean.id=612307,2019-11-19
江苏移动,中国移动江苏公司徐州公司购置市区东北综合区12业务汇聚机房项目_采购变更公告(1),https://b2b.10086.cn/b2b/main/viewNoticeContent.html?noticeBean.id=612310,2019-11-19
江苏移动,中国移动江苏公司徐州公司购置市区东北综合区9业务汇聚机房项目_采购变更公告(1),https://b2b.10086.cn/b2b/main/viewNoticeContent.html?noticeBean.id=612318,2019-11-19
江苏移动,中国移动江苏公司徐州公司购置铜山东南综合区14业务汇聚机房项目_采购变更公告(1),https://b2b.10086.cn/b2b/main/viewNoticeContent.html?noticeBean.id=612332,2019-11-19
新疆移动,2020年DPI流控系统设备维保服务项目_比选公告,https://b2b.10086.cn/b2b/main/viewNoticeContent.html?noticeBean.id=612338,2019-11-19
湖南移动,株洲分公司市场营销活动及网络维护租用车辆服务项目_比选公告,https://b2b.10086.cn/b2b/main/viewNoticeContent.html?noticeBean.id=612355,2019-11-19
终端公司,云南移动2019年11月智能音箱产品公开寻源采购项目_采购公告,https://b2b.10086.cn/b2b/main/viewNoticeContent.html?noticeBean.id=612375,2019-11-19
内蒙移动,中国移动（呼和浩特）数据中心重要网络单元风险评估服务项目_比选公告,https://b2b.10086.cn/b2b/main/viewNoticeContent.html?noticeBean.id=612379,2019-11-19
福建移动,2019年重保网站内容监测服务_比选公告,https://b2b.10086.cn/b2b/main/viewNoticeContent.html?noticeBean.id=612380,2019-11-19
上海移动,中国移动上海公司2019-2021年自有食堂油烟清洗维护项目_询价公告,https://b2b.10086.cn/b2b/main/viewNoticeContent.html?noticeBean.id=612382,2019-11-19
