采购单位,标题,链接,发标日期
政企分公司,中移全通2019-2020年软件著作权登记服务采购项目_比选公告,https://b2b.10086.cn/b2b/main/viewNoticeContent.html?noticeBean.id=589861,2019-08-23
四川移动,中国移动四川公司2019-2022年全省第一批管理用房及生产枢纽楼公共区域物业管理服务采购项目（成都）_比选公告,https://b2b.10086.cn/b2b/main/viewNoticeContent.html?noticeBean.id=589868,2019-08-23
政企分公司,中国移动四川有限公司德阳分公司什邡市委宣传部舆情监控服务（中移全通）采购项目_比选采购_变更公告_(1),https://b2b.10086.cn/b2b/main/viewNoticeContent.html?noticeBean.id=589874,2019-08-23
内蒙移动,乌海分公司市场部节日营销宣传活动支撑项目_比选公告,https://b2b.10086.cn/b2b/main/viewNoticeContent.html?noticeBean.id=589876,2019-08-23
河南移动,河南移动商丘分公司2019年信息化观展及考察活动采购项目_比选公告,https://b2b.10086.cn/b2b/main/viewNoticeContent.html?noticeBean.id=589889,2019-08-23
江西移动,江西移动2019年商盟商户拓展运营支撑服务采购项目_比选公告,https://b2b.10086.cn/b2b/main/viewNoticeContent.html?noticeBean.id=589909,2019-08-23
苏州研发中心,苏州研发中心2019-2021年虚拟化网络安全系统采购-容器安全平台采购项目_比选公告,https://b2b.10086.cn/b2b/main/viewNoticeContent.html?noticeBean.id=589922,2019-08-23
河北移动,中国移动河北公司2019年本部网管集中备份系统磁带备品备件采购项目_比选公告,https://b2b.10086.cn/b2b/main/viewNoticeContent.html?noticeBean.id=589924,2019-08-23
河北移动,中国移动河北公司2018年网优平台建设工程（自动调度容量管控子系统）项目_比选公告,https://b2b.10086.cn/b2b/main/viewNoticeContent.html?noticeBean.id=589936,2019-08-23
湖南移动,湖南移动2019年纸质业务单据电子化能力采购项目_比选公告,https://b2b.10086.cn/b2b/main/viewNoticeContent.html?noticeBean.id=589945,2019-08-23
贵州移动,2019年网络部无线网板件调校技术支撑服务项目_比选公告,https://b2b.10086.cn/b2b/main/viewNoticeContent.html?noticeBean.id=589947,2019-08-23
北京移动,中国移动北京公司2019-2020年手机支付省平台运营支撑项目_比选公告,https://b2b.10086.cn/b2b/main/viewNoticeContent.html?noticeBean.id=589955,2019-08-23
西藏移动,中国移动西藏公司市场经营部2019年广告宣传印刷品采购项目_比选公告,https://b2b.10086.cn/b2b/main/viewNoticeContent.html?noticeBean.id=589972,2019-08-23
江苏移动,中国移动江苏公司2019年苏州分公司行业信息化概念厅项目项目_比选公告,https://b2b.10086.cn/b2b/main/viewNoticeContent.html?noticeBean.id=589979,2019-08-23
安徽移动,枞阳县交通运输局源头治超监管系统采购项目_询价公告,https://b2b.10086.cn/b2b/main/viewNoticeContent.html?noticeBean.id=589985,2019-08-23
贵州移动,2019-2020年（12个月）贵阳公司政企专线及中小企业运营支撑服务项目_比选公告,https://b2b.10086.cn/b2b/main/viewNoticeContent.html?noticeBean.id=589986,2019-08-23
设计院,2019-2020年设计院采购合规性支撑服务项目_比选公告,https://b2b.10086.cn/b2b/main/viewNoticeContent.html?noticeBean.id=589992,2019-08-23
