采购单位,标题,链接,发标日期
天津移动,2019年家庭产品运营支撑服务框架项目_比选公告,https://b2b.10086.cn/b2b/main/viewNoticeContent.html?noticeBean.id=535025,2019-01-17
山东移动,山东移动济宁分公司2019年济宁市烟草公司公车管理平台采购项目_比选公告,https://b2b.10086.cn/b2b/main/viewNoticeContent.html?noticeBean.id=535051,2019-01-17
政企分公司,湖南省湘潭市雨湖区“雪亮工程”租赁服务项目平台服务（中移全通）采购项目_比选公告,https://b2b.10086.cn/b2b/main/viewNoticeContent.html?noticeBean.id=535072,2019-01-17
江西移动,江西移动鹰潭地区2019年食材供货平台采购项目采购包1_询价公告,https://b2b.10086.cn/b2b/main/viewNoticeContent.html?noticeBean.id=535081,2019-01-17
信息技术公司,2019年信息化服务管理平台五期工程(公开招标)_招标公告,https://b2b.10086.cn/b2b/main/viewNoticeContent.html?noticeBean.id=535082,2019-01-17
江西移动,江西移动鹰潭地区2019年食材供货平台采购项目采购包2_比选公告,https://b2b.10086.cn/b2b/main/viewNoticeContent.html?noticeBean.id=535096,2019-01-17
江苏移动,中国移动江苏公司连云港市邮政管理局综合布线项目采购项目_询价公告,https://b2b.10086.cn/b2b/main/viewNoticeContent.html?noticeBean.id=535113,2019-01-17
甘肃移动,中国移动甘肃公司中临夏分公司临夏回族自治州商务局商务执法平台项目_比选公告,https://b2b.10086.cn/b2b/main/viewNoticeContent.html?noticeBean.id=535129,2019-01-17
浙江移动,中国移动嘉兴分公司2019年度政企客户现场端走访监测服务项目_比选公告,https://b2b.10086.cn/b2b/main/viewNoticeContent.html?noticeBean.id=535133,2019-01-17
甘肃移动,中国移动甘肃公司2019-2020年校园信息机合作运营服务采购项目_比选公告,https://b2b.10086.cn/b2b/main/viewNoticeContent.html?noticeBean.id=535138,2019-01-17
辽宁移动,中国移动辽宁公司2019年中控系统技术支持服务框架项目_比选公告,https://b2b.10086.cn/b2b/main/viewNoticeContent.html?noticeBean.id=535141,2019-01-17
河南移动,中国移动河南公司郑州分公司郑州经济技术开发区食品药品监督管理局智慧平台建设合作伙伴引入项目_采购公告,https://b2b.10086.cn/b2b/main/viewNoticeContent.html?noticeBean.id=535152,2019-01-17
山西移动,中国移动山西公司2019年-2020年度运城分公司安防系统维保服务的采购项目_比选公告,https://b2b.10086.cn/b2b/main/viewNoticeContent.html?noticeBean.id=535154,2019-01-17
湖北移动,中国移动湖北公司2019-2020年数字KVM、LCD一体机以及串口管理器项目采购_招标公告,https://b2b.10086.cn/b2b/main/viewNoticeContent.html?noticeBean.id=535158,2019-01-17
山东移动,山东移动泰安分公司2018年泰安市公安局本地化公车管理软件采购项目_比选公告,https://b2b.10086.cn/b2b/main/viewNoticeContent.html?noticeBean.id=535164,2019-01-17
山东移动,山东移动济宁分公司2019年嘉祥县孟姑集镇政府协同办公系统采购项目_比选公告,https://b2b.10086.cn/b2b/main/viewNoticeContent.html?noticeBean.id=535167,2019-01-17
政企分公司,上海嘉定区公共安全视频监控建设联网应用项目嘉定工业区前端新建及复接点位集成及运维服务（中移全通）采购项目_比选公告,https://b2b.10086.cn/b2b/main/viewNoticeContent.html?noticeBean.id=535168,2019-01-17
西藏移动,中国移动西藏公司关于2019年智慧家庭全业务运营支撑服务采购项目_比选公告,https://b2b.10086.cn/b2b/main/viewNoticeContent.html?noticeBean.id=535173,2019-01-17
新疆移动,中国移动新疆分公司2019年新疆移动来电管家等业务平台维保服务项目项目_比选公告,https://b2b.10086.cn/b2b/main/viewNoticeContent.html?noticeBean.id=535174,2019-01-17
山西移动,中国移动山西公司2018年省公司信息技术部企业级资源池分布式块存储（软件）采购项目_比选公告,https://b2b.10086.cn/b2b/main/viewNoticeContent.html?noticeBean.id=535175,2019-01-17
山西移动,中国移动山西公司2018年-2019年长治医学院校园信息化建设的采购项目_招标公告,https://b2b.10086.cn/b2b/main/viewNoticeContent.html?noticeBean.id=535178,2019-01-17
湖北移动,中国移动湖北公司铁路覆盖多系统合路平台（POI）及配套机柜采购（第二次）_比选公告,https://b2b.10086.cn/b2b/main/viewNoticeContent.html?noticeBean.id=535179,2019-01-17
云南移动,中国移动云南公司昆明分公司盘龙分公司弱电系统装修安装项目_竞争性谈判采购公告,https://b2b.10086.cn/b2b/main/viewNoticeContent.html?noticeBean.id=535186,2019-01-17
江苏移动,中国移动江苏公司连云港分公司校园营销团队业务管理应用软件项目_询价公告,https://b2b.10086.cn/b2b/main/viewNoticeContent.html?noticeBean.id=535190,2019-01-17
江苏移动,中国移动江苏公司宿迁移动互联网数据协维服务采购项目项目_比选公告,https://b2b.10086.cn/b2b/main/viewNoticeContent.html?noticeBean.id=535202,2019-01-17
新疆移动,中国移动新疆分公司巴州分公司2018年和对讲三级平台集成项目_比选公告,https://b2b.10086.cn/b2b/main/viewNoticeContent.html?noticeBean.id=535217,2019-01-17
