采购单位,标题,链接,发标日期
政企分公司,四川移动中石化车辆管理系统集成服务（中移全通）采购项目_比选公告,https://b2b.10086.cn/b2b/main/viewNoticeContent.html?noticeBean.id=533295,2019-01-11
重庆移动,2019年城口分公司集团客户手机维修采购项目_比选公告,https://b2b.10086.cn/b2b/main/viewNoticeContent.html?noticeBean.id=533297,2019-01-11
政企分公司,四川财经职业学院信息化支撑服务(中移全通)采购项目_比选公告,https://b2b.10086.cn/b2b/main/viewNoticeContent.html?noticeBean.id=533302,2019-01-11
政企分公司,互联网医疗国家工程实验室应急救援平台一期（中移全通）采购项目_比选公告,https://b2b.10086.cn/b2b/main/viewNoticeContent.html?noticeBean.id=533312,2019-01-11
政企分公司,2018年云南省人大地方立法和备案审查信息化建设（中移全通）采购项目_比选公告,https://b2b.10086.cn/b2b/main/viewNoticeContent.html?noticeBean.id=533346,2019-01-11
四川移动,中国移动四川公司2018-2019年政企客户部综合性支撑服务项目_比选公告,https://b2b.10086.cn/b2b/main/viewNoticeContent.html?noticeBean.id=533364,2019-01-11
江西移动,南昌交管局违法抓拍举报项目中需使用违法举报平台项目_询价公告,https://b2b.10086.cn/b2b/main/viewNoticeContent.html?noticeBean.id=533371,2019-01-11
政企分公司,广东省深圳市坪山区值班应急与智慧管理指挥中心网络ICT集成服务（中移全通）采购项目_比选公告,https://b2b.10086.cn/b2b/main/viewNoticeContent.html?noticeBean.id=533393,2019-01-11
河南移动,河南移动2019年IDC等系统等级保护评测项目_比选公告,https://b2b.10086.cn/b2b/main/viewNoticeContent.html?noticeBean.id=533402,2019-01-11
江苏移动,中国移动江苏公司南京移动溧水大区物流IDC机楼冷冻水空调维护服务项目_比选公告,https://b2b.10086.cn/b2b/main/viewNoticeContent.html?noticeBean.id=533406,2019-01-11
咪咕公司,咪咕视讯内容传播矩阵二期工程内容传播矩阵平台开发软件(1)_招标公告,https://b2b.10086.cn/b2b/main/viewNoticeContent.html?noticeBean.id=533410,2019-01-11
江苏移动,中国移动江苏公司常州分公司2019年社区灯箱运营项目_询价公告,https://b2b.10086.cn/b2b/main/viewNoticeContent.html?noticeBean.id=533412,2019-01-11
新疆移动,中国移动新疆分公司新疆移动PPPOE系统信息技术服务项目项目_比选公告,https://b2b.10086.cn/b2b/main/viewNoticeContent.html?noticeBean.id=533428,2019-01-11
政企分公司,中国移动行业视频智能分析平台一期工程_招标公告,https://b2b.10086.cn/b2b/main/viewNoticeContent.html?noticeBean.id=533436,2019-01-11
湖北移动,中国移动湖北公司2019年内容网络CDN资源引入支撑服务_比选公告,https://b2b.10086.cn/b2b/main/viewNoticeContent.html?noticeBean.id=533437,2019-01-11
广东移动,中国移动广东公司2019年管理支撑域专有硬件系统运维支撑公开比选项目_比选公告,https://b2b.10086.cn/b2b/main/viewNoticeContent.html?noticeBean.id=533442,2019-01-11
研究院,研究院2018-2019年（一年期）安全资质维护服务项目_比选公告,https://b2b.10086.cn/b2b/main/viewNoticeContent.html?noticeBean.id=533451,2019-01-11
铁通公司,2019年中移铁通福建分公司核心机房消防系统维保集中采购（第二次）_比选公告,https://b2b.10086.cn/b2b/main/viewNoticeContent.html?noticeBean.id=533461,2019-01-11
山东移动,山东移动威海分公司2018年三土能源ERP平台开发项目_比选公告,https://b2b.10086.cn/b2b/main/viewNoticeContent.html?noticeBean.id=533477,2019-01-11
陕西移动,南郑里仁村等4处宽带网元租赁项目_比选公告,https://b2b.10086.cn/b2b/main/viewNoticeContent.html?noticeBean.id=533478,2019-01-11
河南移动,河南移动2019年网管支撑系统veritas软件和网络及安全设备硬件维保服务项目_比选公告,https://b2b.10086.cn/b2b/main/viewNoticeContent.html?noticeBean.id=533482,2019-01-11
政企分公司,福建省中国共产党福州市长乐区委员会党校长乐党校新校区智能化系统购置服务类（中移全通）采购项目_比选公告,https://b2b.10086.cn/b2b/main/viewNoticeContent.html?noticeBean.id=533483,2019-01-11
陕西移动,南郑黄官镇正街等2处宽带网元租赁项目_比选公告,https://b2b.10086.cn/b2b/main/viewNoticeContent.html?noticeBean.id=533499,2019-01-11
新疆移动,中国移动新疆分公司哈密移动2018年全信通业务代维服务项目_比选公告,https://b2b.10086.cn/b2b/main/viewNoticeContent.html?noticeBean.id=533502,2019-01-11
江苏移动,中国移动江苏公司昆山前进西路综合楼智能化改造项目设计单位的请购项目_比选公告,https://b2b.10086.cn/b2b/main/viewNoticeContent.html?noticeBean.id=533508,2019-01-11
甘肃移动,中国移动甘肃公司2019年数据中心一期三阶段通信电源专项配套工程新风系统改造采购项目_比选公告,https://b2b.10086.cn/b2b/main/viewNoticeContent.html?noticeBean.id=533513,2019-01-11
甘肃移动,中国移动甘肃公司2018年数据中心一期三阶段通信电源专项配套工程母线排测温采购项目_比选公告,https://b2b.10086.cn/b2b/main/viewNoticeContent.html?noticeBean.id=533515,2019-01-11
河北移动,中国移动河北公司河北移动保定、廊坊数据中心空调耗材项目项目_比选公告,https://b2b.10086.cn/b2b/main/viewNoticeContent.html?noticeBean.id=533520,2019-01-11
信息技术公司,2018-2019年基于图形堡垒的视频智能审计系统研发服务采购项目_比选公告,https://b2b.10086.cn/b2b/main/viewNoticeContent.html?noticeBean.id=533525,2019-01-11
云南移动,中国移动云南公司昭通分公司昭通分公司发改委目录编制技术支撑服务项目_比选公告,https://b2b.10086.cn/b2b/main/viewNoticeContent.html?noticeBean.id=533530,2019-01-11
河南移动,河南移动2019年手持式闭环自动测试APP应用支撑服务项目_比选公告,https://b2b.10086.cn/b2b/main/viewNoticeContent.html?noticeBean.id=533537,2019-01-11
山西移动,中国移动山西公司2018年网络管理中心核心机房绝缘胶垫的采购项目_比选公告,https://b2b.10086.cn/b2b/main/viewNoticeContent.html?noticeBean.id=533541,2019-01-11
新疆移动,中国移动新疆分公司北京路空调室外机平台降噪改造施工服务采购申请项目_比选公告,https://b2b.10086.cn/b2b/main/viewNoticeContent.html?noticeBean.id=533542,2019-01-11
内蒙移动,内蒙古移动阿拉善分公司2018年4G六期广覆盖工程铁塔及配套租赁项目_比选公告,https://b2b.10086.cn/b2b/main/viewNoticeContent.html?noticeBean.id=533547,2019-01-11
新疆移动,中国移动新疆分公司巴州分公司2018年和对讲三级平台集成项目_比选公告,https://b2b.10086.cn/b2b/main/viewNoticeContent.html?noticeBean.id=533554,2019-01-11
新疆移动,中国移动新疆分公司2019年集客行业精细化分析与管理体系项目项目_比选公告,https://b2b.10086.cn/b2b/main/viewNoticeContent.html?noticeBean.id=533566,2019-01-11
政企分公司,从江县安全监管信息化展示平台项目软硬件（中移全通）采购项目_比选公告,https://b2b.10086.cn/b2b/main/viewNoticeContent.html?noticeBean.id=533575,2019-01-11
