采购单位,标题,链接,发标日期
铁通公司,中移铁通有限公司广东分公司2019年-2021年维护业务劳务分包采购项目(第2次)_比选公告,https://b2b.10086.cn/b2b/main/viewNoticeContent.html?noticeBean.id=621093,2019-12-13
在线服务公司,在线服务公司贵州分公司2019年业务运营服务支撑项目_比选公告,https://b2b.10086.cn/b2b/main/viewNoticeContent.html?noticeBean.id=621103,2019-12-13
上海移动,中国移动上海公司2020年-2022年消防维护项目_比选公告,https://b2b.10086.cn/b2b/main/viewNoticeContent.html?noticeBean.id=621127,2019-12-13
政企分公司,新疆2019年和田分公司和田地区社会资源监控共享平台（一期）（中移全通）采购项目_比选公告,https://b2b.10086.cn/b2b/main/viewNoticeContent.html?noticeBean.id=621129,2019-12-13
福建移动,福建移动厦门分公司2019年电动自行车智能充电桩采购项目_比选公告,https://b2b.10086.cn/b2b/main/viewNoticeContent.html?noticeBean.id=621130,2019-12-13
江苏移动,中国移动江苏公司信息通信集成运营中心江苏省财政厅公有云二期项目配套安全产品采购项目_比选公告,https://b2b.10086.cn/b2b/main/viewNoticeContent.html?noticeBean.id=621131,2019-12-13
河南移动,中国移动河南公司郑州分公司中原区教育大数据平台合作伙伴引入项目_采购公告,https://b2b.10086.cn/b2b/main/viewNoticeContent.html?noticeBean.id=621152,2019-12-13
西藏移动,中国移动西藏公司拉萨分公司2020年监控设备及LED显示屏维护项目_比选公告,https://b2b.10086.cn/b2b/main/viewNoticeContent.html?noticeBean.id=621160,2019-12-13
辽宁移动,中国移动辽宁公司2019-2020年政企信息化解决方案支撑服务项目_比选公告,https://b2b.10086.cn/b2b/main/viewNoticeContent.html?noticeBean.id=621161,2019-12-13
终端公司,中国移动通信集团终端有限公司江苏分公司苏州营销中心2019-2024年办公用房租赁项目_采购公告,https://b2b.10086.cn/b2b/main/viewNoticeContent.html?noticeBean.id=621175,2019-12-13
广西移动,中国移动广西公司北海分公司北海市奇珠大厦业务汇聚机房2的采购项目（TD投资）_采购变更公告(2),https://b2b.10086.cn/b2b/main/viewNoticeContent.html?noticeBean.id=621181,2019-12-13
山东移动,山东移动潍坊分公司2019年办公楼楼宇视频系统采购项目_采购公告,https://b2b.10086.cn/b2b/main/viewNoticeContent.html?noticeBean.id=621193,2019-12-13
浙江移动,中国移动金华分公司2020年度微信客户经理运营支撑服务项目_比选公告,https://b2b.10086.cn/b2b/main/viewNoticeContent.html?noticeBean.id=621194,2019-12-13
江苏移动,中国移动江苏公司2020-2021年网络部数据库及备份软件第三方技术支持服务项目_比选公告,https://b2b.10086.cn/b2b/main/viewNoticeContent.html?noticeBean.id=621197,2019-12-13
咪咕公司,咪咕公司2020-2021年区域销售支撑服务项目_比选公告,https://b2b.10086.cn/b2b/main/viewNoticeContent.html?noticeBean.id=621202,2019-12-13
终端公司,中国移动终端公司2019年11月物流咨询采购项目_比选公告,https://b2b.10086.cn/b2b/main/viewNoticeContent.html?noticeBean.id=621205,2019-12-13
铁通公司,中移铁通北京分公司昌平地区2020年定期清洗维护采购项目_比选公告,https://b2b.10086.cn/b2b/main/viewNoticeContent.html?noticeBean.id=621209,2019-12-13
江苏移动,中国移动江苏公司宿迁分公司市场业务稽核外包服务采购项目_比选公告,https://b2b.10086.cn/b2b/main/viewNoticeContent.html?noticeBean.id=621223,2019-12-13
湖北移动,中国移动湖北公司十堰分公司城区2019年生产调度用房会议系统设备采购项目_询价公告,https://b2b.10086.cn/b2b/main/viewNoticeContent.html?noticeBean.id=621228,2019-12-13
安徽移动,合肥移动2020-2021年网络感知评估服务采购项目_询价公告,https://b2b.10086.cn/b2b/main/viewNoticeContent.html?noticeBean.id=621231,2019-12-13
政企分公司,安徽淮南凤台县国土资源局监控平台相关设备和服务（中移全通）采购项目_比选公告,https://b2b.10086.cn/b2b/main/viewNoticeContent.html?noticeBean.id=621234,2019-12-13
辽宁移动,中国移动辽宁公司2020年视频类社交媒体运营支撑项目_比选公告,https://b2b.10086.cn/b2b/main/viewNoticeContent.html?noticeBean.id=621252,2019-12-13
吉林移动,中国移动吉林公司2019年高新生产中心2号、3号楼冷源水泵系统变频节能优化改造服务公开比选项目_比选公告,https://b2b.10086.cn/b2b/main/viewNoticeContent.html?noticeBean.id=621259,2019-12-13
湖南移动,邵阳移动2019年双微公众号运营支撑_比选公告,https://b2b.10086.cn/b2b/main/viewNoticeContent.html?noticeBean.id=621262,2019-12-13
政企分公司,2019年四川省绵阳市盐亭县公安局天网一期维护服务（中移全通）采购项目_比选公告,https://b2b.10086.cn/b2b/main/viewNoticeContent.html?noticeBean.id=621275,2019-12-13
广西移动,中国移动广西公司2019-2020年度政企综合业务接入平台（MSAP）产品框架采购项目_招标公告,https://b2b.10086.cn/b2b/main/viewNoticeContent.html?noticeBean.id=621321,2019-12-13
