采购单位,标题,链接,发标日期
福建移动,福建移动莆田分公司2019年集团客户手机终端维修服务公开询价采购_询价公告,https://b2b.10086.cn/b2b/main/viewNoticeContent.html?noticeBean.id=547167,2019-03-18
广西移动,中国移动广西有限公司2019年企业传播支撑项目_比选公告,https://b2b.10086.cn/b2b/main/viewNoticeContent.html?noticeBean.id=547184,2019-03-18
咪咕公司,咪咕视讯2019-2020年香港UTV运营支撑项目_比选公告,https://b2b.10086.cn/b2b/main/viewNoticeContent.html?noticeBean.id=547189,2019-03-18
四川移动,中国移动四川公司德阳分公司2019年校园迎新系统技术服务项目_比选公告,https://b2b.10086.cn/b2b/main/viewNoticeContent.html?noticeBean.id=547193,2019-03-18
安徽移动,滁州移动公司智能售货系统询价项目_询价公告,https://b2b.10086.cn/b2b/main/viewNoticeContent.html?noticeBean.id=547196,2019-03-18
云南移动,中国移动云南公司临沧分公司2019-2021年本地电视节目系统维保服务项目_竞争性谈判采购公告,https://b2b.10086.cn/b2b/main/viewNoticeContent.html?noticeBean.id=547198,2019-03-18
江西移动,崇仁河长制软件平台采购_询价公告,https://b2b.10086.cn/b2b/main/viewNoticeContent.html?noticeBean.id=547207,2019-03-18
西藏移动,中国移动西藏公司2019年客户满意度调查及短板提升项目-2_比选公告,https://b2b.10086.cn/b2b/main/viewNoticeContent.html?noticeBean.id=547238,2019-03-18
福建移动,中国移动福建公司2019-2020年度员工EAP管理服务公开比选采购项目_比选公告,https://b2b.10086.cn/b2b/main/viewNoticeContent.html?noticeBean.id=547267,2019-03-18
贵州移动,2019-2021年（24个月）市场部宽带运营服务支撑项目_比选公告,https://b2b.10086.cn/b2b/main/viewNoticeContent.html?noticeBean.id=547293,2019-03-18
