采购单位,标题,链接,发标日期
重庆移动,2019年武隆分公司IT终端及办公设备维修维护服务项目_比选公告,https://b2b.10086.cn/b2b/main/viewNoticeContent.html?noticeBean.id=536528,2019-01-23
新疆移动,中国移动新疆分公司2018-2019年业务支撑中心数据监控工程项目项目_比选公告,https://b2b.10086.cn/b2b/main/viewNoticeContent.html?noticeBean.id=536561,2019-01-23
上海移动,中国移动上海公司2019年上海移动云业务应用迁移服务_比选公告,https://b2b.10086.cn/b2b/main/viewNoticeContent.html?noticeBean.id=536572,2019-01-23
终端公司,云南分公司华为mate10 4G+双系统版本公开询价项目_询价公告,https://b2b.10086.cn/b2b/main/viewNoticeContent.html?noticeBean.id=536584,2019-01-23
政企分公司,山东省2018年邹城钢山等9处秸秆焚烧监控智能分析系统开发服务（中移全通）采购项目_比选公告,https://b2b.10086.cn/b2b/main/viewNoticeContent.html?noticeBean.id=536586,2019-01-23
江苏移动,中国移动江苏公司昆山前进西路综合楼智能化改造项目设计单位的请购项目_比选公告,https://b2b.10086.cn/b2b/main/viewNoticeContent.html?noticeBean.id=536590,2019-01-23
广东移动,中国移动广东公司2019年NGCRM系统性能管控支持服务公开比选项目_比选公告,https://b2b.10086.cn/b2b/main/viewNoticeContent.html?noticeBean.id=536592,2019-01-23
政企分公司,和对讲五期二阶段（渠道代理管理系统与Linux客户端）(第二次）_招标公告,https://b2b.10086.cn/b2b/main/viewNoticeContent.html?noticeBean.id=536614,2019-01-23
内蒙移动,中国移动（呼和浩特）数据中心2019年消防设施维护备品备件采购项目_询价公告,https://b2b.10086.cn/b2b/main/viewNoticeContent.html?noticeBean.id=536617,2019-01-23
重庆移动,统一资源池IT域四、五期项目块存储一体机采购_招标公告,https://b2b.10086.cn/b2b/main/viewNoticeContent.html?noticeBean.id=536619,2019-01-23
新疆移动,中国移动新疆分公司2019-2020年新疆移动安全管控平台维保服务项目_比选公告,https://b2b.10086.cn/b2b/main/viewNoticeContent.html?noticeBean.id=536623,2019-01-23
新疆移动,中国移动新疆分公司2019年增值业务服务测评项目项目_比选公告,https://b2b.10086.cn/b2b/main/viewNoticeContent.html?noticeBean.id=536627,2019-01-23
上海移动,中国移动上海公司上海移动流量增长核心网上网日志系统紧急扩容工程汇聚分流设备框_招标公告,https://b2b.10086.cn/b2b/main/viewNoticeContent.html?noticeBean.id=536634,2019-01-23
甘肃移动,中国移动甘肃公司2019年高端款智能音箱采购项目_比选公告,https://b2b.10086.cn/b2b/main/viewNoticeContent.html?noticeBean.id=536650,2019-01-23
甘肃移动,中国移动甘肃公司2019年双端款智能语音遥控器采购项目_比选公告,https://b2b.10086.cn/b2b/main/viewNoticeContent.html?noticeBean.id=536655,2019-01-23
福建移动,福建移动三明分公司2019年关于沙县第一中学人脸及车辆识别系统货物类采购合作伙伴公开招募项目_采购公告,https://b2b.10086.cn/b2b/main/viewNoticeContent.html?noticeBean.id=536668,2019-01-23
物联网公司,贵州物联网卡管理平台新增功能业务技术支撑服务项目_比选公告,https://b2b.10086.cn/b2b/main/viewNoticeContent.html?noticeBean.id=536681,2019-01-23
安徽移动,淮南移动公司2019-2020年外聘法律顾问咨询服务采购项目_比选公告,https://b2b.10086.cn/b2b/main/viewNoticeContent.html?noticeBean.id=536684,2019-01-23
山东移动,山东移动日照分公司2019年东港分公司香河街道办事处OA办公平台采购项目_比选公告,https://b2b.10086.cn/b2b/main/viewNoticeContent.html?noticeBean.id=536685,2019-01-23
山东移动,山东移动2018年省级ICT项目投标支撑服务采购项目_比选公告,https://b2b.10086.cn/b2b/main/viewNoticeContent.html?noticeBean.id=536689,2019-01-23
物联网公司,基于安全芯片的区块链基础能力平台采购项目_比选公告,https://b2b.10086.cn/b2b/main/viewNoticeContent.html?noticeBean.id=536700,2019-01-23
物联网公司,NB-IoT智能井盖报警器需求项目_采购公告,https://b2b.10086.cn/b2b/main/viewNoticeContent.html?noticeBean.id=536702,2019-01-23
重庆移动,2019年彭水分公司电脑终端维护服务采购项目_比选公告,https://b2b.10086.cn/b2b/main/viewNoticeContent.html?noticeBean.id=536732,2019-01-23
