采购单位,标题,链接,发标日期
北京移动,中国移动北京公司2019年北京移动软性传播支撑项目_比选公告,https://b2b.10086.cn/b2b/main/viewNoticeContent.html?noticeBean.id=600202,2019-09-30
福建移动,南平移动2019-2021集团客户服务活动支撑单位项目_比选公告,https://b2b.10086.cn/b2b/main/viewNoticeContent.html?noticeBean.id=600228,2019-09-30
成都研究院,中移（成都）信息通信科技有限公司基于5G和人工智能技术的“移动医疗”新技术研究和产品研发项目_比选公告,https://b2b.10086.cn/b2b/main/viewNoticeContent.html?noticeBean.id=600229,2019-09-30
成都研究院,中移（成都）信息通信科技有限公司2019年管理信息系统工程（预算管理系统）项目_比选公告,https://b2b.10086.cn/b2b/main/viewNoticeContent.html?noticeBean.id=600230,2019-09-30
广东移动,中国移动广东公司2019-2020年法律支撑服务（案件代理部分）增补公开比选项目（标段3第二次）_比选公告,https://b2b.10086.cn/b2b/main/viewNoticeContent.html?noticeBean.id=600240,2019-09-30
江苏移动,中国移动江苏公司2020年苏州移动综合网络资源管理支持服务项目_比选公告,https://b2b.10086.cn/b2b/main/viewNoticeContent.html?noticeBean.id=600248,2019-09-30
河南移动,河南移动商丘分公司2019年信息化观展及考察活动采购项目_比选公告,https://b2b.10086.cn/b2b/main/viewNoticeContent.html?noticeBean.id=600250,2019-09-30
内蒙移动,中国移动内蒙古公司乌海分公司视频监控业务磁盘阵列和管理软件采购项目_询价公告,https://b2b.10086.cn/b2b/main/viewNoticeContent.html?noticeBean.id=600255,2019-09-30
江苏移动,中国移动江苏公司2019年淮安移动工维部市政府网站引入DNS系统采购项目_比选公告,https://b2b.10086.cn/b2b/main/viewNoticeContent.html?noticeBean.id=600260,2019-09-30
江苏移动,中国移动江苏公司扬州市公安局警务通平台项目项目_询价公告,https://b2b.10086.cn/b2b/main/viewNoticeContent.html?noticeBean.id=600261,2019-09-30
黑龙江移动,黑龙江移动网络管理部2019-2020年内容网络设备(负载均衡器)维保服务采购项目_比选公告,https://b2b.10086.cn/b2b/main/viewNoticeContent.html?noticeBean.id=600264,2019-09-30
江苏移动,中国移动江苏公司2019年-2020年苏州分公司大数据精确营销彩信通道服务项目_比选公告,https://b2b.10086.cn/b2b/main/viewNoticeContent.html?noticeBean.id=600274,2019-09-30
成都研究院,中移（成都）信息通信科技有限公司基于5G医疗专网的医疗行业硬件与系统创新项目(硬件与系统关键技术研究及开发）_比选公告,https://b2b.10086.cn/b2b/main/viewNoticeContent.html?noticeBean.id=600281,2019-09-30
山东移动,山东移动青岛分公司2019年市北安龙缘酒店语音系统平台项目_采购公告,https://b2b.10086.cn/b2b/main/viewNoticeContent.html?noticeBean.id=600288,2019-09-30
设计院,2019年中国移动专利管理中的服务满意度评测研究支撑服务采购项目_比选公告,https://b2b.10086.cn/b2b/main/viewNoticeContent.html?noticeBean.id=600295,2019-09-30
政企分公司,黑龙江刺尔滨河保护区管理局信息化监测监控体系平台（中移全通）采购项目_比选公告,https://b2b.10086.cn/b2b/main/viewNoticeContent.html?noticeBean.id=600298,2019-09-30
物联网公司,智能表计系列终端及智慧云表管理平台研发项目_采购公告,https://b2b.10086.cn/b2b/main/viewNoticeContent.html?noticeBean.id=600310,2019-09-30
山东移动,山东移动菏泽分公司2019年邮政集团移动办公平台采购项目_比选公告,https://b2b.10086.cn/b2b/main/viewNoticeContent.html?noticeBean.id=600314,2019-09-30
终端公司,中国移动终端公司湖北分公司2020年1月—2021年12月物业管理服务项目_比选公告,https://b2b.10086.cn/b2b/main/viewNoticeContent.html?noticeBean.id=600315,2019-09-30
上海研究院,中移（上海）产业研究院2019-2020年劳动保护用品_比选公告,https://b2b.10086.cn/b2b/main/viewNoticeContent.html?noticeBean.id=600327,2019-09-30
西藏移动,中国移动西藏公司TD-LTE室分移频双路系统产品年度集中采购_招标公告,https://b2b.10086.cn/b2b/main/viewNoticeContent.html?noticeBean.id=600336,2019-09-30
江苏移动,中国移动江苏公司浦口7-1-CRAN1或6-2-CRAN2业务区机房购置项目_采购公告,https://b2b.10086.cn/b2b/main/viewNoticeContent.html?noticeBean.id=600339,2019-09-30
北京移动,中国移动北京公司2019-2020年度党建文化纪检工作成效调研支撑服务项目_比选公告,https://b2b.10086.cn/b2b/main/viewNoticeContent.html?noticeBean.id=600340,2019-09-30
江苏移动,中国移动江苏公司购买客户快速响应云平台2019年度维保服务项目_询价公告,https://b2b.10086.cn/b2b/main/viewNoticeContent.html?noticeBean.id=600342,2019-09-30
广东移动,中国移动广东公司2019年科技创新技术支撑公开比选项目_比选公告,https://b2b.10086.cn/b2b/main/viewNoticeContent.html?noticeBean.id=600359,2019-09-30
政企分公司,宁夏中宁县公共安全视频监控联网应用建设（雪亮工程）项目服务（中移全通）采购项目_比选公告,https://b2b.10086.cn/b2b/main/viewNoticeContent.html?noticeBean.id=600361,2019-09-30
重庆移动,2019年万盛分公司集团客户手机维修采购项目_比选公告,https://b2b.10086.cn/b2b/main/viewNoticeContent.html?noticeBean.id=600378,2019-09-30
甘肃移动,中国移动甘肃公司2019年银滩辅助楼低压配电系统更新工程室外地埋油罐及供油系统采购项目_比选公告,https://b2b.10086.cn/b2b/main/viewNoticeContent.html?noticeBean.id=600393,2019-09-30
