采购单位,标题,链接,发标日期
浙江移动,中国移动杭州分公司2019-2021年生产经营用车租赁服务项目_比选公告,https://b2b.10086.cn/b2b/main/viewNoticeContent.html?noticeBean.id=572584,2019-06-24
终端公司,四川终端2019-2020存量客户终端保障服务项目（2）_比选公告,https://b2b.10086.cn/b2b/main/viewNoticeContent.html?noticeBean.id=572614,2019-06-24
安徽移动,六安移动舒城桃溪路营业厅经营合作商引入项目_采购公告,https://b2b.10086.cn/b2b/main/viewNoticeContent.html?noticeBean.id=572630,2019-06-24
浙江移动,中国移动浙江公司2019-2020年大数据安全技术与应用研究等七项支持服务采购_比选公告,https://b2b.10086.cn/b2b/main/viewNoticeContent.html?noticeBean.id=572638,2019-06-24
政企分公司,北京东城区政务人员内部沟通协作云平台（中移全通）采购项目_比选公告,https://b2b.10086.cn/b2b/main/viewNoticeContent.html?noticeBean.id=572647,2019-06-24
甘肃移动,中国移动甘肃公司2019年客户满意度调查咨询服务采购项目_比选公告,https://b2b.10086.cn/b2b/main/viewNoticeContent.html?noticeBean.id=572651,2019-06-24
重庆移动,2019-2020年渠道运营中心电子渠道运营支撑项目_比选公告,https://b2b.10086.cn/b2b/main/viewNoticeContent.html?noticeBean.id=572664,2019-06-24
广东移动,中国移动广东公司2019年网络管理中心互联网动态内容应用加速优化公开比选项目_比选公告,https://b2b.10086.cn/b2b/main/viewNoticeContent.html?noticeBean.id=572672,2019-06-24
西藏移动,2019年新技术新业务信息安全评估支撑服务项目_比选公告,https://b2b.10086.cn/b2b/main/viewNoticeContent.html?noticeBean.id=572691,2019-06-24
在线服务公司,中移在线天津分公司2019年第三方互联网运营支撑服务项目_比选公告,https://b2b.10086.cn/b2b/main/viewNoticeContent.html?noticeBean.id=572698,2019-06-24
江苏移动,中国移动江苏公司无锡太科园数据中心三期百度定制4号楼第三方验证测试服务项目项目_比选公告,https://b2b.10086.cn/b2b/main/viewNoticeContent.html?noticeBean.id=572701,2019-06-24
铁通公司,中移铁通有限公司上海分公司2019年生产支撑中心生产调度用房设计服务采购项目_比选公告,https://b2b.10086.cn/b2b/main/viewNoticeContent.html?noticeBean.id=572704,2019-06-24
云南移动,中国移动云南公司2019年两部委考核网络与信息安全系统预测试评估服务采购项目_竞争性谈判采购公告,https://b2b.10086.cn/b2b/main/viewNoticeContent.html?noticeBean.id=572711,2019-06-24
西藏移动,中国移动西藏公司拉萨市公安交警支队电子警察一期设备及系统维护项目（代购代建）_比选采购_变更公告_(1),https://b2b.10086.cn/b2b/main/viewNoticeContent.html?noticeBean.id=572719,2019-06-24
新疆移动,2019年省级基础电信企业互联网业务及APP安全漏洞检查渗透服务_比选公告,https://b2b.10086.cn/b2b/main/viewNoticeContent.html?noticeBean.id=572734,2019-06-24
贵州移动,2019年业务与信息安全监测及信息安全日常运维支撑技术服务项目_比选公告,https://b2b.10086.cn/b2b/main/viewNoticeContent.html?noticeBean.id=572749,2019-06-24
政企分公司,河北旅投集团信息化建设规划编制（中移全通）采购项目_比选公告,https://b2b.10086.cn/b2b/main/viewNoticeContent.html?noticeBean.id=572750,2019-06-24
上海移动,中国移动上海公司2019年上网日志留存系统维护服务_询价公告,https://b2b.10086.cn/b2b/main/viewNoticeContent.html?noticeBean.id=572751,2019-06-24
