采购单位,标题,链接,发标日期
重庆移动,2019年涪陵分公司集团客户手机维修服务项目_比选公告,https://b2b.10086.cn/b2b/main/viewNoticeContent.html?noticeBean.id=538520,2019-01-31
安徽移动,安徽移动2019-2020年度有线宽带和政企接入类项目施工服务集中采购项目_招标公告,https://b2b.10086.cn/b2b/main/viewNoticeContent.html?noticeBean.id=538541,2019-01-31
河北移动,中国移动河北公司省政务云项目运营支撑伙伴比选项目_比选公告,https://b2b.10086.cn/b2b/main/viewNoticeContent.html?noticeBean.id=538550,2019-01-31
终端公司,重庆分公司新办公用房（东原中心）物业管理服务项目_比选公告,https://b2b.10086.cn/b2b/main/viewNoticeContent.html?noticeBean.id=538556,2019-01-31
山东移动,山东移动潍坊分公司2019年昌邑市检察院远程普法课堂系统采购项目_比选公告,https://b2b.10086.cn/b2b/main/viewNoticeContent.html?noticeBean.id=538558,2019-01-31
总部,中国移动2019年至2020年窄带物联网美化天线和“4+4+8+8”独立电调智能美化天线集中采购项目_招标公告,https://b2b.10086.cn/b2b/main/viewNoticeContent.html?noticeBean.id=538560,2019-01-31
广东移动,中国移动广东公司中国移动（广东广州）数据中心一期二阶段机楼配套工程施工公开招标项目_招标公告,https://b2b.10086.cn/b2b/main/viewNoticeContent.html?noticeBean.id=538574,2019-01-31
政企分公司,中移全通2019年至2020年IT硬件第三方维保采购项目_比选公告,https://b2b.10086.cn/b2b/main/viewNoticeContent.html?noticeBean.id=538581,2019-01-31
河南移动,中国移动河南公司新乡分公司2018年县级数据共享平台项目合作伙伴引入项目_采购公告,https://b2b.10086.cn/b2b/main/viewNoticeContent.html?noticeBean.id=538585,2019-01-31
重庆移动,2019年重庆国际马拉松全球通俱乐部活动支撑服务_竞争性谈判采购公告,https://b2b.10086.cn/b2b/main/viewNoticeContent.html?noticeBean.id=538590,2019-01-31
杭州研发中心,中移（杭州）信息技术有限公司巫山乡村旅游信息化系统建设采购项目_比选公告,https://b2b.10086.cn/b2b/main/viewNoticeContent.html?noticeBean.id=538608,2019-01-31
新疆移动,中国移动新疆分公司和田分公司2019年全业务支撑服务项目采购项目_比选公告,https://b2b.10086.cn/b2b/main/viewNoticeContent.html?noticeBean.id=538618,2019-01-31
宁夏移动,中国移动宁夏公司2019年信息机与MAS业务维保支撑服务采购项目_比选公告,https://b2b.10086.cn/b2b/main/viewNoticeContent.html?noticeBean.id=538637,2019-01-31
江苏移动,中国移动江苏公司1210项目值班室系统集成项目_招标公告,https://b2b.10086.cn/b2b/main/viewNoticeContent.html?noticeBean.id=538638,2019-01-31
湖北移动,中国移动湖北公司2019年大屏内容运营支撑技术服务采购_比选公告,https://b2b.10086.cn/b2b/main/viewNoticeContent.html?noticeBean.id=538653,2019-01-31
山西移动,中国移动山西公司2018年省公司信息技术部流程监控平台的采购项目_比选公告,https://b2b.10086.cn/b2b/main/viewNoticeContent.html?noticeBean.id=538663,2019-01-31
在线服务公司,中移在线安徽分公司2019-2021年员工餐厅运营服务及食材采购项目(包1)_比选公告,https://b2b.10086.cn/b2b/main/viewNoticeContent.html?noticeBean.id=538670,2019-01-31
政企分公司,中国移动智能抄表云平台一期工程项目(2)(3)_招标公告,https://b2b.10086.cn/b2b/main/viewNoticeContent.html?noticeBean.id=538679,2019-01-31
安徽移动,2019年池州移动市公路管理局东至分局MAS过境短信服务项目的采购合同_采购公告,https://b2b.10086.cn/b2b/main/viewNoticeContent.html?noticeBean.id=538695,2019-01-31
在线服务公司,中移在线服务有限公司研发费用加计扣除支撑服务项目_比选公告,https://b2b.10086.cn/b2b/main/viewNoticeContent.html?noticeBean.id=538697,2019-01-31
湖南移动,湖南移动2019年客户满意度调查服务项目_比选公告,https://b2b.10086.cn/b2b/main/viewNoticeContent.html?noticeBean.id=538737,2019-01-31
