采购单位,标题,链接,发标日期
湖北移动,中国移动湖北公司咸宁咸安区海德公馆业务汇聚机房购置项目公开竞争性谈判公告（第二次）,https://b2b.10086.cn/b2b/main/viewNoticeContent.html?noticeBean.id=588705,2019-08-20
湖北移动,中国移动湖北公司咸宁咸安区香溢花城业务汇聚机房购置项目公开竞争性谈判公告（第二次）,https://b2b.10086.cn/b2b/main/viewNoticeContent.html?noticeBean.id=588706,2019-08-20
内蒙移动,中国移动内蒙古公司呼和浩特分公司2019年-2020年微信支撑项目_比选公告,https://b2b.10086.cn/b2b/main/viewNoticeContent.html?noticeBean.id=588721,2019-08-20
安徽移动,淮北分公司市场部2019年校园迎新用文化衫采购项目_采购公告,https://b2b.10086.cn/b2b/main/viewNoticeContent.html?noticeBean.id=588729,2019-08-20
物联网公司,调度中心系统迁建服务项目_比选公告,https://b2b.10086.cn/b2b/main/viewNoticeContent.html?noticeBean.id=588762,2019-08-19
山东移动,山东移动2019省公司机房楼消防报警系统改造项目_比选公告,https://b2b.10086.cn/b2b/main/viewNoticeContent.html?noticeBean.id=588763,2019-08-20
物联网公司,集装箱定位终端2.0自主研发项目（模具部分）_采购公告,https://b2b.10086.cn/b2b/main/viewNoticeContent.html?noticeBean.id=588782,2019-08-19
河南移动,河南移动南阳分公司2019年-2021年乡镇营业厅安防报警系统技术服务采购项目_比选公告,https://b2b.10086.cn/b2b/main/viewNoticeContent.html?noticeBean.id=588790,2019-08-20
江苏移动,中国移动江苏公司关于无锡分公司车辆租赁（互联网约车及江阴、宜兴营销临时租赁用车）服务的采购项目_比选公告,https://b2b.10086.cn/b2b/main/viewNoticeContent.html?noticeBean.id=588808,2019-08-20
河南移动,河南移动IT云资源池建设工程系统集成服务采购项目_招标公告,https://b2b.10086.cn/b2b/main/viewNoticeContent.html?noticeBean.id=588844,2019-08-20
河南移动,河南移动PaaS平台一期建设工程分布式技术服务平台采购项目_招标采购_变更公告_(1),https://b2b.10086.cn/b2b/main/viewNoticeContent.html?noticeBean.id=588853,2019-08-20
西藏移动,日喀则分公司关于2019年宽带业务体验区改造项目_比选公告,https://b2b.10086.cn/b2b/main/viewNoticeContent.html?noticeBean.id=588855,2019-08-20
湖南移动,中国移动湖南公司岳阳分公司金鹗核心机楼发电机组排气系统整改项目_比选公告,https://b2b.10086.cn/b2b/main/viewNoticeContent.html?noticeBean.id=588867,2019-08-20
湖南移动,湖南移动网络安全日常支撑服务项目（包2）_比选公告,https://b2b.10086.cn/b2b/main/viewNoticeContent.html?noticeBean.id=588868,2019-08-20
甘肃移动,中国移动甘肃公司2019年智慧教育平台4G学生证项目采购项目_比选公告,https://b2b.10086.cn/b2b/main/viewNoticeContent.html?noticeBean.id=588872,2019-08-20
甘肃移动,中国移动甘肃公司2019年智慧教育平台配套智慧校徽项目采购项目_比选公告,https://b2b.10086.cn/b2b/main/viewNoticeContent.html?noticeBean.id=588873,2019-08-20
甘肃移动,中国移动甘肃公司2019年智慧教育平台配套电子班牌及配套软件采购项目_比选公告,https://b2b.10086.cn/b2b/main/viewNoticeContent.html?noticeBean.id=588874,2019-08-20
苏州研发中心,苏州研发中心2019年园区南地块室外工程改造项目_比选公告,https://b2b.10086.cn/b2b/main/viewNoticeContent.html?noticeBean.id=588887,2019-08-20
新疆移动,2019年喀什分公司工程维护合规性管理支撑服务项目_比选公告,https://b2b.10086.cn/b2b/main/viewNoticeContent.html?noticeBean.id=588890,2019-08-20
河南移动,河南移动2019年互联网信息安全管理运营技术服务项目_比选公告,https://b2b.10086.cn/b2b/main/viewNoticeContent.html?noticeBean.id=588908,2019-08-20
河南移动,“河南移动2018-2019年家客业务终端回收翻新服务”配件增补采购项目_比选公告,https://b2b.10086.cn/b2b/main/viewNoticeContent.html?noticeBean.id=588909,2019-08-20
天津移动,中国移动天津公司2019-2020年市场营销地推宣传物料采购项目_询价公告,https://b2b.10086.cn/b2b/main/viewNoticeContent.html?noticeBean.id=588912,2019-08-20
黑龙江移动,黑龙江移动2019年核心生产楼试点机房新风节能系统改造服务项目_比选公告,https://b2b.10086.cn/b2b/main/viewNoticeContent.html?noticeBean.id=588934,2019-08-20
