采购单位,标题,链接,发标日期
安徽移动,合肥移动四牌楼营业厅空调钢结构平台施工服务采购项目_采购公告,https://b2b.10086.cn/b2b/main/viewNoticeContent.html?noticeBean.id=562344,2019-05-16
江苏移动,中国移动江苏公司中国移动（江苏南京）数据中心二期工程安全评价服务采购项目项目_询价公告,https://b2b.10086.cn/b2b/main/viewNoticeContent.html?noticeBean.id=562358,2019-05-16
设计院,2019年信息系统管理部内部门户、移动办公、文档格式校验系统维保服务项目_比选公告,https://b2b.10086.cn/b2b/main/viewNoticeContent.html?noticeBean.id=562363,2019-05-16
江西移动,江西移动2019年LTE RF USIM卡和4G加密卡集中采购_询价公告,https://b2b.10086.cn/b2b/main/viewNoticeContent.html?noticeBean.id=562382,2019-05-16
苏州研发中心,苏州研发中心成都技术支持中心2019-2020年办公场地装修维护项目_询价公告,https://b2b.10086.cn/b2b/main/viewNoticeContent.html?noticeBean.id=562384,2019-05-16
重庆移动,2019-2020年星级客户手机维修需求采购_比选公告,https://b2b.10086.cn/b2b/main/viewNoticeContent.html?noticeBean.id=562400,2019-05-16
湖南移动,湖南移动长沙分公司实体渠道精细化运营项目_比选公告,https://b2b.10086.cn/b2b/main/viewNoticeContent.html?noticeBean.id=562404,2019-05-16
西藏移动,中国移动西藏公司市场经营部2019年数据业务人工拨测项目_比选采购_变更公告_(1),https://b2b.10086.cn/b2b/main/viewNoticeContent.html?noticeBean.id=562424,2019-05-16
西藏移动,中国移动西藏公司2019年集团自动拨测系统服务支撑项目_比选公告,https://b2b.10086.cn/b2b/main/viewNoticeContent.html?noticeBean.id=562439,2019-05-16
吉林移动,中国移动吉林公司2019年家宽测速平台集成服务公开比选项目_比选公告,https://b2b.10086.cn/b2b/main/viewNoticeContent.html?noticeBean.id=562441,2019-05-16
总部,中国移动2019年法律支撑中的重点法律问题研究项目_比选公告,https://b2b.10086.cn/b2b/main/viewNoticeContent.html?noticeBean.id=562444,2019-05-16
河南移动,河南移动2019年客户满意度监测项目_比选公告,https://b2b.10086.cn/b2b/main/viewNoticeContent.html?noticeBean.id=562454,2019-05-16
江苏移动,中国移动江苏公司南通市轨道交通2号线安防系统项目_询价公告,https://b2b.10086.cn/b2b/main/viewNoticeContent.html?noticeBean.id=562475,2019-05-16
湖北移动,中国移动湖北公司咸宁通城综合楼高压配电系统施工_比选公告,https://b2b.10086.cn/b2b/main/viewNoticeContent.html?noticeBean.id=562480,2019-05-16
