采购单位,标题,链接,发标日期
内蒙移动,中国移动内蒙古公司呼和浩特分公司2019年工程建设部农村家庭宽带租赁项目_询价公告,https://b2b.10086.cn/b2b/main/viewNoticeContent.html?noticeBean.id=545312,2019-03-11
咪咕公司,咪咕视讯监控管理系统一期工程监控展示系统采购_招标公告,https://b2b.10086.cn/b2b/main/viewNoticeContent.html?noticeBean.id=545357,2019-03-11
安徽移动,青鸟半导体园区安监系统项目_采购公告,https://b2b.10086.cn/b2b/main/viewNoticeContent.html?noticeBean.id=545364,2019-03-11
在线服务公司,中移在线北京分公司2019年-2020年人事档案管理服务项目_比选公告,https://b2b.10086.cn/b2b/main/viewNoticeContent.html?noticeBean.id=545375,2019-03-11
政企分公司,中国移动四川公司成都分公司大邑县城市管理局数字化城管系统升级服务(中移全通)采购项目_比选公告,https://b2b.10086.cn/b2b/main/viewNoticeContent.html?noticeBean.id=545381,2019-03-11
终端公司,中国移动终端海南公司2019至2021年售后业务外包项目_比选公告,https://b2b.10086.cn/b2b/main/viewNoticeContent.html?noticeBean.id=545382,2019-03-11
政企分公司,湖南省望城区城管局视频监控业务项目（中移全通）采购项目_比选公告,https://b2b.10086.cn/b2b/main/viewNoticeContent.html?noticeBean.id=545389,2019-03-11
重庆移动,巫山分公司2019年欠费业务代理_询价公告,https://b2b.10086.cn/b2b/main/viewNoticeContent.html?noticeBean.id=545395,2019-03-11
广西移动,中国移动广西公司区本部火灾自动报警系统采购项目（第二次）_比选公告,https://b2b.10086.cn/b2b/main/viewNoticeContent.html?noticeBean.id=545408,2019-03-11
江苏移动,中国移动江苏公司苏州移动数据网及内容网络技术服务项目_比选公告,https://b2b.10086.cn/b2b/main/viewNoticeContent.html?noticeBean.id=545425,2019-03-11
重庆移动,2019年城三分公司校园信息机维护_比选公告,https://b2b.10086.cn/b2b/main/viewNoticeContent.html?noticeBean.id=545434,2019-03-11
终端公司,新疆分公司业务外包项目_比选公告,https://b2b.10086.cn/b2b/main/viewNoticeContent.html?noticeBean.id=545439,2019-03-11
总部,2019年中国移动企业文化建设支撑服务项目_比选公告,https://b2b.10086.cn/b2b/main/viewNoticeContent.html?noticeBean.id=545445,2019-03-11
上海移动,中国移动上海公司2019-2021年租赁机房第三方评估咨询采购需求项目_比选公告,https://b2b.10086.cn/b2b/main/viewNoticeContent.html?noticeBean.id=545447,2019-03-11
贵州移动,中国移动通信集团贵州有限公司2019年六盘水分公司用电线路及合路系统整治服务项目_竞争性谈判采购公告,https://b2b.10086.cn/b2b/main/viewNoticeContent.html?noticeBean.id=545450,2019-03-11
重庆移动,2019年石柱分公司手机维护服务_比选公告,https://b2b.10086.cn/b2b/main/viewNoticeContent.html?noticeBean.id=545456,2019-03-11
广西移动,中国移动广西公司贺州分公司2019年贺州市电子政务外网移动办公系统服务采购项目_比选公告,https://b2b.10086.cn/b2b/main/viewNoticeContent.html?noticeBean.id=545459,2019-03-11
北京移动,中国移动北京公司中国移动北京公司交付中心家宽业务游戏识别及加速系统项目_招标公告,https://b2b.10086.cn/b2b/main/viewNoticeContent.html?noticeBean.id=545462,2019-03-11
贵州移动,2019年大数据分公司公有云系统技术支撑服务项目_比选公告,https://b2b.10086.cn/b2b/main/viewNoticeContent.html?noticeBean.id=545485,2019-03-11
天津移动,中国移动天津公司2019年反恐防冲撞系统采购项目_比选公告,https://b2b.10086.cn/b2b/main/viewNoticeContent.html?noticeBean.id=545488,2019-03-11
北京移动,中国移动北京公司2019-2021年司马大数据公众号运营支撑项目_比选公告,https://b2b.10086.cn/b2b/main/viewNoticeContent.html?noticeBean.id=545495,2019-03-11
天津移动,天津医科大学总医院移动医疗专用专线及管理平台项目_询价公告,https://b2b.10086.cn/b2b/main/viewNoticeContent.html?noticeBean.id=545514,2019-03-11
