采购单位,标题,链接,发标日期
上海移动,中国移动上海公司2019-2021年上网日志留存系统维保服务_询价公告,https://b2b.10086.cn/b2b/main/viewNoticeContent.html?noticeBean.id=552181,2019-04-08
政企分公司,山东省潍坊市寿光公安局视频监控平台（中移全通）采购项目_比选公告,https://b2b.10086.cn/b2b/main/viewNoticeContent.html?noticeBean.id=552198,2019-04-08
陕西移动,榆林分公司绥德、米脂、清涧、子洲、吴堡分公司驾驶员业务外包服务项目_比选公告,https://b2b.10086.cn/b2b/main/viewNoticeContent.html?noticeBean.id=552219,2019-04-08
新疆移动,中国移动新疆分公司和田分公司2019年智能门锁安装维护框架采购项目项目_比选公告,https://b2b.10086.cn/b2b/main/viewNoticeContent.html?noticeBean.id=552245,2019-04-08
江苏移动,中国移动江苏公司南京移动业务宣传物料项目项目_比选公告,https://b2b.10086.cn/b2b/main/viewNoticeContent.html?noticeBean.id=552254,2019-04-08
咪咕公司,2019年咪咕视讯媒资运营系统十三期运营系统软件工程项目(2)_招标公告,https://b2b.10086.cn/b2b/main/viewNoticeContent.html?noticeBean.id=552259,2019-04-08
北京移动,中国移动北京公司北京市交管局区域信号控制通信项目客户侧工业级交换机设备采购_招标公告,https://b2b.10086.cn/b2b/main/viewNoticeContent.html?noticeBean.id=552275,2019-04-08
辽宁移动,中国移动辽宁公司2019年辽宁公司流程深度运营项目_比选公告,https://b2b.10086.cn/b2b/main/viewNoticeContent.html?noticeBean.id=552286,2019-04-08
天津移动,中国移动天津公司数据部布展及演示用智能家居终端项目_询价公告,https://b2b.10086.cn/b2b/main/viewNoticeContent.html?noticeBean.id=552305,2019-04-08
