采购单位,标题,链接,发标日期
移动学院,移动学院2019年网上大学智能化能力项目_比选公告,https://b2b.10086.cn/b2b/main/viewNoticeContent.html?noticeBean.id=601949,2019-10-12
北京移动,中国移动北京公司朝阳区不动产登记事务中心互联网专线客户侧设备投资采购项目_采购公告,https://b2b.10086.cn/b2b/main/viewNoticeContent.html?noticeBean.id=601984,2019-10-12
铁通公司,中移铁通广西分公司2019年经营用车采购项目_询价公告,https://b2b.10086.cn/b2b/main/viewNoticeContent.html?noticeBean.id=601998,2019-10-12
政企分公司,中移全通和商务直播相关支撑设备（中移全通）采购项目(3)_比选公告,https://b2b.10086.cn/b2b/main/viewNoticeContent.html?noticeBean.id=602012,2019-10-12
四川移动,中国移动四川公司2019年网络运维成本管理平台工程_比选公告,https://b2b.10086.cn/b2b/main/viewNoticeContent.html?noticeBean.id=602016,2019-10-12
西藏移动,政企客户分公司2019年政企市场“护航行动”和“秋实行动”终端采购项目（失败部分））_比选公告,https://b2b.10086.cn/b2b/main/viewNoticeContent.html?noticeBean.id=602025,2019-10-12
山东移动,山东移动菏泽分公司2019年济宁银行WIFI管理平台项目_采购公告,https://b2b.10086.cn/b2b/main/viewNoticeContent.html?noticeBean.id=602026,2019-10-12
政企分公司,河南省新安移动OA办公平台升级改版(中移全通)采购项目_比选公告,https://b2b.10086.cn/b2b/main/viewNoticeContent.html?noticeBean.id=602029,2019-10-12
四川移动,中国移动四川公司2019年网络成本数据支撑服务项目_比选公告,https://b2b.10086.cn/b2b/main/viewNoticeContent.html?noticeBean.id=602045,2019-10-12
山东移动,山东移动菏泽分公司2019年市农信社农金通平台系统项目_采购公告,https://b2b.10086.cn/b2b/main/viewNoticeContent.html?noticeBean.id=602047,2019-10-12
山东移动,山东移动菏泽分公司2019年单县国税局无线覆盖平台建设项目_采购公告,https://b2b.10086.cn/b2b/main/viewNoticeContent.html?noticeBean.id=602048,2019-10-12
物联网公司,智慧水务平台服务项目_比选公告,https://b2b.10086.cn/b2b/main/viewNoticeContent.html?noticeBean.id=602057,2019-10-12
上海移动,中国移动上海公司临港IDC研发与产业化基地二期土建工程基础施工基坑围护及周边环境监测服务_比选公告,https://b2b.10086.cn/b2b/main/viewNoticeContent.html?noticeBean.id=602064,2019-10-12
北京移动,中国移动北京公司网信安中心2020年网络安全产品运营技术支持服务项目_比选公告,https://b2b.10086.cn/b2b/main/viewNoticeContent.html?noticeBean.id=602067,2019-10-12
北京移动,中国移动北京公司网信安中心2020年新技术新业务信息安全评估支持服务项目_比选公告,https://b2b.10086.cn/b2b/main/viewNoticeContent.html?noticeBean.id=602068,2019-10-12
苏州研发中心,苏州研发中心2019年-2020年网管域-5G功能类外协服务_比选公告,https://b2b.10086.cn/b2b/main/viewNoticeContent.html?noticeBean.id=602080,2019-10-12
上海移动,中国移动上海公司2019-2020年专利挖掘服务项目_比选公告,https://b2b.10086.cn/b2b/main/viewNoticeContent.html?noticeBean.id=602091,2019-10-12
