采购单位,标题,链接,发标日期
上海移动,中国移动上海公司大陆集团专线监控保障综合平台项目_比选公告,https://b2b.10086.cn/b2b/main/viewNoticeContent.html?noticeBean.id=610103,2019-11-12
海南移动,中国移动海南公司澄迈分公司2019年集团客户座椅背套采购项目_采购公告,https://b2b.10086.cn/b2b/main/viewNoticeContent.html?noticeBean.id=610109,2019-11-12
辽宁移动,中国移动辽宁公司2019年中国移动位置服务中心集中运维系统建设项目_招标公告,https://b2b.10086.cn/b2b/main/viewNoticeContent.html?noticeBean.id=610148,2019-11-12
福建移动,三明分公司2019-2020年微信运营服务公开比选采购项目(二次）_比选公告,https://b2b.10086.cn/b2b/main/viewNoticeContent.html?noticeBean.id=610165,2019-11-12
研究院,中国移动对外技术合作管理体系顶层设计咨询服务_比选公告,https://b2b.10086.cn/b2b/main/viewNoticeContent.html?noticeBean.id=610167,2019-11-12
新疆移动,2019年手机报警定位平台IPv6升级改造工程_比选公告,https://b2b.10086.cn/b2b/main/viewNoticeContent.html?noticeBean.id=610182,2019-11-12
甘肃移动,中国移动甘肃公司定西分公司渭源县人民法院科技审委会会议系统项目二次合作伙伴选择项目_比选公告,https://b2b.10086.cn/b2b/main/viewNoticeContent.html?noticeBean.id=610184,2019-11-12
新疆移动,2019年互联网电视端到端分析平台工程_比选公告,https://b2b.10086.cn/b2b/main/viewNoticeContent.html?noticeBean.id=610237,2019-11-12
西藏移动,中国移动阿里分公司市场部2019年渠道维修改造项目_比选公告,https://b2b.10086.cn/b2b/main/viewNoticeContent.html?noticeBean.id=610242,2019-11-12
政企分公司,智能网联汽车与智慧交通应用示范区智能基础设施及应用平台建设项目交管侧传输设备集成服务（中移全通）采购项目_比选公告,https://b2b.10086.cn/b2b/main/viewNoticeContent.html?noticeBean.id=610245,2019-11-12
黑龙江移动,黑龙江移动2019年电信行业市场调查采购项目_比选公告,https://b2b.10086.cn/b2b/main/viewNoticeContent.html?noticeBean.id=610251,2019-11-12
信息技术公司,2019年私有云运营优化方案研究与应用项目_比选公告,https://b2b.10086.cn/b2b/main/viewNoticeContent.html?noticeBean.id=610259,2019-11-12
四川移动,中国移动四川公司2019-2022年全省第一批管理用房及生产枢纽楼公共区域物业管理服务采购项目（标包18：巴中）_比选公告,https://b2b.10086.cn/b2b/main/viewNoticeContent.html?noticeBean.id=610284,2019-11-12
江西移动,江西移动2019-2020年油机智能监控管理终端集中采购项目_比选公告,https://b2b.10086.cn/b2b/main/viewNoticeContent.html?noticeBean.id=610288,2019-11-12
云南移动,中国移动云南公司西双版纳分公司沿边客户入网证件翻译项目_比选公告,https://b2b.10086.cn/b2b/main/viewNoticeContent.html?noticeBean.id=610291,2019-11-12
安徽移动,宿州移动灵璧县司法局社区矫正智能定位终端设备选型项目_询价公告,https://b2b.10086.cn/b2b/main/viewNoticeContent.html?noticeBean.id=610306,2019-11-12
福建移动,福建移动通信技术研发项目电源配套工程（监理）采购项目_询价公告,https://b2b.10086.cn/b2b/main/viewNoticeContent.html?noticeBean.id=610310,2019-11-12
