采购单位,标题,链接,发标日期
湖南移动,中国移动湖南公司2019年数据模型治理及开源软件管理服务项目_比选公告,https://b2b.10086.cn/b2b/main/viewNoticeContent.html?noticeBean.id=579736,2019-07-18
云南移动,中国移动云南公司临沧分公司2019年校园市场服务外包采购项目_竞争性谈判采购公告,https://b2b.10086.cn/b2b/main/viewNoticeContent.html?noticeBean.id=579744,2019-07-18
上海移动,中国移动上海公司2019年钦州93号外市电扩容工程临时柴油发电机组租赁支撑服务_比选公告,https://b2b.10086.cn/b2b/main/viewNoticeContent.html?noticeBean.id=579764,2019-07-18
江苏移动,中国移动江苏公司2019-2020年南京移动江北数据中心110kV变压器废油处置项目_询价公告,https://b2b.10086.cn/b2b/main/viewNoticeContent.html?noticeBean.id=579777,2019-07-18
山西移动,中国移动山西公司2019年省公司网络管理中心专业网管云化迁移及优化服务采购项目_比选公告,https://b2b.10086.cn/b2b/main/viewNoticeContent.html?noticeBean.id=579781,2019-07-18
政企分公司,湖北东风本田汽车有限公司安防系统、车辆进出系统完善（中移全通）采购项目_比选公告,https://b2b.10086.cn/b2b/main/viewNoticeContent.html?noticeBean.id=579783,2019-07-18
云南移动,中国移动云南公司文山分公司2019-2020年仓储管理服务项目_比选公告,https://b2b.10086.cn/b2b/main/viewNoticeContent.html?noticeBean.id=579790,2019-07-18
政企分公司,国家政务云平台安全能力评估项目_比选公告,https://b2b.10086.cn/b2b/main/viewNoticeContent.html?noticeBean.id=579809,2019-07-18
政企分公司,总部A座二层业务体验厅信息化系统需求咨询项目_比选公告,https://b2b.10086.cn/b2b/main/viewNoticeContent.html?noticeBean.id=579810,2019-07-18
云南移动,中国移动云南公司2020-2022年环境趋势及发展策略研究管理咨询项目_比选公告,https://b2b.10086.cn/b2b/main/viewNoticeContent.html?noticeBean.id=579811,2019-07-18
河南移动,河南移动2019年社会渠道运营监测和效能提升咨询项目_比选公告,https://b2b.10086.cn/b2b/main/viewNoticeContent.html?noticeBean.id=579814,2019-07-18
内蒙移动,中国移动内蒙古公司2019年-2021年通信基站电磁辐射备案、环境监测项目_招标公告,https://b2b.10086.cn/b2b/main/viewNoticeContent.html?noticeBean.id=579815,2019-07-18
信息港中心,中国移动信息港二期园区物业管理服务采购_比选公告,https://b2b.10086.cn/b2b/main/viewNoticeContent.html?noticeBean.id=579818,2019-07-18
信息港中心,中国移动国际信息港一号地数据中心空调系统维护服务采购_比选公告,https://b2b.10086.cn/b2b/main/viewNoticeContent.html?noticeBean.id=579819,2019-07-18
信息港中心,中国移动国际信息港一号地数据中心动力系统维护及物业管理服务采购_比选公告,https://b2b.10086.cn/b2b/main/viewNoticeContent.html?noticeBean.id=579820,2019-07-18
广东移动,中国移动广东公司2019年战略集团信息化标杆学习交流公开比选项目（清远）_比选公告,https://b2b.10086.cn/b2b/main/viewNoticeContent.html?noticeBean.id=579824,2019-07-18
贵州移动,2019年移动上网日志留存系统符合性测试服务项目_竞争性谈判采购公告,https://b2b.10086.cn/b2b/main/viewNoticeContent.html?noticeBean.id=579829,2019-07-18
贵州移动,2019年贵阳分公司党群党团活动服务支撑项目_比选公告,https://b2b.10086.cn/b2b/main/viewNoticeContent.html?noticeBean.id=579835,2019-07-18
黑龙江移动,黑龙江移动龙视频管理平台采购项目_比选公告,https://b2b.10086.cn/b2b/main/viewNoticeContent.html?noticeBean.id=579844,2019-07-18
江苏移动,中国移动江苏公司动力网络维护服务项目_比选公告,https://b2b.10086.cn/b2b/main/viewNoticeContent.html?noticeBean.id=579846,2019-07-18
重庆移动,2019年-2022年重庆移动家宽综合调度支撑服务_比选公告,https://b2b.10086.cn/b2b/main/viewNoticeContent.html?noticeBean.id=579858,2019-07-18
