采购单位,标题,链接,发标日期
内蒙移动,中国移动通信集团内蒙古有限公司赤峰分公司2019年第二批家宽小区宽带资源购置项目（红山）_竞争性谈判采购公告,https://b2b.10086.cn/b2b/main/viewNoticeContent.html?noticeBean.id=614949,2019-11-27
北京移动,中国移动北京公司信息系统部网络安全设备维保服务_比选公告,https://b2b.10086.cn/b2b/main/viewNoticeContent.html?noticeBean.id=614953,2019-11-27
内蒙移动,中国移动通信集团内蒙古有限公司赤峰分公司2019年第二批家宽小区宽带资源购置项目（平庄）_竞争性谈判采购公告,https://b2b.10086.cn/b2b/main/viewNoticeContent.html?noticeBean.id=614954,2019-11-27
内蒙移动,中国移动通信集团内蒙古有限公司赤峰分公司2019年第二批家宽小区宽带资源购置项目（松山）_竞争性谈判采购公告,https://b2b.10086.cn/b2b/main/viewNoticeContent.html?noticeBean.id=614955,2019-11-27
研究院,研究院2020-2021年（两年期）采购项目稽核服务采购需求_比选公告,https://b2b.10086.cn/b2b/main/viewNoticeContent.html?noticeBean.id=614969,2019-11-27
内蒙移动,中国移动通信集团内蒙古有限公司赤峰分公司2019年第二批家宽小区宽带资源购置项目（敖汉）_竞争性谈判采购公告,https://b2b.10086.cn/b2b/main/viewNoticeContent.html?noticeBean.id=614971,2019-11-27
内蒙移动,中国移动通信集团内蒙古有限公司赤峰分公司2019年第二批家宽小区宽带资源购置项目（克旗）_竞争性谈判采购公告,https://b2b.10086.cn/b2b/main/viewNoticeContent.html?noticeBean.id=614974,2019-11-27
内蒙移动,中国移动通信集团内蒙古有限公司赤峰分公司2019年第二批家宽小区宽带资源购置项目（阿旗）_竞争性谈判采购公告,https://b2b.10086.cn/b2b/main/viewNoticeContent.html?noticeBean.id=614975,2019-11-27
湖北移动,中国移动湖北公司2020-2021年传播策划及广告宣传监测服务（第二次，标包1、4）_比选公告,https://b2b.10086.cn/b2b/main/viewNoticeContent.html?noticeBean.id=614978,2019-11-27
内蒙移动,中国移动通信集团内蒙古有限公司赤峰分公司2019年第二批家宽小区宽带资源购置项目（右旗）_竞争性谈判采购公告,https://b2b.10086.cn/b2b/main/viewNoticeContent.html?noticeBean.id=614979,2019-11-27
湖北移动,中国移动湖北公司襄阳分公司枣阳慧星名苑业务区汇聚传输机房购置项目_采购变更公告(1),https://b2b.10086.cn/b2b/main/viewNoticeContent.html?noticeBean.id=614991,2019-11-27
咪咕公司,咪咕公司IT资源池四期工程视讯单项工程通讯设备搬迁服务_招标公告,https://b2b.10086.cn/b2b/main/viewNoticeContent.html?noticeBean.id=614998,2019-11-27
福建移动,漳州古雷港经济开发区云化政务OA系统项目_询价采购_变更公告_(1),https://b2b.10086.cn/b2b/main/viewNoticeContent.html?noticeBean.id=615002,2019-11-27
江西移动,江西移动2020年-2021年涉税鉴证及研发加计扣除服务采购项目_比选公告,https://b2b.10086.cn/b2b/main/viewNoticeContent.html?noticeBean.id=615031,2019-11-27
终端公司,中国移动通信集团终端有限公司辽宁分公司与中国石油天然气股份有限公司辽宁沈阳销售分公司2020-2021年合作销售服务支撑采购项目_比选公告,https://b2b.10086.cn/b2b/main/viewNoticeContent.html?noticeBean.id=615033,2019-11-27
江苏移动,中国移动江苏公司东13综合业务接入区机房购置项目_采购变更公告(1),https://b2b.10086.cn/b2b/main/viewNoticeContent.html?noticeBean.id=615035,2019-11-27
江苏移动,中国移动江苏公司江宁6-2-1综合业务接入区机房购置项目_采购变更公告(1),https://b2b.10086.cn/b2b/main/viewNoticeContent.html?noticeBean.id=615036,2019-11-27
终端公司,终端宁夏分公司2020年1月～2021年12月管理类业务外包服务采购项目_比选公告,https://b2b.10086.cn/b2b/main/viewNoticeContent.html?noticeBean.id=615049,2019-11-27
福建移动,漳州古雷港经济开发区云化政务OA系统项目_询价采购_变更公告_(2),https://b2b.10086.cn/b2b/main/viewNoticeContent.html?noticeBean.id=615052,2019-11-27
福建移动,福建移动莆田分公司2019年国投智能化OA公开询价采购项目_采购变更公告(1),https://b2b.10086.cn/b2b/main/viewNoticeContent.html?noticeBean.id=615056,2019-11-27
设计院,2019年设计院5G组网及优化工具开发视觉场景识别超算平台系统_比选公告,https://b2b.10086.cn/b2b/main/viewNoticeContent.html?noticeBean.id=615064,2019-11-27
新疆移动,2020年数据网LBS系统维保服务项目_比选公告,https://b2b.10086.cn/b2b/main/viewNoticeContent.html?noticeBean.id=615065,2019-11-27
新疆移动,2020年华为软件智能网设备维保服务项目_比选公告,https://b2b.10086.cn/b2b/main/viewNoticeContent.html?noticeBean.id=615078,2019-11-27
江西移动,上饶移动自办营业厅110联网报警和监控系统维保项目_询价公告,https://b2b.10086.cn/b2b/main/viewNoticeContent.html?noticeBean.id=615084,2019-11-27
山西移动,中国移动山西公司 2019-2021年运城分公司小区宽带购置评估项目 _采购公告,https://b2b.10086.cn/b2b/main/viewNoticeContent.html?noticeBean.id=615089,2019-11-27
上海研究院,中移（上海）产业研究院2019年工业演示建设工程AR远程维修和视觉抓取平台项目采购_比选公告,https://b2b.10086.cn/b2b/main/viewNoticeContent.html?noticeBean.id=615090,2019-11-27
陕西移动,惠享三秦“短彩信公众号”运营支撑项目2_比选公告,https://b2b.10086.cn/b2b/main/viewNoticeContent.html?noticeBean.id=615098,2019-11-27
浙江移动,中国移动浙江公司2020-2021年信息通信产业园110kV变电站维护服务采购项目_比选公告,https://b2b.10086.cn/b2b/main/viewNoticeContent.html?noticeBean.id=615107,2019-11-27
辽宁移动,中国移动辽宁公司2019-2020年度培训支撑及电子课程制作项目_比选公告,https://b2b.10086.cn/b2b/main/viewNoticeContent.html?noticeBean.id=615108,2019-11-27
江苏移动,中国移动江苏公司关于无锡分公司2019年集客技术支撑服务（云计算业务平台测试优化支撑服务）项目公开比选采购方案的请示项目_比选公告,https://b2b.10086.cn/b2b/main/viewNoticeContent.html?noticeBean.id=615111,2019-11-27
政企分公司,贵州移动政企客户分公司遵义智慧示范校园技术服务（中移全通）采购项目_比选公告,https://b2b.10086.cn/b2b/main/viewNoticeContent.html?noticeBean.id=615113,2019-11-27
信息港中心,中国移动杭州研发中心二期工程设计服务采购_招标公告,https://b2b.10086.cn/b2b/main/viewNoticeContent.html?noticeBean.id=615117,2019-11-27
