采购单位,标题,链接,发标日期
江苏移动,中国移动江苏公司关于淮安移动集团互联网电视运营支撑服务采购方案的请示项目_询价公告,https://b2b.10086.cn/b2b/main/viewNoticeContent.html?noticeBean.id=551040,2019-04-02
广东移动,中国移动广东公司2019年客户体验终端公开询价项目（韶关）_询价公告,https://b2b.10086.cn/b2b/main/viewNoticeContent.html?noticeBean.id=551044,2019-04-02
江苏移动,中国移动江苏公司关于2019年淮安公司业务宣传物料采购方案的请示项目_比选公告,https://b2b.10086.cn/b2b/main/viewNoticeContent.html?noticeBean.id=551082,2019-04-02
福建移动,2019年泉州移动南安市自来水公司智能化代建项目（第三次）,https://b2b.10086.cn/b2b/main/viewNoticeContent.html?noticeBean.id=551083,2019-04-02
云南移动,中国移动云南公司昭通分公司绥江分公司2019年市场网络租赁仓库项目_采购公告,https://b2b.10086.cn/b2b/main/viewNoticeContent.html?noticeBean.id=551090,2019-04-02
云南移动,中国移动云南公司曲靖分公司小坡办公楼视频监控系统改造项目_竞争性谈判采购公告,https://b2b.10086.cn/b2b/main/viewNoticeContent.html?noticeBean.id=551092,2019-04-02
江苏移动,中国移动江苏公司连云港分公司2019-2020年营业厅及管理用房装维等基建工程监理服务项目_比选公告,https://b2b.10086.cn/b2b/main/viewNoticeContent.html?noticeBean.id=551095,2019-04-02
西藏移动,中国移动西藏公司市场经营部2019年天上西藏内容信息安全审核项目_比选公告,https://b2b.10086.cn/b2b/main/viewNoticeContent.html?noticeBean.id=551104,2019-04-02
在线服务公司,中移在线福建分公司2019-2020年外拓产品客户交流支撑服务项目_比选公告,https://b2b.10086.cn/b2b/main/viewNoticeContent.html?noticeBean.id=551161,2019-04-02
陕西移动,榆林分公司神木、府谷、大柳塔分公司驾驶员业务外包服务项目_比选公告,https://b2b.10086.cn/b2b/main/viewNoticeContent.html?noticeBean.id=551162,2019-04-02
