采购单位,标题,链接,发标日期
终端公司,中国移动终端公司业务外包管理体系优化咨询项目_比选公告,https://b2b.10086.cn/b2b/main/viewNoticeContent.html?noticeBean.id=561248,2019-05-13
北京移动,中国移动北京公司 网运中心2019年互联网电视业务监控第三方协维服务项目_比选公告,https://b2b.10086.cn/b2b/main/viewNoticeContent.html?noticeBean.id=561252,2019-05-13
湖北移动,中国移动湖北公司武汉分公司江岸01B业务区传输汇聚机房购置项目_竞争性谈判采购公告（第二次）,https://b2b.10086.cn/b2b/main/viewNoticeContent.html?noticeBean.id=561253,2019-05-13
湖北移动,中国移动湖北公司武汉分公司硚口02A业务区传输汇聚机房购置项目_公开竞争性谈判采购公告（第二次）,https://b2b.10086.cn/b2b/main/viewNoticeContent.html?noticeBean.id=561254,2019-05-13
江苏移动,中国移动江苏公司宿迁分公司2019年业务宣传物料采购项目_比选公告,https://b2b.10086.cn/b2b/main/viewNoticeContent.html?noticeBean.id=561259,2019-05-13
湖北移动,中国移动湖北公司武汉分公司青山区05C业务区普通传输汇聚机房购置项目_公开竞争性谈判（第二次）,https://b2b.10086.cn/b2b/main/viewNoticeContent.html?noticeBean.id=561261,2019-05-13
湖北移动,中国移动湖北公司武汉分公司青山区04A业务区普通传输汇聚机房购置项目_公开竟争性谈判(第二次),https://b2b.10086.cn/b2b/main/viewNoticeContent.html?noticeBean.id=561262,2019-05-13
总部,中国移动2019年重点业务类型合同范本制作管理咨询项目_比选公告,https://b2b.10086.cn/b2b/main/viewNoticeContent.html?noticeBean.id=561286,2019-05-13
山西移动,中国移动山西公司2019年山西移动数据中心土建项目二期工程施工图审查服务采购项目_比选公告,https://b2b.10086.cn/b2b/main/viewNoticeContent.html?noticeBean.id=561301,2019-05-13
河南移动,河南移动2019年渠道异业合作管理平台一期建设工程采购项目_招标公告,https://b2b.10086.cn/b2b/main/viewNoticeContent.html?noticeBean.id=561307,2019-05-13
辽宁移动,中国移动辽宁公司能源监测管理平台建设项目_招标公告,https://b2b.10086.cn/b2b/main/viewNoticeContent.html?noticeBean.id=561308,2019-05-13
湖南移动,湖南移动益阳分公司云MAS二次开发项目_比选公告,https://b2b.10086.cn/b2b/main/viewNoticeContent.html?noticeBean.id=561324,2019-05-13
在线服务公司,山西分公司为侯马市税务局智能门禁改造项目_采购变更公告(二次),https://b2b.10086.cn/b2b/main/viewNoticeContent.html?noticeBean.id=561327,2019-05-13
湖北移动,中国移动通信湖北公司宜昌分公司宜城春晓业务区机房购置项目_采购公告,https://b2b.10086.cn/b2b/main/viewNoticeContent.html?noticeBean.id=561328,2019-05-13
陕西移动,2019年西安公司机关车辆驾驶业务外包项目_比选公告,https://b2b.10086.cn/b2b/main/viewNoticeContent.html?noticeBean.id=561330,2019-05-13
福建移动,福建移动莆田分公司2019年传输哑资源(光交接箱)智能锁询价项目（第二轮）_采购变更公告(1),https://b2b.10086.cn/b2b/main/viewNoticeContent.html?noticeBean.id=561341,2019-05-13
青海移动,2019年新技术新业务安全评估初评服务项目需求_比选公告,https://b2b.10086.cn/b2b/main/viewNoticeContent.html?noticeBean.id=561344,2019-05-13
终端公司,中国移动通信集团终端有限公司广东分公司零售试点开展酬金业务地推合作项目_比选公告,https://b2b.10086.cn/b2b/main/viewNoticeContent.html?noticeBean.id=561361,2019-05-13
辽宁移动,中国移动辽宁公司2019年计费系统性能检测服务项目（四期）_比选公告,https://b2b.10086.cn/b2b/main/viewNoticeContent.html?noticeBean.id=561370,2019-05-13
北京移动,中国移动北京公司创新方法工具箱建设及应用支撑项目_比选公告,https://b2b.10086.cn/b2b/main/viewNoticeContent.html?noticeBean.id=561384,2019-05-13
北京移动,交付中心2019年5月-2022年12月特殊资源管孔（原万达新兴维护部分）协维服务项目_比选公告,https://b2b.10086.cn/b2b/main/viewNoticeContent.html?noticeBean.id=561385,2019-05-13
总部,总部网络部通信网络安全运维竞赛技术支撑服务采购_比选公告,https://b2b.10086.cn/b2b/main/viewNoticeContent.html?noticeBean.id=561387,2019-05-13
总部,2019年总部网络部关键信息基础设施网络安全技术实战训练支撑服务采购_比选公告,https://b2b.10086.cn/b2b/main/viewNoticeContent.html?noticeBean.id=561389,2019-05-13
北京移动,中国移动北京公司政企稽核能力支撑项目_比选公告,https://b2b.10086.cn/b2b/main/viewNoticeContent.html?noticeBean.id=561425,2019-05-13
