采购单位,标题,链接,发标日期
北京移动,中国移动北京公司家庭私有云终端及云存储服务采购项目_比选公告,https://b2b.10086.cn/b2b/main/viewNoticeContent.html?noticeBean.id=595830,2019-09-16
广西移动,中国移动广西公司北海分公司2019—2021年办公楼消防系统维保维修服务框架采购项目_比选公告,https://b2b.10086.cn/b2b/main/viewNoticeContent.html?noticeBean.id=595868,2019-09-16
江苏移动,中国移动江苏公司2019-2021年全省业务宣传设计服务（第一批）项目项目_比选公告,https://b2b.10086.cn/b2b/main/viewNoticeContent.html?noticeBean.id=595875,2019-09-16
甘肃移动,中国移动甘肃公司2019年平凉核心机房空调精确送风系统改造工程项目_比选公告,https://b2b.10086.cn/b2b/main/viewNoticeContent.html?noticeBean.id=595897,2019-09-16
江苏移动,中国移动江苏公司2019年苏州分公司昆山站闸信息化ICT项目项目_招标公告,https://b2b.10086.cn/b2b/main/viewNoticeContent.html?noticeBean.id=595915,2019-09-16
辽宁移动,中国移动辽宁公司2019年和爱车业务管理平台采购项目_招标公告,https://b2b.10086.cn/b2b/main/viewNoticeContent.html?noticeBean.id=595918,2019-09-16
政企分公司,黑龙江刺尔滨河保护区管理局信息化监测监控体系建设项目设备（中移全通）采购项目_比选公告,https://b2b.10086.cn/b2b/main/viewNoticeContent.html?noticeBean.id=595950,2019-09-16
江苏移动,中国移动江苏公司2019-2020年南京移动江北数据中心110kV变压器废油处置项目_询价公告,https://b2b.10086.cn/b2b/main/viewNoticeContent.html?noticeBean.id=595951,2019-09-16
政企分公司,黑龙江中央站黑嘴松鸡自然保护区服务中心_建设信息化平台设备（中移全通）采购项目_比选公告,https://b2b.10086.cn/b2b/main/viewNoticeContent.html?noticeBean.id=595963,2019-09-16
新疆移动,博州分公司2019年教育产品终端安装维护采购项目_比选公告,https://b2b.10086.cn/b2b/main/viewNoticeContent.html?noticeBean.id=595993,2019-09-16
