采购单位,标题,链接,发标日期
辽宁移动,中国移动辽宁公司2019年省属高压配电系统常用配件购置框架项目_比选公告,https://b2b.10086.cn/b2b/main/viewNoticeContent.html?noticeBean.id=543483,2019-03-01
湖北移动,中国移动湖北公司2019-2020年工程和维护水泥电杆项目补充采购(襄阳、宜昌）第二次_招标公告,https://b2b.10086.cn/b2b/main/viewNoticeContent.html?noticeBean.id=543485,2019-03-01
福建移动,2019年南安市自来水公司智能化代建项目_采购公告,https://b2b.10086.cn/b2b/main/viewNoticeContent.html?noticeBean.id=543486,2019-03-01
福建移动,福建移动莆田分公司2019年集团客户手机终端维修服务公开询价采购_询价公告,https://b2b.10086.cn/b2b/main/viewNoticeContent.html?noticeBean.id=543488,2019-03-01
苏州研发中心,苏州研发中心2019年IT支撑系统优化演进技术咨询服务项目_比选公告,https://b2b.10086.cn/b2b/main/viewNoticeContent.html?noticeBean.id=543518,2019-03-01
政企分公司,和商务直播平台一期工程项目软件开发及系统集成服务（中移全通）采购项目_比选公告,https://b2b.10086.cn/b2b/main/viewNoticeContent.html?noticeBean.id=543521,2019-03-01
北京移动,中国移动北京公司网运中心2019年4月-2020年12月网管系统基础架构平台技术支持服务项目_比选公告,https://b2b.10086.cn/b2b/main/viewNoticeContent.html?noticeBean.id=543527,2019-03-01
北京移动,中国移动北京公司交付中心2019年4月-2020年3月传输资源数据质量现场抽查项目_比选公告,https://b2b.10086.cn/b2b/main/viewNoticeContent.html?noticeBean.id=543540,2019-03-01
西藏移动,中国移动西藏公司2019年区公司消防设施维护项目_比选公告,https://b2b.10086.cn/b2b/main/viewNoticeContent.html?noticeBean.id=543543,2019-03-01
安徽移动,芜湖移动2019年网络部4G单芯光模块采购公开比选项目_比选公告,https://b2b.10086.cn/b2b/main/viewNoticeContent.html?noticeBean.id=543563,2019-03-01
上海移动,中国移动上海公司2019年公有云信息安全管理系统建设工程EU前置设备_询价公告,https://b2b.10086.cn/b2b/main/viewNoticeContent.html?noticeBean.id=543578,2019-03-01
四川移动,中国移动四川公司2019年ICP系统服务支撑项目_比选公告,https://b2b.10086.cn/b2b/main/viewNoticeContent.html?noticeBean.id=543587,2019-03-01
终端公司,中国移动通信集团终端有限公司2019年2月到2020年2月新零售设计服务支撑项目_比选公告,https://b2b.10086.cn/b2b/main/viewNoticeContent.html?noticeBean.id=543593,2019-03-01
山东移动,山东移动济宁分公司2019年邹城宏河大厦监控系统采购项目_比选公告,https://b2b.10086.cn/b2b/main/viewNoticeContent.html?noticeBean.id=543600,2019-03-01
山东移动,山东移动2019年济宁分公司济宁工业云支撑运营服务采购项目_比选公告,https://b2b.10086.cn/b2b/main/viewNoticeContent.html?noticeBean.id=543603,2019-03-01
北京移动,中国移动北京公司中国移动北京公司2019年东直门视频运营中心建设项目_招标公告,https://b2b.10086.cn/b2b/main/viewNoticeContent.html?noticeBean.id=543608,2019-03-01
江苏移动,中国移动江苏公司盐城移动2019-2020全市生产经营用车长期租赁项目项目_比选公告,https://b2b.10086.cn/b2b/main/viewNoticeContent.html?noticeBean.id=543609,2019-03-01
宁夏移动,中国移动宁夏公司2019年市场分析调研咨询采购项目_比选公告,https://b2b.10086.cn/b2b/main/viewNoticeContent.html?noticeBean.id=543619,2019-03-01
内蒙移动,中国移动内蒙古公司2019年集团客户部会议支撑服务项目（公开比选）_比选公告,https://b2b.10086.cn/b2b/main/viewNoticeContent.html?noticeBean.id=543621,2019-03-01
西藏移动,中国移动西藏公司2019年集团客户手机维修服务项目_比选公告,https://b2b.10086.cn/b2b/main/viewNoticeContent.html?noticeBean.id=543637,2019-03-01
湖北移动,中国移动湖北公司2019年第一批全省自营渠道终端特许经营合作商引入项目_采购公告,https://b2b.10086.cn/b2b/main/viewNoticeContent.html?noticeBean.id=543638,2019-03-01
西藏移动,中国移动西藏公司日喀则分公司开展2019年上半年集团信息化产品推介会项目_比选公告,https://b2b.10086.cn/b2b/main/viewNoticeContent.html?noticeBean.id=543653,2019-03-01
物联网公司,统一售后服务系统项目_比选公告,https://b2b.10086.cn/b2b/main/viewNoticeContent.html?noticeBean.id=543666,2019-03-01
物联网公司,黔西南数字化校园技术支撑服务项目二期_比选公告,https://b2b.10086.cn/b2b/main/viewNoticeContent.html?noticeBean.id=543676,2019-03-01
杭州研发中心,中移(杭州)信息技术有限公司语音能力平台文字转语音子系统采购项目_比选公告,https://b2b.10086.cn/b2b/main/viewNoticeContent.html?noticeBean.id=543679,2019-03-01
政企分公司,云南省一部手机游云南项目智慧厕所ICT业务服务(中移全通)采购项目_比选公告,https://b2b.10086.cn/b2b/main/viewNoticeContent.html?noticeBean.id=543680,2019-03-01
