采购单位,标题,链接,发标日期
湖南移动,湖南移动移动应用平台安全接入服务项目_比选公告,https://b2b.10086.cn/b2b/main/viewNoticeContent.html?noticeBean.id=622248,2019-12-17
辽宁移动,中国移动辽宁公司大连分公司2019年客户投诉处理系统采购项目_采购公告,https://b2b.10086.cn/b2b/main/viewNoticeContent.html?noticeBean.id=622263,2019-12-17
铁通公司,中移铁通有限公司黑龙江分公司2019-2021年维护劳务分包项目_比选公告,https://b2b.10086.cn/b2b/main/viewNoticeContent.html?noticeBean.id=622271,2019-12-17
辽宁移动,中国移动辽宁公司大连移动公司2020年电动门维修维护项目招标_采购公告,https://b2b.10086.cn/b2b/main/viewNoticeContent.html?noticeBean.id=622285,2019-12-17
内蒙移动,中国移动内蒙古公司2020年网络管理中心维保服务统一集中采购项目（公开比选）（1、3、9、11、13、16标段）_比选公告,https://b2b.10086.cn/b2b/main/viewNoticeContent.html?noticeBean.id=622305,2019-12-17
湖北移动,中国移动湖北公司基于CDM技术的业务数据库虚拟化保护及数据服务平台采购_招标公告,https://b2b.10086.cn/b2b/main/viewNoticeContent.html?noticeBean.id=622322,2019-12-17
江西移动,黎川行政服务中心电子监察视频监控系统建设 服务项目（硬件部分）_询价公告,https://b2b.10086.cn/b2b/main/viewNoticeContent.html?noticeBean.id=622338,2019-12-17
内蒙移动,通辽移动分公司开发区营业厅地热改造项目_比选公告,https://b2b.10086.cn/b2b/main/viewNoticeContent.html?noticeBean.id=622342,2019-12-17
终端公司,华为WATCH 2 2018版-4G（eSIM）LEO-DL00E手表采购项目报备_采购公告,https://b2b.10086.cn/b2b/main/viewNoticeContent.html?noticeBean.id=622345,2019-12-17
福建移动,福建移动莆田分公司2020-2022年大众市场服务活动支撑公开比选采购项目_比选公告,https://b2b.10086.cn/b2b/main/viewNoticeContent.html?noticeBean.id=622347,2019-12-17
政企分公司,江西南昌市公安局会议系统改造（中移全通）采购项目_比选公告,https://b2b.10086.cn/b2b/main/viewNoticeContent.html?noticeBean.id=622358,2019-12-17
信息技术公司,2019-2020年基础设施安全防护及安全监测检测类设备二级集中采购项目UTM（下一代防火墙）采购_招标采购_变更公告_(1),https://b2b.10086.cn/b2b/main/viewNoticeContent.html?noticeBean.id=622359,2019-12-17
终端公司,终端宁夏分公司省内智能电视配送项目报备_采购公告,https://b2b.10086.cn/b2b/main/viewNoticeContent.html?noticeBean.id=622361,2019-12-17
云南移动,中国移动云南公司玉溪分公司2019年重点行业应用推广项目_竞争性谈判采购公告,https://b2b.10086.cn/b2b/main/viewNoticeContent.html?noticeBean.id=622371,2019-12-17
浙江移动,中国移动金华分公司2019-2020年哑资源智能化采集器采购_比选公告,https://b2b.10086.cn/b2b/main/viewNoticeContent.html?noticeBean.id=622387,2019-12-17
江苏移动,中国移动江苏公司关于无锡分公司车辆租赁服务（生产经营用车租赁）的采购项目_比选公告,https://b2b.10086.cn/b2b/main/viewNoticeContent.html?noticeBean.id=622390,2019-12-17
政企分公司,陕西省体育彩票管理中心西安市管理站智慧工会云（中移全通）项目_比选公告,https://b2b.10086.cn/b2b/main/viewNoticeContent.html?noticeBean.id=622396,2019-12-17
铁通公司,中移铁通甘肃分公司2019-2020年经营销售类商品合作商入围采购项目(2)_比选公告,https://b2b.10086.cn/b2b/main/viewNoticeContent.html?noticeBean.id=622410,2019-12-17
江苏移动,中国移动江苏公司苏州分公司政企部集客增票配送服务及市场部维修手机配送服务采购项目_询价采购_变更公告_(1),https://b2b.10086.cn/b2b/main/viewNoticeContent.html?noticeBean.id=622412,2019-12-17
重庆移动,潼南分公司2020年清欠业务代理服务项目_比选公告,https://b2b.10086.cn/b2b/main/viewNoticeContent.html?noticeBean.id=622423,2019-12-17
新疆移动,克州分公司2020-2021年电梯维护保养项目_比选公告,https://b2b.10086.cn/b2b/main/viewNoticeContent.html?noticeBean.id=622434,2019-12-17
政企分公司,贵州5G+AR及5G+VR应用技术服务（中移全通）采购项目_比选公告,https://b2b.10086.cn/b2b/main/viewNoticeContent.html?noticeBean.id=622450,2019-12-17
甘肃移动,中国移动甘肃公司2019年有线宽带业务质量及用户体验管理系统工程软件采购项目_比选公告,https://b2b.10086.cn/b2b/main/viewNoticeContent.html?noticeBean.id=622451,2019-12-17
中移金科,2019-2020年WebTrends运维及数据分析支撑服务项目采购_比选公告,https://b2b.10086.cn/b2b/main/viewNoticeContent.html?noticeBean.id=622470,2019-12-17
政企分公司,河南省平顶山叶县河道采砂监控平台服务（中移全通）采购项目_比选公告,https://b2b.10086.cn/b2b/main/viewNoticeContent.html?noticeBean.id=622471,2019-12-17
中移金科,商旅平台机票供应商采购项目_比选公告,https://b2b.10086.cn/b2b/main/viewNoticeContent.html?noticeBean.id=622490,2019-12-17
重庆移动,2020-2022年部分IT通用硬件原厂维保服务项目（标包2）_询价公告,https://b2b.10086.cn/b2b/main/viewNoticeContent.html?noticeBean.id=622500,2019-12-17
铁通公司,中移铁通有限公司云南分公司2019年-2021年维护、销售劳务分包采购项目_比选公告,https://b2b.10086.cn/b2b/main/viewNoticeContent.html?noticeBean.id=622501,2019-12-17
广西移动,中国移动广西公司2020-2021年全区军民共建光缆线路维护及迁改采购项目_招标公告,https://b2b.10086.cn/b2b/main/viewNoticeContent.html?noticeBean.id=622515,2019-12-17
湖南移动,湖南移动营业厅客户预约和业务综合管理系统项目_招标公告,https://b2b.10086.cn/b2b/main/viewNoticeContent.html?noticeBean.id=622520,2019-12-17
