采购单位,标题,链接,发标日期
内蒙移动,中国移动通信集团内蒙古有限公司赤峰分公司全市自有营业厅LED维护项目_比选公告,https://b2b.10086.cn/b2b/main/viewNoticeContent.html?noticeBean.id=592272,2019-09-02
四川移动,中国移动四川公司2019年互联网业务质量对标拨测分析服务项目_比选公告,https://b2b.10086.cn/b2b/main/viewNoticeContent.html?noticeBean.id=592298,2019-09-02
终端公司,关于云南分公司2019年外呼服务体系IMS专线业务采购项目的报备_采购公告,https://b2b.10086.cn/b2b/main/viewNoticeContent.html?noticeBean.id=592315,2019-09-02
江苏移动,中国移动江苏公司徐州分公司市场业务集中稽核服务项目_比选公告,https://b2b.10086.cn/b2b/main/viewNoticeContent.html?noticeBean.id=592321,2019-09-02
浙江移动,中国移动湖州分公司2019-2022年本地有线视频监控产品安装维护项目_比选公告,https://b2b.10086.cn/b2b/main/viewNoticeContent.html?noticeBean.id=592329,2019-09-02
山东移动,山东移动菏泽分公司2019年邮政物流车管理平台采购项目_比选公告,https://b2b.10086.cn/b2b/main/viewNoticeContent.html?noticeBean.id=592337,2019-09-02
广西移动,中国移动广西公司桂林分公司2019-2020年度员工餐厅食材及管理人员采购项目_比选公告,https://b2b.10086.cn/b2b/main/viewNoticeContent.html?noticeBean.id=592357,2019-09-02
新疆移动,2019年集客市场综合对标分析咨询项目_比选公告,https://b2b.10086.cn/b2b/main/viewNoticeContent.html?noticeBean.id=592385,2019-09-02
安徽移动,安徽移动2019年征集和包红包信用购业务合作采购项目_采购公告,https://b2b.10086.cn/b2b/main/viewNoticeContent.html?noticeBean.id=592410,2019-09-02
江苏移动,中国移动江苏公司信息技术中心2019年业务支撑系统敏感信息安全检测服务项目_比选公告,https://b2b.10086.cn/b2b/main/viewNoticeContent.html?noticeBean.id=592413,2019-09-02
安徽移动,发布滁州移动公开渠道（含校园）业务外包招商公告_采购公告,https://b2b.10086.cn/b2b/main/viewNoticeContent.html?noticeBean.id=592420,2019-09-02
山东移动,关于山东移动德州分公司2019年齐河电子政务云平台继续托管到浪潮政务云平台采购项目采购方案_采购公告,https://b2b.10086.cn/b2b/main/viewNoticeContent.html?noticeBean.id=592425,2019-09-02
湖南移动,湖南移动IDC等重点政企业务推介活动执行项目_比选公告,https://b2b.10086.cn/b2b/main/viewNoticeContent.html?noticeBean.id=592428,2019-09-02
吉林移动,中国移动吉林公司白城分公司2019年白城师范学院校园宽带上网行为管控设备采购公开比选项目_比选公告,https://b2b.10086.cn/b2b/main/viewNoticeContent.html?noticeBean.id=592429,2019-09-02
