采购单位,标题,链接,发标日期
信息技术公司,AI在故障定位方面的应用研究&基于AI技术的充值支付产品演练中心研发&ML和DEEP-LEARNING技术在自动化运营方面的应用研究项目_比选公告,https://b2b.10086.cn/b2b/main/viewNoticeContent.html?noticeBean.id=608243,2019-11-05
物联网公司,自动化实验室集成系统开发项目_采购变更公告(1),https://b2b.10086.cn/b2b/main/viewNoticeContent.html?noticeBean.id=608246,2019-11-05
信息技术公司,中移动信息技术有限公司2020-2021年真实用户交易监测软件维保服务_比选公告,https://b2b.10086.cn/b2b/main/viewNoticeContent.html?noticeBean.id=608252,2019-11-05
信安中心,APT集中监测分析平台工程_招标公告,https://b2b.10086.cn/b2b/main/viewNoticeContent.html?noticeBean.id=608271,2019-11-05
物联网公司,MCU研发项目_比选公告,https://b2b.10086.cn/b2b/main/viewNoticeContent.html?noticeBean.id=608274,2019-11-05
物联网公司,自动化实验室集成系统开发项目_采购变更公告(2),https://b2b.10086.cn/b2b/main/viewNoticeContent.html?noticeBean.id=608275,2019-11-05
新疆移动,中国移动新疆分公司和中国联通新疆分公司昌吉数据中心110kV变电站及引入线路工程监理招标服务采购招标_采购变更公告(1),https://b2b.10086.cn/b2b/main/viewNoticeContent.html?noticeBean.id=608283,2019-11-05
在线服务公司,中移在线服务有限公司内蒙古分公司办公楼电梯运行维护保养维修服务项目_采购公告,https://b2b.10086.cn/b2b/main/viewNoticeContent.html?noticeBean.id=608295,2019-11-05
设计院,2019年设计院BIM可视化机柜管理系统开发服务项目_比选公告,https://b2b.10086.cn/b2b/main/viewNoticeContent.html?noticeBean.id=608311,2019-11-05
河南移动,河南移动2019年鹤壁分公司生产指挥调度楼智能会议室无纸化会议系统设备采购项目_比选公告,https://b2b.10086.cn/b2b/main/viewNoticeContent.html?noticeBean.id=608322,2019-11-05
云南移动,中国移动云南公司2019年网优大数据平台省端维护管理支撑服务项目_比选公告,https://b2b.10086.cn/b2b/main/viewNoticeContent.html?noticeBean.id=608327,2019-11-05
四川移动,中国移动四川公司达州市政企集团客户终端维修项目_采购公告,https://b2b.10086.cn/b2b/main/viewNoticeContent.html?noticeBean.id=608345,2019-11-05
内蒙移动,中国移动（呼和浩特）数据中心一期2020-2021年绿化养护服务项目_比选公告,https://b2b.10086.cn/b2b/main/viewNoticeContent.html?noticeBean.id=608346,2019-11-05
内蒙移动,中国移动（呼和浩特）数据中心2019年仪器仪表及工具用具采购项目_询价公告,https://b2b.10086.cn/b2b/main/viewNoticeContent.html?noticeBean.id=608350,2019-11-05
铁通公司,中移铁通有限公司辽宁分公司2019年经营生产车辆购置项目_询价公告,https://b2b.10086.cn/b2b/main/viewNoticeContent.html?noticeBean.id=608356,2019-11-05
政企分公司,四川省广元市精神卫生中心医疗信息发布平台技术服务（中移全通）采购项目_比选公告,https://b2b.10086.cn/b2b/main/viewNoticeContent.html?noticeBean.id=608366,2019-11-05
政企分公司,福建省永春县城市管理局泉州市永春县卫星影像“两违”核查（中移全通）采购项目_比选公告,https://b2b.10086.cn/b2b/main/viewNoticeContent.html?noticeBean.id=608369,2019-11-05
政企分公司,贵州省安顺强制隔离戒毒所“智慧戒毒”综合执法平台采购项目_比选公告,https://b2b.10086.cn/b2b/main/viewNoticeContent.html?noticeBean.id=608370,2019-11-05
河北移动,中国移动河北公司中国移动通信集团有限公司邯郸分公司ICT“注册制”业务合作商招募项目_招募公告,https://b2b.10086.cn/b2b/main/viewNoticeContent.html?noticeBean.id=608398,2019-11-05
