采购单位,标题,链接,发标日期
咪咕公司,咪咕公司生态链分析及产业对标报告库和定制报告项目_比选公告,https://b2b.10086.cn/b2b/main/viewNoticeContent.html?noticeBean.id=537539,2019-01-28
重庆移动,2019年石柱分公司清欠业务合作项目_比选公告,https://b2b.10086.cn/b2b/main/viewNoticeContent.html?noticeBean.id=537564,2019-01-28
政企分公司,安徽合肥长丰县左店乡政府国土卫士监控中心系统智能化工程等（中移全通）采购项目_比选公告,https://b2b.10086.cn/b2b/main/viewNoticeContent.html?noticeBean.id=537574,2019-01-28
江西移动,江西移动2019年第一批厅店业务外包合作商引入项目_比选公告,https://b2b.10086.cn/b2b/main/viewNoticeContent.html?noticeBean.id=537610,2019-01-28
广西移动,中国移动广西公司蓄电池组远程智能运维系统采购项目_询价公告,https://b2b.10086.cn/b2b/main/viewNoticeContent.html?noticeBean.id=537619,2019-01-28
广东移动,中国移动广东公司2019-2020年基建造价管理支撑服务公开招标项目（湛江）（第三次）_招标公告,https://b2b.10086.cn/b2b/main/viewNoticeContent.html?noticeBean.id=537627,2019-01-28
安徽移动,安徽移动芜湖分公司海螺集团4G无线链路灾备项目_询价公告,https://b2b.10086.cn/b2b/main/viewNoticeContent.html?noticeBean.id=537628,2019-01-28
上海研究院,中移（上海）产业研究院2019-2020年采购代理服务项目_比选公告,https://b2b.10086.cn/b2b/main/viewNoticeContent.html?noticeBean.id=537639,2019-01-28
政企分公司,黔东南州水文站点信息化能力建设电力优化及维护服务(中移全通)采购项目_比选公告,https://b2b.10086.cn/b2b/main/viewNoticeContent.html?noticeBean.id=537642,2019-01-28
重庆移动,石柱、大足新生产楼、万盛生产调度用房空调系统采购_招标公告,https://b2b.10086.cn/b2b/main/viewNoticeContent.html?noticeBean.id=537653,2019-01-28
内蒙移动,2018年CMNet省网出口配套DPI系统扩容工程、内容分发网络二期功能改造工程PDU采购项目_比选公告,https://b2b.10086.cn/b2b/main/viewNoticeContent.html?noticeBean.id=537668,2019-01-28
安徽移动,2019年省公司信息化体验厅优化升级项目（硬件设备采购工程）_询价公告,https://b2b.10086.cn/b2b/main/viewNoticeContent.html?noticeBean.id=537682,2019-01-28
研究院,中移雄安信息通信科技有限公司人力资源管理体系咨询服务_比选公告,https://b2b.10086.cn/b2b/main/viewNoticeContent.html?noticeBean.id=537703,2019-01-28
