采购单位,标题,链接,发标日期
黑龙江移动,黑龙江移动佳木斯集客信息化展厅数字沙盘采购项目_询价采购_变更公告_(1),https://b2b.10086.cn/b2b/main/viewNoticeContent.html?noticeBean.id=595396,2019-09-12
河南移动,河南移动2019年周口市行政效能电子监察系统维保服务采购项目_比选公告,https://b2b.10086.cn/b2b/main/viewNoticeContent.html?noticeBean.id=595408,2019-09-12
广东移动,中国移动广东公司2019年广东公司文化和旅游行业大数据服务公开比选项目_比选公告,https://b2b.10086.cn/b2b/main/viewNoticeContent.html?noticeBean.id=595409,2019-09-12
北京移动,中国移动北京公司B1927734 大数据平台搬迁集成服务项目_招标公告,https://b2b.10086.cn/b2b/main/viewNoticeContent.html?noticeBean.id=595413,2019-09-12
铁通公司,中移铁通有限公司安徽分公司芜湖市易政网平台ICT项目_询价公告,https://b2b.10086.cn/b2b/main/viewNoticeContent.html?noticeBean.id=595415,2019-09-12
铁通公司,中移铁通有限公司安徽分公司芜湖市弋江区蓝天卫士项目设备及系统集成服务ICT项目_询价公告,https://b2b.10086.cn/b2b/main/viewNoticeContent.html?noticeBean.id=595416,2019-09-12
铁通公司,中移铁通有限公司安徽分公司淮北市基本GGWS服务两卡制软件平台ICT项目 _询价公告,https://b2b.10086.cn/b2b/main/viewNoticeContent.html?noticeBean.id=595417,2019-09-12
江苏移动,中国移动江苏公司2019-2020年苏州分公司和商务直播支撑服务项目_询价公告,https://b2b.10086.cn/b2b/main/viewNoticeContent.html?noticeBean.id=595431,2019-09-12
云南移动,中国移动云南公司曲靖分公司曲靖市投资项目信息化管理平台ICT集成项目_比选公告,https://b2b.10086.cn/b2b/main/viewNoticeContent.html?noticeBean.id=595440,2019-09-12
新疆移动,中国移动（昌吉）数据中心1.2期机电工程2-1机房及配套设备集成系统施工项目_比选采购_变更公告_(1),https://b2b.10086.cn/b2b/main/viewNoticeContent.html?noticeBean.id=595472,2019-09-12
终端公司,中国移动终端公司2019年9月家宽测试仪表采购项目_比选公告,https://b2b.10086.cn/b2b/main/viewNoticeContent.html?noticeBean.id=595478,2019-09-12
广西移动,中国移动广西南宁公司2019-2021年度有线建设维护全流程管理系统与基础管理平台优化维护服务的采购项目_询价公告,https://b2b.10086.cn/b2b/main/viewNoticeContent.html?noticeBean.id=595483,2019-09-12
福建移动,2019年泉州永春移动政企市场商客经理队伍公开招募项目_采购变更公告(1),https://b2b.10086.cn/b2b/main/viewNoticeContent.html?noticeBean.id=595489,2019-09-12
浙江移动,中国移动NFV网络控制面浙江大区节点一期工程大区业务预警保障系统配套软件项目_招标公告,https://b2b.10086.cn/b2b/main/viewNoticeContent.html?noticeBean.id=595491,2019-09-12
中移金科,支付公司办公楼房屋维修、水电机电设备维护项目_比选公告,https://b2b.10086.cn/b2b/main/viewNoticeContent.html?noticeBean.id=595494,2019-09-12
浙江移动,中国移动杭州分公司2019-2021年地铁专网维护项目_比选公告,https://b2b.10086.cn/b2b/main/viewNoticeContent.html?noticeBean.id=595505,2019-09-12
北京移动,中国移动北京公司政企ICT业务一体化支撑项目（第三次）_招标公告,https://b2b.10086.cn/b2b/main/viewNoticeContent.html?noticeBean.id=595524,2019-09-12
北京移动,中国移动北京公司2019-2022年采购业务合法合规稽核与检查支撑服务项目_比选公告,https://b2b.10086.cn/b2b/main/viewNoticeContent.html?noticeBean.id=595530,2019-09-12
江苏移动,中国移动江苏公司2019年-2021年苏州分公司服务策略支撑服务项目_比选公告,https://b2b.10086.cn/b2b/main/viewNoticeContent.html?noticeBean.id=595545,2019-09-12
甘肃移动,中国移动甘肃公司2019年业务支撑系统安全管理平台八期工程主机安全软件产品采购项目_比选公告,https://b2b.10086.cn/b2b/main/viewNoticeContent.html?noticeBean.id=595557,2019-09-12
甘肃移动,中国移动甘肃公司2019年业务支撑系统安全管理平台八期工程文件加密软件产品采购项目_比选公告,https://b2b.10086.cn/b2b/main/viewNoticeContent.html?noticeBean.id=595576,2019-09-12
甘肃移动,中国移动甘肃公司2019年银滩辅助楼低压配电系统更新工程室外地埋油罐及供油系统采购项目_比选公告,https://b2b.10086.cn/b2b/main/viewNoticeContent.html?noticeBean.id=595577,2019-09-12
