采购单位,标题,链接,发标日期
安徽移动,淮北公司政企客户部淮北市政务大厅等单位综合集成服务项目_采购公告,https://b2b.10086.cn/b2b/main/viewNoticeContent.html?noticeBean.id=576887,2019-07-09
安徽移动,淮北公司政企部杜集区城管局网格化管理升级改造项目信息化集成服务项目_采购公告,https://b2b.10086.cn/b2b/main/viewNoticeContent.html?noticeBean.id=576888,2019-07-09
甘肃移动,中国移动甘肃公司RDC规划咨询服务项目_比选公告,https://b2b.10086.cn/b2b/main/viewNoticeContent.html?noticeBean.id=576889,2019-07-09
北京移动,中国移动北京公司2019重要客户维系活动采购项目_比选公告,https://b2b.10086.cn/b2b/main/viewNoticeContent.html?noticeBean.id=576895,2019-07-09
在线服务公司,在线服务公司2019年客服办公行业应用安装维保服务采购项目_比选公告,https://b2b.10086.cn/b2b/main/viewNoticeContent.html?noticeBean.id=576914,2019-07-09
河北移动,中国移动河北公司河北移动2019至2022年“和生活”APP营销支撑项目项目_比选公告,https://b2b.10086.cn/b2b/main/viewNoticeContent.html?noticeBean.id=576916,2019-07-09
江苏移动,中国移动江苏公司宿迁移动终端回收管理协维服务采购项目项目_比选公告,https://b2b.10086.cn/b2b/main/viewNoticeContent.html?noticeBean.id=576928,2019-07-09
内蒙移动,2019年巴彦淖尔分公司前旗开展南黑泥社等11处农村宽带三方合作项目_采购公告,https://b2b.10086.cn/b2b/main/viewNoticeContent.html?noticeBean.id=576932,2019-07-09
四川移动,关于中国移动四川公司德阳分公司2019年德阳移动细分市场运营支撑系统技术服务项目_比选公告,https://b2b.10086.cn/b2b/main/viewNoticeContent.html?noticeBean.id=576954,2019-07-09
湖北移动,中国移动湖北公司2019-2021年武汉常青机房水冷改造热管换热系统与服务采购项目_招标公告,https://b2b.10086.cn/b2b/main/viewNoticeContent.html?noticeBean.id=576956,2019-07-09
广东移动,中国移动广东公司2019年综合楼人面识别访客系统非集采设备公开询价项目（清远）采购方案_询价公告,https://b2b.10086.cn/b2b/main/viewNoticeContent.html?noticeBean.id=576957,2019-07-09
内蒙移动,2019年巴彦淖尔分公司杭后胜利5队等9个村社农村村社宽带三方合作项目_采购公告,https://b2b.10086.cn/b2b/main/viewNoticeContent.html?noticeBean.id=576962,2019-07-09
内蒙移动,2019年巴彦淖尔分公司杭后永乐1社等22个村社农村村社宽带三方合作项目_采购公告,https://b2b.10086.cn/b2b/main/viewNoticeContent.html?noticeBean.id=576967,2019-07-09
山东移动,山东移动2019-2020年软件开发维护成本评估咨询服务采购项目_比选公告,https://b2b.10086.cn/b2b/main/viewNoticeContent.html?noticeBean.id=576982,2019-07-09
黑龙江移动,黑龙江移动2019-2022年数据中心变配电设备服务项目_比选公告,https://b2b.10086.cn/b2b/main/viewNoticeContent.html?noticeBean.id=576987,2019-07-09
黑龙江移动,黑龙江移动2019-2020年WEB防护与域间流量监控采购项目_比选公告,https://b2b.10086.cn/b2b/main/viewNoticeContent.html?noticeBean.id=576988,2019-07-09
云南移动,中国移动云南公司玉溪分公司2019年咪咕视频应用宣传推广合作招选项目_竞争性谈判采购公告,https://b2b.10086.cn/b2b/main/viewNoticeContent.html?noticeBean.id=576995,2019-07-09
铁通公司,中移铁通统一安全管控平台（一期）项目_招标公告,https://b2b.10086.cn/b2b/main/viewNoticeContent.html?noticeBean.id=576998,2019-07-09
海南移动,中国移动海南公司2019年海口分公司营销活动现场用折叠桌项目_采购公告,https://b2b.10086.cn/b2b/main/viewNoticeContent.html?noticeBean.id=577004,2019-07-09
重庆移动,2019年万州分公司ICT售后维保项目（办公信息系统）_比选公告,https://b2b.10086.cn/b2b/main/viewNoticeContent.html?noticeBean.id=577006,2019-07-09
广东移动,中国移动广东公司2019年财务信息化业务应用安全保障服务公开比选项目_比选公告,https://b2b.10086.cn/b2b/main/viewNoticeContent.html?noticeBean.id=577018,2019-07-09
总部,Oracle数据库、sybase数据库第三方维保服务_比选公告,https://b2b.10086.cn/b2b/main/viewNoticeContent.html?noticeBean.id=577023,2019-07-09
总部,工信部应急指挥调度系统支撑服务_比选公告,https://b2b.10086.cn/b2b/main/viewNoticeContent.html?noticeBean.id=577024,2019-07-09
总部,中国移动2019年至2021年市场化薪酬数据咨询项目_比选公告,https://b2b.10086.cn/b2b/main/viewNoticeContent.html?noticeBean.id=577027,2019-07-09
辽宁移动,中国移动辽宁公司2019-2020年位置业务定制化能力提升编码支撑软件服务项目_招标公告,https://b2b.10086.cn/b2b/main/viewNoticeContent.html?noticeBean.id=577033,2019-07-09
广东移动,中国移动广东公司基于大数据分析和供应链协同的物资高效精准供应研究服务公开比选项目_比选公告,https://b2b.10086.cn/b2b/main/viewNoticeContent.html?noticeBean.id=577037,2019-07-09
总部,网管系统防病毒系统软件维保服务采购_比选公告,https://b2b.10086.cn/b2b/main/viewNoticeContent.html?noticeBean.id=577043,2019-07-09
