采购单位,标题,链接,发标日期
江苏移动,中国移动江苏公司连云港分公司宽带和电视品质入户测试服务项目_询价公告,https://b2b.10086.cn/b2b/main/viewNoticeContent.html?noticeBean.id=552556,2019-04-09
铁通公司,中移铁通有限公司内蒙古分公司2019年互联网业务优化服务项目_比选公告,https://b2b.10086.cn/b2b/main/viewNoticeContent.html?noticeBean.id=552562,2019-04-09
安徽移动,2019年芜湖移动营业厅及办公场所零星标准化布线施工维护服务公开询价项目_询价公告,https://b2b.10086.cn/b2b/main/viewNoticeContent.html?noticeBean.id=552565,2019-04-09
安徽移动,合肥移动校园市场发展综合服务支撑采购项目_询价公告,https://b2b.10086.cn/b2b/main/viewNoticeContent.html?noticeBean.id=552566,2019-04-09
重庆移动,北碚分公司2019年室分和宽带网络疑难站点选址项目_询价公告,https://b2b.10086.cn/b2b/main/viewNoticeContent.html?noticeBean.id=552569,2019-04-09
安徽移动,黄山移动2019年和商务直播支撑服务采购项目_采购公告,https://b2b.10086.cn/b2b/main/viewNoticeContent.html?noticeBean.id=552583,2019-04-09
江苏移动,中国移动江苏公司关于太科园数据中心143台空调维保服务小额采购项目项目_采购公告,https://b2b.10086.cn/b2b/main/viewNoticeContent.html?noticeBean.id=552585,2019-04-09
终端公司,江西分公司2019年5月-12月终端仓储管理及物流配送项目供应商引入项目_竞争性谈判采购公告,https://b2b.10086.cn/b2b/main/viewNoticeContent.html?noticeBean.id=552587,2019-04-09
安徽移动,铜冠房地产观山名筑二期无线视频监控系统集成项目_采购公告,https://b2b.10086.cn/b2b/main/viewNoticeContent.html?noticeBean.id=552596,2019-04-09
江苏移动,中国移动江苏公司南京江北数据中心物业管理服务项目项目_比选采购_变更公告_(1),https://b2b.10086.cn/b2b/main/viewNoticeContent.html?noticeBean.id=552607,2019-04-09
政企分公司,安徽省合肥移动小微集客保拓管理平台二期开发服务（中移全通）采购项目_比选公告,https://b2b.10086.cn/b2b/main/viewNoticeContent.html?noticeBean.id=552612,2019-04-09
杭州研发中心,中移（杭州）信息技术有限公司D01数据中心机电工程二期监理服务采购项目_比选公告,https://b2b.10086.cn/b2b/main/viewNoticeContent.html?noticeBean.id=552614,2019-04-09
重庆移动,2019年俱乐部活动支撑服务_询价公告,https://b2b.10086.cn/b2b/main/viewNoticeContent.html?noticeBean.id=552617,2019-04-09
江苏移动,中国移动江苏公司盐城滨海门禁道闸管理系统采购项目项目_采购公告,https://b2b.10086.cn/b2b/main/viewNoticeContent.html?noticeBean.id=552619,2019-04-09
在线服务公司,中移在线浙江分公司2019-2020年外拓产品客户交流活动支撑服务项目_比选公告,https://b2b.10086.cn/b2b/main/viewNoticeContent.html?noticeBean.id=552653,2019-04-09
信息港中心,中国移动信息港中心2019-2021年信息港园区运营物资采购(2)_比选公告,https://b2b.10086.cn/b2b/main/viewNoticeContent.html?noticeBean.id=552676,2019-04-09
安徽移动,枞阳县逸泊观湖酒店及左光斗纪念馆wifi系统平台_询价公告,https://b2b.10086.cn/b2b/main/viewNoticeContent.html?noticeBean.id=552683,2019-04-09
咪咕公司,咪咕音乐有限公司2019-2020年数据库专项运维技术服务项目_比选公告,https://b2b.10086.cn/b2b/main/viewNoticeContent.html?noticeBean.id=552684,2019-04-09
