采购单位,标题,链接,发标日期
政企分公司,云南省气象数据系统容灾备份及气象观测可视化监管服务(中移全通)采购项目_招标公告,https://b2b.10086.cn/b2b/main/viewNoticeContent.html?noticeBean.id=536189,2019-01-22
福建移动,漳州分公司政企IDC托管类业务增值安全服务项目_比选公告,https://b2b.10086.cn/b2b/main/viewNoticeContent.html?noticeBean.id=536239,2019-01-22
天津移动,关于远大空气净化器2019年度清洗维护服务的请购_比选公告,https://b2b.10086.cn/b2b/main/viewNoticeContent.html?noticeBean.id=536252,2019-01-22
重庆移动,2019年丰都分公司集团重要客户手机维修服务项目_比选公告,https://b2b.10086.cn/b2b/main/viewNoticeContent.html?noticeBean.id=536253,2019-01-22
重庆移动,2018年水土数据楼通信电源项目二期机架母线框架采购_招标公告,https://b2b.10086.cn/b2b/main/viewNoticeContent.html?noticeBean.id=536279,2019-01-22
福建移动,龙岩市公共安全视频监控联网平台采购项目_询价公告,https://b2b.10086.cn/b2b/main/viewNoticeContent.html?noticeBean.id=536286,2019-01-22
铁通公司,中移建设有限公司江苏分公司绿城深蓝项目（A地块）示范区智能化工程项目_比选公告,https://b2b.10086.cn/b2b/main/viewNoticeContent.html?noticeBean.id=536288,2019-01-22
政企分公司,洛川县凤栖镇马王村信息扶贫软件开发（中移全通）项目_比选公告,https://b2b.10086.cn/b2b/main/viewNoticeContent.html?noticeBean.id=536291,2019-01-22
研究院,研究院2018-2019年（一年期）安全资质维护服务项目_比选公告,https://b2b.10086.cn/b2b/main/viewNoticeContent.html?noticeBean.id=536295,2019-01-22
山东移动,山东移动临沂分公司2019年河东百辰烟感平台采购项目_比选公告,https://b2b.10086.cn/b2b/main/viewNoticeContent.html?noticeBean.id=536298,2019-01-22
山东移动,山东移动临沂分公司2019年兰陵ITSM软件平台采购项目_比选公告,https://b2b.10086.cn/b2b/main/viewNoticeContent.html?noticeBean.id=536299,2019-01-22
云南移动,中国移动云南公司德宏分公司2019年微信公众号平台广告发布采购项目（第二次）-采购公告,https://b2b.10086.cn/b2b/main/viewNoticeContent.html?noticeBean.id=536311,2019-01-22
河南移动,中国移动河南公司濮阳分公司华龙区环境保护局自动在线监测监控系统合作伙伴引入项目_采购公告,https://b2b.10086.cn/b2b/main/viewNoticeContent.html?noticeBean.id=536336,2019-01-22
河南移动,中国移动河南公司濮阳分公司中共南乐县委政法委员会综治信息研判平台服务合作伙伴引入项目_采购公告,https://b2b.10086.cn/b2b/main/viewNoticeContent.html?noticeBean.id=536337,2019-01-22
陕西移动,陕西移动2019年QC小组活动咨询项目_比选公告,https://b2b.10086.cn/b2b/main/viewNoticeContent.html?noticeBean.id=536351,2019-01-22
物联网公司,2019年边缘计算（武汉）研发中心办公工位租赁采购项目_采购公告,https://b2b.10086.cn/b2b/main/viewNoticeContent.html?noticeBean.id=536352,2019-01-22
陕西移动,陕西移动2019年管理创新咨询项目_比选公告,https://b2b.10086.cn/b2b/main/viewNoticeContent.html?noticeBean.id=536354,2019-01-22
宁夏移动,中国移动宁夏公司2019年电视业务监播与测试服务项目_比选公告,https://b2b.10086.cn/b2b/main/viewNoticeContent.html?noticeBean.id=536367,2019-01-22
陕西移动,2018至2020年综合业务机房气体消防系统安装项目_采购公告,https://b2b.10086.cn/b2b/main/viewNoticeContent.html?noticeBean.id=536371,2019-01-22
河南移动,河南移动郑州市公安局新一代移动警务平台项目_招标公告,https://b2b.10086.cn/b2b/main/viewNoticeContent.html?noticeBean.id=536378,2019-01-22
政企分公司,双跨融合通信产品运营平台一期工程_招标公告,https://b2b.10086.cn/b2b/main/viewNoticeContent.html?noticeBean.id=536401,2019-01-22
政企分公司,智能终端设备管理平台一期工程_招标公告,https://b2b.10086.cn/b2b/main/viewNoticeContent.html?noticeBean.id=536402,2019-01-22
宁夏移动,中国移动宁夏公司2019年增值业务及家庭宽带品质拨测支撑服务项目_比选公告,https://b2b.10086.cn/b2b/main/viewNoticeContent.html?noticeBean.id=536407,2019-01-22
