采购单位,标题,链接,发标日期
浙江移动,中国移动浙江公司2019-2021年度网管支撑系统专用硬件维保服务（公开比选）_比选公告,https://b2b.10086.cn/b2b/main/viewNoticeContent.html?noticeBean.id=580118,2019-07-19
在线服务公司,中移在线黑龙江分公司2019-2020年外拓产品客户交流活动支撑服务项目_比选公告,https://b2b.10086.cn/b2b/main/viewNoticeContent.html?noticeBean.id=580126,2019-07-19
在线服务公司,在线服务公司内蒙古分公司2019年第三方互联网运营支撑服务项目_比选公告,https://b2b.10086.cn/b2b/main/viewNoticeContent.html?noticeBean.id=580131,2019-07-19
江苏移动,中国移动江苏公司2019年省本部调研服务（行业市场监测）项目项目_比选公告,https://b2b.10086.cn/b2b/main/viewNoticeContent.html?noticeBean.id=580157,2019-07-19
山东移动,山东移动临沂分公司2019年沂水县综合行政执法局数字化城管平台采购项目_比选公告,https://b2b.10086.cn/b2b/main/viewNoticeContent.html?noticeBean.id=580170,2019-07-19
北京移动,中国移动北京公司网络部2019年-2020年网络感知检测服务项目_比选公告,https://b2b.10086.cn/b2b/main/viewNoticeContent.html?noticeBean.id=580191,2019-07-19
山东移动,山东移动临沂分公司2019年郯城兴郯黄沙有限公司河沙渣土综合整治监控平台采购项目_比选公告,https://b2b.10086.cn/b2b/main/viewNoticeContent.html?noticeBean.id=580194,2019-07-19
山东移动,山东移动临沂分公司2019年兰陵会宝岭铁矿矿山综合监管安全管理平台采购项目_比选公告,https://b2b.10086.cn/b2b/main/viewNoticeContent.html?noticeBean.id=580195,2019-07-19
山东移动,山东移动淄博分公司周村大染坊丝绸集团人力资源管理系统采购项目_采购公告,https://b2b.10086.cn/b2b/main/viewNoticeContent.html?noticeBean.id=580199,2019-07-19
贵州移动,中国移动通信集团贵州有限公司2019-2021年（24个月）综合部舆情监测支撑服务项目_竞争性谈判采购公告,https://b2b.10086.cn/b2b/main/viewNoticeContent.html?noticeBean.id=580201,2019-07-19
在线服务公司,在线服务公司青海分公司2019年引入第三方互联网运营支撑项目_比选公告,https://b2b.10086.cn/b2b/main/viewNoticeContent.html?noticeBean.id=580205,2019-07-19
浙江移动,中国移动台州分公司物联网类智慧消防应用推广服务项目_比选公告,https://b2b.10086.cn/b2b/main/viewNoticeContent.html?noticeBean.id=580218,2019-07-19
政企分公司,201906湖北武汉XJ0002项目网络安全系统设备（中移全通）采购项目_采购公告,https://b2b.10086.cn/b2b/main/viewNoticeContent.html?noticeBean.id=580225,2019-07-19
福建移动,马尾业务网资源池安全三级等保复评测项目采购需求_比选公告,https://b2b.10086.cn/b2b/main/viewNoticeContent.html?noticeBean.id=580232,2019-07-19
北京移动,中国移动北京公司网络部2019年6月-2020年12月网络感知检查和评估服务项目_比选公告,https://b2b.10086.cn/b2b/main/viewNoticeContent.html?noticeBean.id=580233,2019-07-19
浙江移动,中国移动台州分公司2019-2020年校园营销一卡通卡片及维保加密服务采购项目_比选公告,https://b2b.10086.cn/b2b/main/viewNoticeContent.html?noticeBean.id=580245,2019-07-19
江苏移动,中国移动江苏公司关于无锡市区中山房产呼叫系统及软件开发服务项目_比选公告,https://b2b.10086.cn/b2b/main/viewNoticeContent.html?noticeBean.id=580279,2019-07-19
互联网公司,中移互联网有限公司2019-2020年广告服务支撑公开比选项目_比选公告,https://b2b.10086.cn/b2b/main/viewNoticeContent.html?noticeBean.id=580284,2019-07-19
在线服务公司,中移在线四川分公司2019-2020年人事档案管理服务项目_比选公告,https://b2b.10086.cn/b2b/main/viewNoticeContent.html?noticeBean.id=580289,2019-07-19
江苏移动,中国移动江苏公司徐州分公司绿地生产调度用房装修改造工程多联机、新风系统及相关服务采购项目_招标公告,https://b2b.10086.cn/b2b/main/viewNoticeContent.html?noticeBean.id=580290,2019-07-19
