采购单位,标题,链接,发标日期
北京移动,中国移动北京公司朝阳区不动产登记事务中心互联网专线客户侧设备投资采购项目_采购变更公告(1),https://b2b.10086.cn/b2b/main/viewNoticeContent.html?noticeBean.id=604268,2019-10-22
福建移动,2019年福建移动福州分公司国网福建省电力有限公司福州供电公司可视化智能巡检公开比选项目_比选公告,https://b2b.10086.cn/b2b/main/viewNoticeContent.html?noticeBean.id=604290,2019-10-22
广东移动,中国移动广东公司2019年网管生产支撑系统四期开发服务公开比选项目（南方基地）_比选公告,https://b2b.10086.cn/b2b/main/viewNoticeContent.html?noticeBean.id=604292,2019-10-22
广东移动,中国移动广东公司2019-2020年学习类产品运营支撑服务项目（南方基地）_比选公告,https://b2b.10086.cn/b2b/main/viewNoticeContent.html?noticeBean.id=604293,2019-10-22
移动学院,移动学院2019年发电机组维护保养服务采购项目_采购公告,https://b2b.10086.cn/b2b/main/viewNoticeContent.html?noticeBean.id=604307,2019-10-22
北京移动,中国移动北京公司城区二分公司政企中心2019年集团客户信息化观展交流活动项目_比选公告,https://b2b.10086.cn/b2b/main/viewNoticeContent.html?noticeBean.id=604315,2019-10-22
政企分公司,贵州2019年5G应用规划支撑服务（中移全通）采购项目_比选公告,https://b2b.10086.cn/b2b/main/viewNoticeContent.html?noticeBean.id=604316,2019-10-22
政企分公司,广东省大沥、盐步和黄岐行政服务中心及各社区行政服务中心视频监控系统升级改造工程（中移全通）采购项目_比选公告,https://b2b.10086.cn/b2b/main/viewNoticeContent.html?noticeBean.id=604322,2019-10-22
物联网公司,4G摄像机模具开模项目_比选公告,https://b2b.10086.cn/b2b/main/viewNoticeContent.html?noticeBean.id=604356,2019-10-22
浙江移动,中国移动金华分公司2019-2022年全区多媒体、视频会议系统维保服务采购_比选公告,https://b2b.10086.cn/b2b/main/viewNoticeContent.html?noticeBean.id=604359,2019-10-22
广西移动,中国移动广西公司2019年互联网渗透及安全管理服务项目 _比选公告,https://b2b.10086.cn/b2b/main/viewNoticeContent.html?noticeBean.id=604371,2019-10-22
政企分公司,陕西移动泾阳万丽时代广场综合信息化（中移全通）采购项目_比选公告,https://b2b.10086.cn/b2b/main/viewNoticeContent.html?noticeBean.id=604389,2019-10-22
设计院,2019年设计院BIM可视化机柜管理系统开发服务项目_比选公告,https://b2b.10086.cn/b2b/main/viewNoticeContent.html?noticeBean.id=604393,2019-10-22
四川移动,中国移动四川公司乐山分公司2019年存量保有运营支撑服务项目_比选公告,https://b2b.10086.cn/b2b/main/viewNoticeContent.html?noticeBean.id=604394,2019-10-22
政企分公司,湖南省武警永州支队手机管控平台ICT开发服务（中移全通）采购项目_比选公告,https://b2b.10086.cn/b2b/main/viewNoticeContent.html?noticeBean.id=604395,2019-10-22
吉林移动,中国移动吉林公司松原分公司2020年终端维护服务公开比选项目_比选公告,https://b2b.10086.cn/b2b/main/viewNoticeContent.html?noticeBean.id=604418,2019-10-22
北京移动,中国移动北京公司2019-2020年供应链管理部仓库物资财产一切险采购项目_比选公告,https://b2b.10086.cn/b2b/main/viewNoticeContent.html?noticeBean.id=604420,2019-10-22
重庆移动,基于IOP的价值运营支撑项目_比选公告,https://b2b.10086.cn/b2b/main/viewNoticeContent.html?noticeBean.id=604427,2019-10-22
互联网公司,中移互联网有限公司2019年网管支撑系统五期-自动化运维平台公开比选项目_比选公告,https://b2b.10086.cn/b2b/main/viewNoticeContent.html?noticeBean.id=604428,2019-10-22
河南移动,河南移动2019年鹤壁分公司生产指挥调度楼智能会议室无纸化会议系统设备采购项目_比选公告,https://b2b.10086.cn/b2b/main/viewNoticeContent.html?noticeBean.id=604431,2019-10-22
甘肃移动,中国移动甘肃分公司2019年平凉分公司移动通信综合楼油机系统扩容工程_比选公告,https://b2b.10086.cn/b2b/main/viewNoticeContent.html?noticeBean.id=604433,2019-10-22
成都研究院,中移（成都）信息通信科技有限公司基于5G医疗专网的医疗行业硬件与系统创新项目(硬件与系统关键技术研究及开发）(3)_比选公告,https://b2b.10086.cn/b2b/main/viewNoticeContent.html?noticeBean.id=604436,2019-10-22
成都研究院,中移（成都）信息通信科技有限公司2019年业务中台关键技术研究和开发项目(2)_比选公告,https://b2b.10086.cn/b2b/main/viewNoticeContent.html?noticeBean.id=604453,2019-10-22
