采购单位,标题,链接,发标日期
福建移动,2019年泉州移动高校营销宣传衣服公开询价_采购公告,https://b2b.10086.cn/b2b/main/viewNoticeContent.html?noticeBean.id=580568,2019-07-22
在线服务公司,中移在线辽宁分公司2019年重点业务及互联网服务客户体验系统拨测支撑项目_比选公告,https://b2b.10086.cn/b2b/main/viewNoticeContent.html?noticeBean.id=580597,2019-07-22
黑龙江移动,黑龙江移动2019年私有云vmware软件原厂维保服务项目_比选公告,https://b2b.10086.cn/b2b/main/viewNoticeContent.html?noticeBean.id=580602,2019-07-22
重庆移动,2019年万州分公司ICT售后维保项目（办公信息系统）_比选公告,https://b2b.10086.cn/b2b/main/viewNoticeContent.html?noticeBean.id=580621,2019-07-22
河北移动,中国移动河北公司保定移动2019-2020年职工食堂委托管理采购项目项目_比选公告,https://b2b.10086.cn/b2b/main/viewNoticeContent.html?noticeBean.id=580635,2019-07-22
终端公司,2019年北京移动第三次多形态终端选型-智能门锁项目_询价公告,https://b2b.10086.cn/b2b/main/viewNoticeContent.html?noticeBean.id=580636,2019-07-22
河南移动,河南移动鹤壁分公司淇县平安乡镇视频监控建设联网应用(四标段)三方合作伙伴引入项目_比选公告,https://b2b.10086.cn/b2b/main/viewNoticeContent.html?noticeBean.id=580637,2019-07-22
政企分公司,陕西省居家智慧养老服务信息管理平台呼叫中心建设（中移全通）设备及集成项目_比选公告,https://b2b.10086.cn/b2b/main/viewNoticeContent.html?noticeBean.id=580638,2019-07-22
广东移动,中国移动广东公司2019年绿色行动计划技术支撑公开比选项目_比选公告,https://b2b.10086.cn/b2b/main/viewNoticeContent.html?noticeBean.id=580642,2019-07-22
江苏移动,中国移动江苏公司常州分公司2019-2020年业务活动推广服务（高校互联网运营服务）项目_比选公告,https://b2b.10086.cn/b2b/main/viewNoticeContent.html?noticeBean.id=580659,2019-07-22
新疆移动,中国移动(新疆克拉玛依)数据中心机电1.3期工程系统集成服务采购招标_比选公告,https://b2b.10086.cn/b2b/main/viewNoticeContent.html?noticeBean.id=580662,2019-07-22
新疆移动,云大中心昌吉数据中心绿化项目_采购公告,https://b2b.10086.cn/b2b/main/viewNoticeContent.html?noticeBean.id=580665,2019-07-22
山东移动,山东移动2019年青岛分公司李沧天网三期安全管理系统采购项目_比选公告,https://b2b.10086.cn/b2b/main/viewNoticeContent.html?noticeBean.id=580668,2019-07-22
西藏移动,中国移动西藏公司市场经营部2019咪咕体验专区咪咕衍生品采购项目_比选公告,https://b2b.10086.cn/b2b/main/viewNoticeContent.html?noticeBean.id=580672,2019-07-22
云南移动,中国移动云南公司大理分公司2019年自有媒体资源维护采购项目_比选公告,https://b2b.10086.cn/b2b/main/viewNoticeContent.html?noticeBean.id=580689,2019-07-22
湖南移动,湖南公司永州移动2019年家宽数据网业务整治服务项目 _比选公告,https://b2b.10086.cn/b2b/main/viewNoticeContent.html?noticeBean.id=580690,2019-07-22
物联网公司,智能电表安装维保服务框架采购项目_比选公告,https://b2b.10086.cn/b2b/main/viewNoticeContent.html?noticeBean.id=580693,2019-07-22
研究院,研究院2019年仪器仪表采购(第二次重新采购)_比选公告,https://b2b.10086.cn/b2b/main/viewNoticeContent.html?noticeBean.id=580696,2019-07-22
重庆移动,2019年忠县分公司集团客户部手机维修服务项目_比选公告,https://b2b.10086.cn/b2b/main/viewNoticeContent.html?noticeBean.id=580723,2019-07-22
广东移动,中国移动广东公司2019年业务支撑网数据安全检查专项公开比选项目_比选公告,https://b2b.10086.cn/b2b/main/viewNoticeContent.html?noticeBean.id=580737,2019-07-22
