采购单位,标题,链接,发标日期
上海研究院,中移（上海）产业研究院智能网联可视化仿真模块开发服务_比选公告,https://b2b.10086.cn/b2b/main/viewNoticeContent.html?noticeBean.id=608980,2019-11-07
四川移动,中国移动四川公司2020-2021年视频会议系统和数字展播系统技术支撑服务_比选公告,https://b2b.10086.cn/b2b/main/viewNoticeContent.html?noticeBean.id=609000,2019-11-07
安徽移动,安徽移动时间分析仪采购_询价公告,https://b2b.10086.cn/b2b/main/viewNoticeContent.html?noticeBean.id=609004,2019-11-07
福建移动,福建移动三明分公司2019年关于三明高新技术产业开发区金沙园建设发展有限公司云办公平台公开询价采购项目_询价公告,https://b2b.10086.cn/b2b/main/viewNoticeContent.html?noticeBean.id=609005,2019-11-07
江苏移动,中国移动江苏公司常州分公司2019-2021年业务宣传活动（视频内容运营）采购项目_比选公告,https://b2b.10086.cn/b2b/main/viewNoticeContent.html?noticeBean.id=609007,2019-11-07
苏州研发中心,苏州研发中心2019年网络安全防护二期工程安全合规平台采购项目_比选公告,https://b2b.10086.cn/b2b/main/viewNoticeContent.html?noticeBean.id=609014,2019-11-07
苏州研发中心,苏州研发中心2019-2021年度移动云ISO系列资质认证服务项目_比选公告,https://b2b.10086.cn/b2b/main/viewNoticeContent.html?noticeBean.id=609015,2019-11-07
