采购单位,标题,链接,发标日期
黑龙江移动,哈尔滨数据中心2019-2022年清洁用品采购项目_询价公告,https://b2b.10086.cn/b2b/main/viewNoticeContent.html?noticeBean.id=563097,2019-05-20
山西移动,中国移动山西公司2019-2020年省公司市场经营部省级电视广告采购项目_比选公告,https://b2b.10086.cn/b2b/main/viewNoticeContent.html?noticeBean.id=563099,2019-05-20
山东移动,山东移动菏泽分公司2019年核心机房配电系统性能测试服务项目_采购公告,https://b2b.10086.cn/b2b/main/viewNoticeContent.html?noticeBean.id=563101,2019-05-20
内蒙移动,中国移动（呼和浩特）数据中心一期室外管网维保服务采购项目_比选公告,https://b2b.10086.cn/b2b/main/viewNoticeContent.html?noticeBean.id=563107,2019-05-20
政企分公司,中移动金融科技有限公司新办公区信息化建设项目电话系统（中移全通）采购项目_比选公告,https://b2b.10086.cn/b2b/main/viewNoticeContent.html?noticeBean.id=563108,2019-05-20
总部,中国移动采购共享中心2019年至2021年党建宣传、企业文化宣传支撑服务项目_比选公告,https://b2b.10086.cn/b2b/main/viewNoticeContent.html?noticeBean.id=563114,2019-05-20
铁通公司,中移铁通河南分公司信息和产品开发分中心2019年信息化系统安全评测服务项目_比选公告,https://b2b.10086.cn/b2b/main/viewNoticeContent.html?noticeBean.id=563116,2019-05-20
山东移动,山东移动临沂分公司2019年兰山区教体局智慧校园公话管理平台采购项目_比选公告,https://b2b.10086.cn/b2b/main/viewNoticeContent.html?noticeBean.id=563120,2019-05-20
北京移动,中国移动北京公司网格化运营体系规划与实施监测项目_比选公告,https://b2b.10086.cn/b2b/main/viewNoticeContent.html?noticeBean.id=563145,2019-05-20
互联网公司,中移互联网有限公司2019年-2020年权益中心运营支撑公开比选项目_比选公告,https://b2b.10086.cn/b2b/main/viewNoticeContent.html?noticeBean.id=563191,2019-05-20
互联网公司,中移互联网有限公司2018年业务系统资源专项扩容VPN设备公开比选项目_比选公告,https://b2b.10086.cn/b2b/main/viewNoticeContent.html?noticeBean.id=563192,2019-05-20
江苏移动,中国移动江苏公司中国移动（江苏苏州）数据中心一期大机电二阶段工程油库施工单位请购项目_比选公告,https://b2b.10086.cn/b2b/main/viewNoticeContent.html?noticeBean.id=563193,2019-05-20
北京移动,中国移动北京公司2019年节能减排管理服务项目_比选公告,https://b2b.10086.cn/b2b/main/viewNoticeContent.html?noticeBean.id=563195,2019-05-20
山东移动,山东移动临沂分公司2019年郯城县供电公司客服热线平台采购项目_比选公告,https://b2b.10086.cn/b2b/main/viewNoticeContent.html?noticeBean.id=563207,2019-05-20
