采购单位,标题,链接,发标日期
江苏移动,中国移动江苏公司关于无锡分公司物业设施（太科园四号楼IDC业务展示角沙盘）的采购项目_比选公告,https://b2b.10086.cn/b2b/main/viewNoticeContent.html?noticeBean.id=619204,2019-12-09
江苏移动,中国移动江苏公司高淳5-2业务区机房购置项目_采购变更公告(1),https://b2b.10086.cn/b2b/main/viewNoticeContent.html?noticeBean.id=619208,2019-12-09
湖北移动,湖北移动宜昌开发区宜昌之星传输汇聚机房购置项目采购公告（第二次）,https://b2b.10086.cn/b2b/main/viewNoticeContent.html?noticeBean.id=619243,2019-12-09
互联网公司,中移互联网有限公司2019年信息触点管理平台一期-定制化软件开发公开比选项目_比选公告,https://b2b.10086.cn/b2b/main/viewNoticeContent.html?noticeBean.id=619250,2019-12-09
北京移动,中国移动北京公司云业务安全服务项目_比选公告,https://b2b.10086.cn/b2b/main/viewNoticeContent.html?noticeBean.id=619282,2019-12-09
贵州移动,贵州移动省本部2020-2021年（24个月）安防监控、智能道闸、智能翼闸、车位引导系统维修保养项目_比选公告,https://b2b.10086.cn/b2b/main/viewNoticeContent.html?noticeBean.id=619300,2019-12-09
山东移动,山东移动青岛分公司2019年集客智能人形云端处理机器人服务采购项目_采购变更公告(1),https://b2b.10086.cn/b2b/main/viewNoticeContent.html?noticeBean.id=619310,2019-12-09
吉林移动,中国移动吉林公司吉林市分公司2019-2020年市场营销落地执行服务公开比选项目_比选公告,https://b2b.10086.cn/b2b/main/viewNoticeContent.html?noticeBean.id=619319,2019-12-09
西藏移动,中国移动西藏公司2019年党政行业客户联谊会活动项目_比选公告,https://b2b.10086.cn/b2b/main/viewNoticeContent.html?noticeBean.id=619341,2019-12-09
政企分公司,黑龙江省水利综合事业中心办公自动化系统开发服务（中移全通）项目_比选公告,https://b2b.10086.cn/b2b/main/viewNoticeContent.html?noticeBean.id=619350,2019-12-09
江苏移动,中国移动江苏公司扬州分公司苏中楼网管大屏幕显示系统项目_比选公告,https://b2b.10086.cn/b2b/main/viewNoticeContent.html?noticeBean.id=619353,2019-12-09
江苏移动,中国移动江苏公司家客响应支援中心话务系统项目_比选公告,https://b2b.10086.cn/b2b/main/viewNoticeContent.html?noticeBean.id=619354,2019-12-09
政企分公司,新疆移动2019年机关事务管理局业务专网建设（中移全通）项目_比选公告,https://b2b.10086.cn/b2b/main/viewNoticeContent.html?noticeBean.id=619365,2019-12-09
吉林移动,中国移动吉林公司2019年高新生产中心2号、3号楼冷源水泵系统变频节能优化改造服务公开比选项目_比选公告,https://b2b.10086.cn/b2b/main/viewNoticeContent.html?noticeBean.id=619380,2019-12-09
政企分公司,中移全通和商务直播相关支撑设备（中移全通）采购项目(4)_比选公告,https://b2b.10086.cn/b2b/main/viewNoticeContent.html?noticeBean.id=619386,2019-12-09
在线服务公司,在线服务公司区块链平台建设及应用赋能项目_招标公告,https://b2b.10086.cn/b2b/main/viewNoticeContent.html?noticeBean.id=619388,2019-12-09
政企分公司,中移全通2019-2020管理体系提升认证及咨询服务采购项目_比选公告,https://b2b.10086.cn/b2b/main/viewNoticeContent.html?noticeBean.id=619400,2019-12-09
终端公司,云南分公司2019年-2021年家庭宽带用户终端翻新项目配件与包装类采购项目(2)_询价公告,https://b2b.10086.cn/b2b/main/viewNoticeContent.html?noticeBean.id=619404,2019-12-09
广西移动,中国移动广西公司网络与信息安全系统2019年扩容工程BSS单项工程应急处置部分采购项目_招标公告,https://b2b.10086.cn/b2b/main/viewNoticeContent.html?noticeBean.id=619416,2019-12-09
