采购单位,标题,链接,发标日期
广东移动,中国移动广东公司2019年NGCRM系统（架构优化部分）扩容工程分布式数据库公开比选项目_比选公告,https://b2b.10086.cn/b2b/main/viewNoticeContent.html?noticeBean.id=548517,2019-03-22
辽宁移动,中国移动辽宁公司2019-2021年家庭有线宽带敏捷接入施工服务集中采购项目_招标公告,https://b2b.10086.cn/b2b/main/viewNoticeContent.html?noticeBean.id=548532,2019-03-22
铁通公司,中移铁通四川分公司2019年-2020年经营销售类商品供应商入围采购项目_比选采购_变更资格预审公告_(1),https://b2b.10086.cn/b2b/main/viewNoticeContent.html?noticeBean.id=548533,2019-03-22
云南移动,中国移动云南公司曲靖分公司麒麟区子午路办公楼一体化办公系统采购项目_比选公告,https://b2b.10086.cn/b2b/main/viewNoticeContent.html?noticeBean.id=548534,2019-03-22
浙江移动,中国移动浙江公司2019-2021年信息技术部数据库第三方现场技术支持服务项目_比选公告,https://b2b.10086.cn/b2b/main/viewNoticeContent.html?noticeBean.id=548540,2019-03-22
江苏移动,中国移动江苏公司2019年省公司公关运营、精准投放平台项目项目_比选公告,https://b2b.10086.cn/b2b/main/viewNoticeContent.html?noticeBean.id=548550,2019-03-22
咪咕公司,2018年咪咕咖啡门店经营设备及专业化服务项目_招标公告,https://b2b.10086.cn/b2b/main/viewNoticeContent.html?noticeBean.id=548557,2019-03-22
政企分公司,河北省承德塞罕坝智慧旅游平台（中移全通）项目_比选公告,https://b2b.10086.cn/b2b/main/viewNoticeContent.html?noticeBean.id=548563,2019-03-22
政企分公司,内江市市中区公安局天网一期改造维护服务（中移全通）采购项目_比选公告,https://b2b.10086.cn/b2b/main/viewNoticeContent.html?noticeBean.id=548574,2019-03-22
物联网公司,2019 年 OneLink 平台线下运营方案项目_比选公告,https://b2b.10086.cn/b2b/main/viewNoticeContent.html?noticeBean.id=548584,2019-03-22
湖北移动,中国移动湖北公司2019年第一批全省自营渠道终端特许经营合作商引入项目（标包6、41、55、59）第三次_采购公告,https://b2b.10086.cn/b2b/main/viewNoticeContent.html?noticeBean.id=548589,2019-03-22
重庆移动,2019年涪陵分公司集团客户手机维修服务项目--2_询价公告,https://b2b.10086.cn/b2b/main/viewNoticeContent.html?noticeBean.id=548598,2019-03-22
安徽移动,合肥移动光纤分布系统配套光接口单元小额采购项目_采购公告,https://b2b.10086.cn/b2b/main/viewNoticeContent.html?noticeBean.id=548607,2019-03-22
江西移动,萍乡移动第二通信枢纽楼柴油发电机供油系统工程采购项目_比选公告,https://b2b.10086.cn/b2b/main/viewNoticeContent.html?noticeBean.id=548618,2019-03-22
铁通公司,中移建设江西分公司2019年维护、营销劳务分包采购项目_比选公告,https://b2b.10086.cn/b2b/main/viewNoticeContent.html?noticeBean.id=548623,2019-03-22
西藏移动,中国移动西藏公司政企客户分公司2019年MAS业务技术支撑项目_比选公告,https://b2b.10086.cn/b2b/main/viewNoticeContent.html?noticeBean.id=548632,2019-03-22
上海移动,中国移动上海公司2019年公有云信息安全管理系统建设工程云资源管理平台配套接_询价公告,https://b2b.10086.cn/b2b/main/viewNoticeContent.html?noticeBean.id=548649,2019-03-22
