采购单位,标题,链接,发标日期
福建移动,2019年福建移动计费系统测试服务项目采购_询价公告,https://b2b.10086.cn/b2b/main/viewNoticeContent.html?noticeBean.id=574077,2019-06-28
内蒙移动,2019年巴彦淖尔分公司杭后永利村1社等23个村社宽带三方合作项目_采购变更公告(1),https://b2b.10086.cn/b2b/main/viewNoticeContent.html?noticeBean.id=574090,2019-06-28
移动学院,中国移动学院2019年-2020年学院网络及信息化安全服务项目_比选公告,https://b2b.10086.cn/b2b/main/viewNoticeContent.html?noticeBean.id=574091,2019-06-28
内蒙移动,中国移动内蒙古公司2019年宽带电视腾讯视频会员内容采购项目_询价公告,https://b2b.10086.cn/b2b/main/viewNoticeContent.html?noticeBean.id=574107,2019-06-28
安徽移动,铜陵移动2019年市区政企市场终端供货招商项目_采购公告,https://b2b.10086.cn/b2b/main/viewNoticeContent.html?noticeBean.id=574109,2019-06-28
山东移动,山东移动2019年济宁分公司泗水中医院一体化数字医院系统采购项目_比选公告,https://b2b.10086.cn/b2b/main/viewNoticeContent.html?noticeBean.id=574129,2019-06-28
政企分公司,湖南省武警总队手机管控平台ICT集成服务（中移全通）采购项目_比选公告,https://b2b.10086.cn/b2b/main/viewNoticeContent.html?noticeBean.id=574131,2019-06-28
信息技术公司,2019年总部办公网络升级改造工程（上网行为管理系统）_比选公告,https://b2b.10086.cn/b2b/main/viewNoticeContent.html?noticeBean.id=574132,2019-06-28
陕西移动,西咸分公司公众客户运营中心办公用房租赁项目采购申请_比选公告,https://b2b.10086.cn/b2b/main/viewNoticeContent.html?noticeBean.id=574140,2019-06-28
新疆移动,乌分公司2019年外聘法律顾问服务（日常法律咨询、培训服务）项目_比选公告,https://b2b.10086.cn/b2b/main/viewNoticeContent.html?noticeBean.id=574144,2019-06-28
福建移动,中国移动福建公司增值税发票数据整合、比对功能开发等服务采购项目_比选公告,https://b2b.10086.cn/b2b/main/viewNoticeContent.html?noticeBean.id=574150,2019-06-28
湖北移动,中国移动湖北公司武汉分公司东新03B业务区普通传输汇聚机房购置项目_采购公告（第二次）,https://b2b.10086.cn/b2b/main/viewNoticeContent.html?noticeBean.id=574157,2019-06-28
重庆移动,IDC业务技术支撑服务项目_询价公告,https://b2b.10086.cn/b2b/main/viewNoticeContent.html?noticeBean.id=574170,2019-06-28
江苏移动,中国移动江苏公司互联网电视系统安全加固监测设备公开招标项目_招标公告,https://b2b.10086.cn/b2b/main/viewNoticeContent.html?noticeBean.id=574171,2019-06-28
广东移动,中国移动广东公司2019年竞争资费及营销情报搜集支撑公开比选项目_比选公告,https://b2b.10086.cn/b2b/main/viewNoticeContent.html?noticeBean.id=574181,2019-06-28
信息港中心,中国移动信息港中心2019-2021年税务咨询服务采购 (2)_比选公告,https://b2b.10086.cn/b2b/main/viewNoticeContent.html?noticeBean.id=574182,2019-06-28
新疆移动,中国移动通信集团有限公司新疆分公司“2 14”数据中心DPS设备集成项目_招标公告,https://b2b.10086.cn/b2b/main/viewNoticeContent.html?noticeBean.id=574184,2019-06-28
政企分公司,安徽省阜阳市颍上县司法局综合执法管理应用平台二期（中移全通）采购项目(2)_比选公告,https://b2b.10086.cn/b2b/main/viewNoticeContent.html?noticeBean.id=574199,2019-06-28
政企分公司,青海省海东市治安智能卡口系统建设(中移全通)采购项目_比选公告,https://b2b.10086.cn/b2b/main/viewNoticeContent.html?noticeBean.id=574212,2019-06-28
