采购单位,标题,链接,发标日期
安徽移动,黄山移动2019-2022年度物业管理服务采购_比选公告,https://b2b.10086.cn/b2b/main/viewNoticeContent.html?noticeBean.id=570869,2019-06-18
江西移动,抚州移动生产调度中心高低压系统及市电引入工程设计服务_比选公告,https://b2b.10086.cn/b2b/main/viewNoticeContent.html?noticeBean.id=570896,2019-06-18
政企分公司,广西玉林协同管理平台（中移全通）采购项目_比选公告,https://b2b.10086.cn/b2b/main/viewNoticeContent.html?noticeBean.id=570897,2019-06-18
西藏移动,中国移动西藏公司质量管理部2019年客户座谈会项目_比选公告,https://b2b.10086.cn/b2b/main/viewNoticeContent.html?noticeBean.id=570900,2019-06-18
云南移动,中国移动云南公司玉溪分公司2019年咪咕视频应用宣传推广合作招选项目_竞争性谈判采购公告,https://b2b.10086.cn/b2b/main/viewNoticeContent.html?noticeBean.id=570910,2019-06-18
福建移动,直属中心产品检测实验室CNAS认证支撑服务_比选公告,https://b2b.10086.cn/b2b/main/viewNoticeContent.html?noticeBean.id=570914,2019-06-18
江苏移动,中国移动江苏公司2019年-2020年盐城分公司互联网电视内容（集团互联网电视平台服务）项目项目_询价公告,https://b2b.10086.cn/b2b/main/viewNoticeContent.html?noticeBean.id=570942,2019-06-18
西藏移动,2019年新技术新业务信息安全评估支撑服务项目_比选公告,https://b2b.10086.cn/b2b/main/viewNoticeContent.html?noticeBean.id=570947,2019-06-18
甘肃移动,中国移动甘肃公司武威分公司凉州区水务局河长制信息管理平台建设采购项目_比选公告,https://b2b.10086.cn/b2b/main/viewNoticeContent.html?noticeBean.id=570973,2019-06-18
山东移动,山东移动2019年青岛分公司青岛中德物业公司互联网业务采购项目_采购公告,https://b2b.10086.cn/b2b/main/viewNoticeContent.html?noticeBean.id=570980,2019-06-18
新疆移动,乌鲁木齐市分公司2019年家庭宽带工程项目建设情况摸底项目_比选公告,https://b2b.10086.cn/b2b/main/viewNoticeContent.html?noticeBean.id=570992,2019-06-18
江苏移动,中国移动江苏公司2019-2020年镇江分公司活动布展、冠名（集团客户活动策划执行服务）项目项目_比选公告,https://b2b.10086.cn/b2b/main/viewNoticeContent.html?noticeBean.id=571004,2019-06-18
辽宁移动,中国移动辽宁公司2019沈阳分公司业务支撑中心软件维护及升级服务项目_比选公告,https://b2b.10086.cn/b2b/main/viewNoticeContent.html?noticeBean.id=571006,2019-06-18
辽宁移动,中国移动辽宁公司中国移动辽宁公司2019-2020年智慧出行应用平台技术支持服务项目_比选公告,https://b2b.10086.cn/b2b/main/viewNoticeContent.html?noticeBean.id=571008,2019-06-18
山东移动,山东移动济宁分公司2019年汶上高级职业学校校园网系统采购项目_比选公告,https://b2b.10086.cn/b2b/main/viewNoticeContent.html?noticeBean.id=571009,2019-06-18
江苏移动,中国移动江苏公司2019年市场营销物料项目采购项目_比选公告,https://b2b.10086.cn/b2b/main/viewNoticeContent.html?noticeBean.id=571014,2019-06-18
总部,中国移动NFV网络一期上网日志留存系统工程汇聚分流设备采购_招标公告,https://b2b.10086.cn/b2b/main/viewNoticeContent.html?noticeBean.id=571015,2019-06-18
总部,中国移动投资对标研究采购项目_比选公告,https://b2b.10086.cn/b2b/main/viewNoticeContent.html?noticeBean.id=571019,2019-06-18
