采购单位,标题,链接,发标日期
江西移动,江西省医疗协同服务管理系统采购项目_比选公告,https://b2b.10086.cn/b2b/main/viewNoticeContent.html?noticeBean.id=530877,2019-01-03
政企分公司,四川省凉山州盐源县政府办、冕宁县委办、德昌县委办、会东县发改委协同办公部署技术支撑服务（中移全通）采购项目_比选公告,https://b2b.10086.cn/b2b/main/viewNoticeContent.html?noticeBean.id=530879,2019-01-03
政企分公司,天津智能公厕引导系统软件开发建设（中移全通）采购项目_比选公告,https://b2b.10086.cn/b2b/main/viewNoticeContent.html?noticeBean.id=530880,2019-01-03
江苏移动,中国移动江苏公司常州分公司体验厅大屏软件系统采购项目_询价公告,https://b2b.10086.cn/b2b/main/viewNoticeContent.html?noticeBean.id=530881,2019-01-03
政企分公司,福建省福清龙华职业中专学校信息化建设服务（中移全通）采购项目_比选公告,https://b2b.10086.cn/b2b/main/viewNoticeContent.html?noticeBean.id=530896,2019-01-03
四川移动,中国移动四川公司天府新区分公司2018年网吧专线综合技术支撑服务项目_比选公告,https://b2b.10086.cn/b2b/main/viewNoticeContent.html?noticeBean.id=530903,2019-01-03
政企分公司,安徽省合肥市肥东县政法委综合办公平台等项目（中移全通）采购项目_比选公告,https://b2b.10086.cn/b2b/main/viewNoticeContent.html?noticeBean.id=530912,2019-01-03
政企分公司,黔东南州水文站点信息化能力建设电力优化及维护服务(中移全通)采购项目_比选公告,https://b2b.10086.cn/b2b/main/viewNoticeContent.html?noticeBean.id=530928,2019-01-03
终端公司,重庆分公司2019-2020年法律支撑服务项目_比选公告,https://b2b.10086.cn/b2b/main/viewNoticeContent.html?noticeBean.id=530929,2019-01-03
辽宁移动,中国移动辽宁公司大连分公司2019-2021年法律咨询及代理服务项目_比选公告,https://b2b.10086.cn/b2b/main/viewNoticeContent.html?noticeBean.id=530935,2019-01-03
河南移动,河南移动2019年IDC系统网络安全评估项目_比选公告,https://b2b.10086.cn/b2b/main/viewNoticeContent.html?noticeBean.id=530947,2019-01-03
广东移动,中国移动广东公司2019年承载与支撑网基础维护服务公开比选项目_比选公告,https://b2b.10086.cn/b2b/main/viewNoticeContent.html?noticeBean.id=530954,2019-01-03
河南移动,河南移动2019年业务支撑系统网络设备安全加固服务采购项目_比选公告,https://b2b.10086.cn/b2b/main/viewNoticeContent.html?noticeBean.id=530967,2019-01-03
江苏移动,中国移动江苏公司南京移动溧水大区物流IDC机楼冷冻水空调维护服务项目_比选公告,https://b2b.10086.cn/b2b/main/viewNoticeContent.html?noticeBean.id=530970,2019-01-03
西藏移动,中国移动西藏公司市场经营部智能数字家庭体验区展示设备采购项目_比选公告,https://b2b.10086.cn/b2b/main/viewNoticeContent.html?noticeBean.id=530975,2019-01-03
上海移动,中国移动上海公司2018年业务私有云扩容工程数据连续性保护平台采购_比选公告,https://b2b.10086.cn/b2b/main/viewNoticeContent.html?noticeBean.id=530985,2019-01-03
政企分公司,2018年天津生态城WLAN认证系统扩容项目开发建设服务（中移全通）采购项目_比选公告,https://b2b.10086.cn/b2b/main/viewNoticeContent.html?noticeBean.id=530986,2019-01-03
四川移动,中国移动四川公司绵阳分公司2019年—2021年电梯维护保养项目_比选公告,https://b2b.10086.cn/b2b/main/viewNoticeContent.html?noticeBean.id=530992,2019-01-03
河南移动,河南移动2019年管理信息系统信息安全服务项目_比选公告,https://b2b.10086.cn/b2b/main/viewNoticeContent.html?noticeBean.id=531001,2019-01-03
湖北移动,中国移动湖北公司2019-2020年云企信、流量统付、集团彩铃平台售后运维支撑服务项目_比选公告,https://b2b.10086.cn/b2b/main/viewNoticeContent.html?noticeBean.id=531009,2019-01-03
内蒙移动,中国移动（呼和浩特）数据中心访客管理系统设备采购项目_比选公告,https://b2b.10086.cn/b2b/main/viewNoticeContent.html?noticeBean.id=531010,2019-01-03
江西移动,江西移动2018年全业务装维实训室工程机房集成服务采购项目_比选公告,https://b2b.10086.cn/b2b/main/viewNoticeContent.html?noticeBean.id=531018,2019-01-03
内蒙移动,中国移动（呼和浩特）数据中心2019年-2020年高低压设备维保采购项目_招标公告,https://b2b.10086.cn/b2b/main/viewNoticeContent.html?noticeBean.id=531019,2019-01-03
政企分公司,中移全通VPN软件产品采购项目_询价公告,https://b2b.10086.cn/b2b/main/viewNoticeContent.html?noticeBean.id=531025,2019-01-03
政企分公司,天津中新生态城智慧城市软件平台开发建设（中移全通）采购项目_比选公告,https://b2b.10086.cn/b2b/main/viewNoticeContent.html?noticeBean.id=531027,2019-01-03
新疆移动,中国移动新疆分公司2019年互联网内容资源管理平台维保项目_比选公告,https://b2b.10086.cn/b2b/main/viewNoticeContent.html?noticeBean.id=531031,2019-01-03
江苏移动,中国移动江苏公司关于滨湖金茂商校校园信息化项目项目_比选公告,https://b2b.10086.cn/b2b/main/viewNoticeContent.html?noticeBean.id=531056,2019-01-03
终端公司,中国移动通信集团终端有限公司2019年2月-2020年2月市场秩序维护项目_比选公告,https://b2b.10086.cn/b2b/main/viewNoticeContent.html?noticeBean.id=531058,2019-01-03
山东移动,山东移动威海分公司荣成市人和镇人民政府渔船4G视频监控平台高清显示屏采购项目_比选公告,https://b2b.10086.cn/b2b/main/viewNoticeContent.html?noticeBean.id=531073,2019-01-03
宁夏移动,中国移动宁夏公司2018年精准营销平台（IOP）建设工程项目_招标公告,https://b2b.10086.cn/b2b/main/viewNoticeContent.html?noticeBean.id=531081,2019-01-03
