采购单位,标题,链接,发标日期
信息技术公司,2019-2020年展会活动支撑服务项目_比选公告,https://b2b.10086.cn/b2b/main/viewNoticeContent.html?noticeBean.id=597457,2019-09-20
安徽移动,铜陵移动枞阳县分公司2019—2021年物业管理服务采购项目_比选公告,https://b2b.10086.cn/b2b/main/viewNoticeContent.html?noticeBean.id=597475,2019-09-20
河南移动,河南移动鹤壁分公司2019年县区政府OA平台软件维保服务采购项目_比选公告,https://b2b.10086.cn/b2b/main/viewNoticeContent.html?noticeBean.id=597484,2019-09-20
湖南移动,中国移动湖南公司郴州分公司2019年高校营销服务支撑项目_比选公告,https://b2b.10086.cn/b2b/main/viewNoticeContent.html?noticeBean.id=597486,2019-09-20
政企分公司,陕西商洛市洛南县音乐小镇信息化硬件部分（中移全通）采购项目_比选公告,https://b2b.10086.cn/b2b/main/viewNoticeContent.html?noticeBean.id=597488,2019-09-20
海南移动,中国移动海南公司2019年大屏演示操控系统升级服务项目_询价公告,https://b2b.10086.cn/b2b/main/viewNoticeContent.html?noticeBean.id=597489,2019-09-20
江苏移动,中国移动江苏公司2019年淮安移动工维部市政府网站引入DNS系统采购项目_比选公告,https://b2b.10086.cn/b2b/main/viewNoticeContent.html?noticeBean.id=597492,2019-09-20
互联网公司,中移互联网有限公司2019年RCSTV智能电视整机开模、试产公开比选项目_比选公告,https://b2b.10086.cn/b2b/main/viewNoticeContent.html?noticeBean.id=597514,2019-09-20
湖南移动,湖南移动长沙分公司2019年基站能耗智能管控服务项目_比选公告,https://b2b.10086.cn/b2b/main/viewNoticeContent.html?noticeBean.id=597522,2019-09-20
黑龙江移动,黑龙江移动网络管理部2019-2020年内容网络设备(负载均衡器)维保服务采购项目_比选公告,https://b2b.10086.cn/b2b/main/viewNoticeContent.html?noticeBean.id=597526,2019-09-20
山东移动,山东移动菏泽分公司2019年菏泽经开区税务局网络安全平台采购项目_采购公告,https://b2b.10086.cn/b2b/main/viewNoticeContent.html?noticeBean.id=597544,2019-09-20
江苏移动,中国移动江苏公司2019年南通分公司全业务智能化管理平台项目_比选公告,https://b2b.10086.cn/b2b/main/viewNoticeContent.html?noticeBean.id=597552,2019-09-20
广东移动,中国移动广东公司2019年集团短信第三方异网通道支撑服务公开询价项目_询价公告,https://b2b.10086.cn/b2b/main/viewNoticeContent.html?noticeBean.id=597560,2019-09-20
江苏移动,中国移动江苏公司徐州分公司市场业务集中稽核服务项目_比选公告,https://b2b.10086.cn/b2b/main/viewNoticeContent.html?noticeBean.id=597568,2019-09-20
云南移动,中国移动云南公司昆明分公司市场经营部自营渠道运营中心搬运项目_竞争性谈判采购公告,https://b2b.10086.cn/b2b/main/viewNoticeContent.html?noticeBean.id=597581,2019-09-20
政企分公司,2019年雄研院基于园区的视频业务质量分析及保障系统研发采购项目_比选公告,https://b2b.10086.cn/b2b/main/viewNoticeContent.html?noticeBean.id=597583,2019-09-20
上海移动,中国移动上海公司临港IDC研发与产业化基地二期土建工程基础施工基坑围护及周边环境监测服务_比选公告,https://b2b.10086.cn/b2b/main/viewNoticeContent.html?noticeBean.id=597586,2019-09-20
湖南移动,湖南移动2019年集团IT云机电工程配套材料及施工项目项目_比选公告,https://b2b.10086.cn/b2b/main/viewNoticeContent.html?noticeBean.id=597591,2019-09-20
四川移动,中国移动四川公司达州分公司2019年传输资源数据集中验收项目_比选公告,https://b2b.10086.cn/b2b/main/viewNoticeContent.html?noticeBean.id=597611,2019-09-20
西藏移动,中国移动西藏公司2019年互联网内容深度分析技术服务采购项目_比选公告,https://b2b.10086.cn/b2b/main/viewNoticeContent.html?noticeBean.id=597614,2019-09-20
黑龙江移动,黑龙江移动2019年智能网联车载定位终端采购项目_询价公告,https://b2b.10086.cn/b2b/main/viewNoticeContent.html?noticeBean.id=597619,2019-09-20
