采购单位,标题,链接,发标日期
河南移动,河南移动郑州高新区数据中心B02机楼2-2机房配套建设工程_招标公告,https://b2b.10086.cn/b2b/main/viewNoticeContent.html?noticeBean.id=581406,2019-07-24
重庆移动,丰都分公司2019年集团信息化ICT视频类项目_比选公告,https://b2b.10086.cn/b2b/main/viewNoticeContent.html?noticeBean.id=581421,2019-07-24
北京移动,中国移动北京公司中国民航机场建设集团有限公司华北分公司客户侧项目统C设备采购项目_采购变更公告(1),https://b2b.10086.cn/b2b/main/viewNoticeContent.html?noticeBean.id=581452,2019-07-24
黑龙江移动,黑龙江移动2019-2020年网管支撑系统维保服务采购项目_比选公告,https://b2b.10086.cn/b2b/main/viewNoticeContent.html?noticeBean.id=581460,2019-07-24
移动学院,中国移动学院2019年-2020年学院网络及信息化安全服务项目_比选公告,https://b2b.10086.cn/b2b/main/viewNoticeContent.html?noticeBean.id=581483,2019-07-24
广西移动,中国移动广西公司2019-2020年集团客户类5G产业信息化合作伙伴入围_比选公告,https://b2b.10086.cn/b2b/main/viewNoticeContent.html?noticeBean.id=581496,2019-07-24
终端公司,中国移动通信集团终端有限公司云南分公司2019年7月-2020年12月仓储劳务业务外包项目_比选公告,https://b2b.10086.cn/b2b/main/viewNoticeContent.html?noticeBean.id=581500,2019-07-24
总部,中国移动关键技术领域、热点案例、国际标杆企业专利分析及已授权专利价值提升方案研究采购_比选公告,https://b2b.10086.cn/b2b/main/viewNoticeContent.html?noticeBean.id=581503,2019-07-24
上海移动,中国移动上海公司2019年三费集中稽核管理现状审计调查服务项目_比选公告,https://b2b.10086.cn/b2b/main/viewNoticeContent.html?noticeBean.id=581506,2019-07-24
西藏移动,中国移动西藏公司市场经营部2019年用户服务满意度及渠道质量提升项目_比选公告,https://b2b.10086.cn/b2b/main/viewNoticeContent.html?noticeBean.id=581516,2019-07-24
苏州研发中心,苏州研发中心2019年-2020年车辆服务项目_比选公告,https://b2b.10086.cn/b2b/main/viewNoticeContent.html?noticeBean.id=581531,2019-07-24
中移金科,2019年和包系统等保服务项目_比选公告,https://b2b.10086.cn/b2b/main/viewNoticeContent.html?noticeBean.id=581543,2019-07-24
总部,中国移动2019年至2021年市场化薪酬数据咨询项目_比选公告,https://b2b.10086.cn/b2b/main/viewNoticeContent.html?noticeBean.id=581545,2019-07-24
甘肃移动,中国移动甘肃公司兰州分公司2018年政法学院智能寄存柜及直饮水工程设备采购项目_比选公告,https://b2b.10086.cn/b2b/main/viewNoticeContent.html?noticeBean.id=581552,2019-07-24
重庆移动,丰都分公司2019年集团信息化ICT视频类项目_比选采购_变更公告_(1),https://b2b.10086.cn/b2b/main/viewNoticeContent.html?noticeBean.id=581569,2019-07-24
黑龙江移动,黑龙江移动2019年彩铃业务技术支撑服务项目_比选公告,https://b2b.10086.cn/b2b/main/viewNoticeContent.html?noticeBean.id=581577,2019-07-24
重庆移动,丰都分公司2019年集团信息化ICT非视频类项目维保服务_比选采购_变更公告_(1),https://b2b.10086.cn/b2b/main/viewNoticeContent.html?noticeBean.id=581578,2019-07-24
