采购单位,标题,链接,发标日期
总部,中国移动数据备份一体机常态化测试公告,https://b2b.10086.cn/b2b/main/viewNoticeContent.html?noticeBean.id=569891,2019-06-14
山东移动,山东移动2019年济南分公司ICT项目招投标支撑服务采购项目_比选公告,https://b2b.10086.cn/b2b/main/viewNoticeContent.html?noticeBean.id=569944,2019-06-14
云南移动,中国移动云南公司曲靖分公司子午路综合楼消防报警系统安全隐患整治项目_比选公告,https://b2b.10086.cn/b2b/main/viewNoticeContent.html?noticeBean.id=569950,2019-06-14
铁通公司,中移智慧生活馆软件代码外包服务采购项目_比选公告,https://b2b.10086.cn/b2b/main/viewNoticeContent.html?noticeBean.id=569952,2019-06-14
中移金科,2019年外部法律支撑服务项目_比选公告,https://b2b.10086.cn/b2b/main/viewNoticeContent.html?noticeBean.id=569958,2019-06-14
终端公司,四川终端2019-2020存量客户终端保障服务项目（2）_比选公告,https://b2b.10086.cn/b2b/main/viewNoticeContent.html?noticeBean.id=569985,2019-06-14
重庆移动,2019年CMNET骨干网健康度评估及维护支撑优化服务_比选公告,https://b2b.10086.cn/b2b/main/viewNoticeContent.html?noticeBean.id=569992,2019-06-14
上海移动,中国移动上海公司临港数据中心二期土建工程施工临时用电设计_比选公告,https://b2b.10086.cn/b2b/main/viewNoticeContent.html?noticeBean.id=569996,2019-06-14
西藏移动,中国移动西藏公司2019年渠道集中化咨询项目_比选公告,https://b2b.10086.cn/b2b/main/viewNoticeContent.html?noticeBean.id=570011,2019-06-14
政企分公司,江苏省张家港市卫生和计划生育委员会“互联网+家庭医生”签约服务硬件部分（中移全通）采购项目_比选公告,https://b2b.10086.cn/b2b/main/viewNoticeContent.html?noticeBean.id=570016,2019-06-14
云南移动,中国移动云南公司2019-2021年网络与信息安全重要业务系统现场检测运维服务_比选公告,https://b2b.10086.cn/b2b/main/viewNoticeContent.html?noticeBean.id=570021,2019-06-14
苏州研发中心,苏州研发中心2019年6月管理类笔记本电脑采购_询价公告,https://b2b.10086.cn/b2b/main/viewNoticeContent.html?noticeBean.id=570024,2019-06-14
湖南移动,湖南移动2019年全省会议系统主设备维护保障服务项目_比选公告,https://b2b.10086.cn/b2b/main/viewNoticeContent.html?noticeBean.id=570029,2019-06-14
四川移动,中国移动四川公司2019年成都分公司网吧专线综合技术支撑服务项目_比选公告,https://b2b.10086.cn/b2b/main/viewNoticeContent.html?noticeBean.id=570037,2019-06-14
河南移动,河南移动2019年-2021年气体灭火系统钢瓶检测采购项目_比选公告,https://b2b.10086.cn/b2b/main/viewNoticeContent.html?noticeBean.id=570057,2019-06-14
安徽移动,安徽移动2019-2020年度中小企业市场融合网关选型采购项目_比选公告,https://b2b.10086.cn/b2b/main/viewNoticeContent.html?noticeBean.id=570063,2019-06-14
贵州移动,2019-2020年O2O销售协同运营项目_比选公告,https://b2b.10086.cn/b2b/main/viewNoticeContent.html?noticeBean.id=570073,2019-06-14
四川移动,中国移动四川公司天府新区分公司2019年地铁NFC运营支撑项目_比选公告,https://b2b.10086.cn/b2b/main/viewNoticeContent.html?noticeBean.id=570084,2019-06-14
辽宁移动,中国移动辽宁公司2019年室内地图技术支撑项目（公开询价）_询价公告,https://b2b.10086.cn/b2b/main/viewNoticeContent.html?noticeBean.id=570088,2019-06-14
贵州移动,省19贵安IT私有云网络扩容工程集成服务_招标公告,https://b2b.10086.cn/b2b/main/viewNoticeContent.html?noticeBean.id=570093,2019-06-14
终端公司,2019年终端公司广西分公司华为mate 20、mate 20 pro双系统双安卓终端采购项目_比选公告,https://b2b.10086.cn/b2b/main/viewNoticeContent.html?noticeBean.id=570096,2019-06-14
上海移动,中国移动上海公司临港数据中心1期工程环境应急预案编制服务_比选公告,https://b2b.10086.cn/b2b/main/viewNoticeContent.html?noticeBean.id=570102,2019-06-14
江苏移动,中国移动江苏公司宿迁分公司2019-2020年生产经营用车临时租赁服务采购项目_比选公告,https://b2b.10086.cn/b2b/main/viewNoticeContent.html?noticeBean.id=570106,2019-06-14
江西移动,南昌移动2019南昌大学高招咨询会广告传播服务采购_询价公告,https://b2b.10086.cn/b2b/main/viewNoticeContent.html?noticeBean.id=570117,2019-06-14
在线服务公司,中移在线浙江分公司2019年全网客服系统终端及办公设备代维服务项目_比选公告,https://b2b.10086.cn/b2b/main/viewNoticeContent.html?noticeBean.id=570122,2019-06-14
