采购单位,标题,链接,发标日期
江西移动,宜春市宜春中心城区数字城管硬件运维项目_比选公告,https://b2b.10086.cn/b2b/main/viewNoticeContent.html?noticeBean.id=544954,2019-03-08
移动学院,饮用水消毒器清洗维护公开询价_采购公告,https://b2b.10086.cn/b2b/main/viewNoticeContent.html?noticeBean.id=544960,2019-03-08
北京移动,中国移动北京公司65寸智能电子海报屏（广告机）采购项目_比选公告,https://b2b.10086.cn/b2b/main/viewNoticeContent.html?noticeBean.id=544964,2019-03-08
山东移动,山东移动烟台分公司2019年开发区平安社区智慧管控平台采购项目_比选公告,https://b2b.10086.cn/b2b/main/viewNoticeContent.html?noticeBean.id=544977,2019-03-08
物联网公司,《创造高收益的阿米巴经营》培训服务采购项目_采购公告,https://b2b.10086.cn/b2b/main/viewNoticeContent.html?noticeBean.id=544979,2019-03-08
研究院,5G云VR头盔接入原型系统开发_比选公告,https://b2b.10086.cn/b2b/main/viewNoticeContent.html?noticeBean.id=544980,2019-03-08
天津移动,天津医科大学总医院移动医疗专用专线及管理平台项目_询价公告,https://b2b.10086.cn/b2b/main/viewNoticeContent.html?noticeBean.id=544984,2019-03-08
湖北移动,中国移动湖北公司2019年第一批全省自营渠道终端特许经营合作商引入项目（第二次）_采购公告,https://b2b.10086.cn/b2b/main/viewNoticeContent.html?noticeBean.id=545005,2019-03-08
江西移动,江西移动鹰潭地区2019年食材供货平台采购项目采购包2（比选）_比选公告,https://b2b.10086.cn/b2b/main/viewNoticeContent.html?noticeBean.id=545013,2019-03-08
互联网公司,中移互联网有限公司2019-2020年应用性能监控服务公开比选项目_比选公告,https://b2b.10086.cn/b2b/main/viewNoticeContent.html?noticeBean.id=545019,2019-03-08
政企分公司,中移动金融科技有限公司新办公区信息化建设项目弱电辅材集成服务（中移全通）采购项目_比选公告,https://b2b.10086.cn/b2b/main/viewNoticeContent.html?noticeBean.id=545020,2019-03-08
浙江移动,中国移动湖州分公司2019年-2021年信息化类平台维护项目_比选公告,https://b2b.10086.cn/b2b/main/viewNoticeContent.html?noticeBean.id=545022,2019-03-08
铁通公司,中移建设有限公司江苏分公司盛世锦园安防及智能化安装工程项目_比选公告,https://b2b.10086.cn/b2b/main/viewNoticeContent.html?noticeBean.id=545026,2019-03-08
陕西移动,陕西移动汉中分公司大会议室会议系统集成项目_比选公告,https://b2b.10086.cn/b2b/main/viewNoticeContent.html?noticeBean.id=545034,2019-03-08
陕西移动,陕西移动2019年引入家庭类、政企类多形态终端产品统一供货平台项目_比选公告,https://b2b.10086.cn/b2b/main/viewNoticeContent.html?noticeBean.id=545039,2019-03-08
安徽移动,滁州分公司2019-2020年市公司食堂委托服务管理采购_比选公告,https://b2b.10086.cn/b2b/main/viewNoticeContent.html?noticeBean.id=545041,2019-03-08
福建移动,2019年集团客户手机终端维修服务采购项目_询价公告,https://b2b.10086.cn/b2b/main/viewNoticeContent.html?noticeBean.id=545042,2019-03-08
福建移动,漳州分公司“超级短信”和“视频彩铃”营销短视频制作支撑采购项目_询价公告,https://b2b.10086.cn/b2b/main/viewNoticeContent.html?noticeBean.id=545043,2019-03-08
云南移动,中国移动云南公司德宏分公司2019年德宏电视节目推送互联网电视平台编转码设备建设项目_竞争性谈判采购公告,https://b2b.10086.cn/b2b/main/viewNoticeContent.html?noticeBean.id=545051,2019-03-08
政企分公司,天津静海区市政市容管理委员会OA办公系统（中移全通）项目_比选公告,https://b2b.10086.cn/b2b/main/viewNoticeContent.html?noticeBean.id=545076,2019-03-08
设计院,2019-2021年北京分院IT办公设备维保服务采购项目_比选公告,https://b2b.10086.cn/b2b/main/viewNoticeContent.html?noticeBean.id=545077,2019-03-08
设计院,2019-2021年安徽分院IT办公设备维保服务采购项目_比选公告,https://b2b.10086.cn/b2b/main/viewNoticeContent.html?noticeBean.id=545078,2019-03-08
