采购单位,标题,链接,发标日期
四川移动,中国移动四川公司乐山分公司2019-2020年资源数据管理质量分析提升项目_比选公告,https://b2b.10086.cn/b2b/main/viewNoticeContent.html?noticeBean.id=597909,2019-09-23
江苏移动,中国移动江苏公司常州分公司管理体系认证服务（IDC机房ISO20000／ISO27001管理体系支撑与认证）采购项目_比选公告,https://b2b.10086.cn/b2b/main/viewNoticeContent.html?noticeBean.id=597916,2019-09-23
广西移动,中国移动广西公司桂林分公司2019-2020年度员工餐厅食材及餐厅日常管理服务采购项目（原标包1流标后重招）_比选公告,https://b2b.10086.cn/b2b/main/viewNoticeContent.html?noticeBean.id=597917,2019-09-23
山东移动,山东移动2019年菏泽分公司规划局视频会议系统采购项目_比选公告,https://b2b.10086.cn/b2b/main/viewNoticeContent.html?noticeBean.id=597942,2019-09-23
江苏移动,中国移动江苏公司关于无锡分公司宣传片拍摄与制作（文明创建等专题视频制作服务）的采购项目_比选公告,https://b2b.10086.cn/b2b/main/viewNoticeContent.html?noticeBean.id=597945,2019-09-23
陕西移动,关于连锁渠道运营中心渠道建设“大华1935”场地租赁的采购项目_采购公告,https://b2b.10086.cn/b2b/main/viewNoticeContent.html?noticeBean.id=597949,2019-09-23
黑龙江移动,黑龙江移动2019年4G室分MIMO窄波束天线采购项目_比选公告,https://b2b.10086.cn/b2b/main/viewNoticeContent.html?noticeBean.id=597965,2019-09-23
陕西移动,关于连锁渠道运营中心渠道建设“沃丰 玖拾之间”场地租赁的采购项目_采购公告,https://b2b.10086.cn/b2b/main/viewNoticeContent.html?noticeBean.id=597971,2019-09-23
终端公司,中国移动通信集团终端有限公司北京分公司生产经营用车置换项目第二轮_采购公告,https://b2b.10086.cn/b2b/main/viewNoticeContent.html?noticeBean.id=597973,2019-09-23
西藏移动,中国移动西藏公司那曲分公司市场部2019年户外广告更换项目的采购申请_比选公告,https://b2b.10086.cn/b2b/main/viewNoticeContent.html?noticeBean.id=597979,2019-09-23
政企分公司,安徽黄山经济开发区管委会百川路与芙蓉路交口电子警察及一中门口违停（中移全通）采购项目_比选公告,https://b2b.10086.cn/b2b/main/viewNoticeContent.html?noticeBean.id=597980,2019-09-23
陕西移动,陕西移动2019年宽带业务质量检查及服务规范提升项目_比选公告,https://b2b.10086.cn/b2b/main/viewNoticeContent.html?noticeBean.id=597989,2019-09-23
陕西移动,陕西移动2019年宽带智能组网终端及服务项目_比选公告,https://b2b.10086.cn/b2b/main/viewNoticeContent.html?noticeBean.id=597990,2019-09-23
广东移动,中国移动广东公司2019-2020年会务通业务维护支撑公开比选项目（湛江）_比选公告,https://b2b.10086.cn/b2b/main/viewNoticeContent.html?noticeBean.id=597994,2019-09-23
咪咕公司,2019-2021年咪咕视讯软件开发技术支撑项目包4客户端软件交互设计（第二次）_比选公告,https://b2b.10086.cn/b2b/main/viewNoticeContent.html?noticeBean.id=597998,2019-09-23
湖南移动,湖南移动长沙分公司线上线下融合营销服务项目_比选公告,https://b2b.10086.cn/b2b/main/viewNoticeContent.html?noticeBean.id=598008,2019-09-23
天津移动,中国移动天津公司2019年英捷特商贸公司网络平台建设项目_询价公告,https://b2b.10086.cn/b2b/main/viewNoticeContent.html?noticeBean.id=598025,2019-09-23
研究院,面向智慧园区的人脸识别智能终端_比选公告,https://b2b.10086.cn/b2b/main/viewNoticeContent.html?noticeBean.id=598055,2019-09-23
河北移动,中国移动河北公司2019-2020年网管系统citrix xenapp维保服务项目项目_比选公告,https://b2b.10086.cn/b2b/main/viewNoticeContent.html?noticeBean.id=598062,2019-09-23
苏州研发中心,苏州研发中心2019年一期一阶段消防优化改造项目_比选公告,https://b2b.10086.cn/b2b/main/viewNoticeContent.html?noticeBean.id=598071,2019-09-23
广西移动,中国移动广西公司南宁分公司区戒毒管理局手持终端采购项目_询价公告,https://b2b.10086.cn/b2b/main/viewNoticeContent.html?noticeBean.id=598077,2019-09-23
政企分公司,四川省攀枝花市喜都酒店管理分公司酒店业务酒管软件开发服务（中移全通）采购项目_比选公告,https://b2b.10086.cn/b2b/main/viewNoticeContent.html?noticeBean.id=598081,2019-09-23
上海移动,中国移动上海公司2019年IT私有云平台扩容建设二期工程主体设备采购-集成服务_比选公告,https://b2b.10086.cn/b2b/main/viewNoticeContent.html?noticeBean.id=598095,2019-09-23
