采购单位,标题,链接,发标日期
政企分公司,广西柳州移动2019年度集团信息化售前支撑服务（中移全通）采购项目(2)_比选公告,https://b2b.10086.cn/b2b/main/viewNoticeContent.html?noticeBean.id=598698,2019-09-25
河南移动,河南移动2019-2021年仓库租赁管理服务项目_比选公告,https://b2b.10086.cn/b2b/main/viewNoticeContent.html?noticeBean.id=598712,2019-09-25
广东移动,中国移动广东公司2019年传送网技术研究与测试中心仪器仪表购置公开询价项目（南方基地）_询价公告,https://b2b.10086.cn/b2b/main/viewNoticeContent.html?noticeBean.id=598713,2019-09-25
终端公司,江西分公司2019年-2021年办公服务物业管理供应商引入项目_比选公告,https://b2b.10086.cn/b2b/main/viewNoticeContent.html?noticeBean.id=598717,2019-09-25
政企分公司,河南省新安移动OA办公平台升级改版(中移全通)采购项目_比选公告,https://b2b.10086.cn/b2b/main/viewNoticeContent.html?noticeBean.id=598719,2019-09-25
政企分公司,中移全通系统集成有限公司等级保护测评工具技术支持服务采购项目_竞争性谈判采购公告,https://b2b.10086.cn/b2b/main/viewNoticeContent.html?noticeBean.id=598724,2019-09-25
山东移动,山东移动菏泽分公司2019年菏泽经开区税务局网络安全平台采购项目_采购变更公告(1),https://b2b.10086.cn/b2b/main/viewNoticeContent.html?noticeBean.id=598727,2019-09-25
浙江移动,中国移动绍兴分公司办公智能门锁项目_比选公告,https://b2b.10086.cn/b2b/main/viewNoticeContent.html?noticeBean.id=598728,2019-09-25
湖南移动,湖南移动2019年价格研究项目_比选公告,https://b2b.10086.cn/b2b/main/viewNoticeContent.html?noticeBean.id=598730,2019-09-25
铁通公司,中移铁通信息化系统风险评估项目(第二轮）_比选公告,https://b2b.10086.cn/b2b/main/viewNoticeContent.html?noticeBean.id=598731,2019-09-25
安徽移动,宣城移动政企客户警务通终端采购_询价公告,https://b2b.10086.cn/b2b/main/viewNoticeContent.html?noticeBean.id=598735,2019-09-25
山西移动,中国移动山西公司2019年综合部行政安保中心省公司智能楼宇信息化综合布线的采购项目_比选公告,https://b2b.10086.cn/b2b/main/viewNoticeContent.html?noticeBean.id=598737,2019-09-25
湖北移动,中国移动湖北公司2019-2021年网站备案支撑服务_比选公告,https://b2b.10086.cn/b2b/main/viewNoticeContent.html?noticeBean.id=598751,2019-09-25
湖南移动,湖南移动IDC等重点政企业务推介活动执行项目_比选公告,https://b2b.10086.cn/b2b/main/viewNoticeContent.html?noticeBean.id=598752,2019-09-25
福建移动,2019-2021年厦门“移动之家”客户俱乐部运作项目（二次）_比选公告,https://b2b.10086.cn/b2b/main/viewNoticeContent.html?noticeBean.id=598757,2019-09-25
湖南移动,株洲移动“智慧城市”信息化（三期）支撑服务项目（第二次）_比选公告,https://b2b.10086.cn/b2b/main/viewNoticeContent.html?noticeBean.id=598758,2019-09-25
重庆移动,2019年IDC/ISP基础数据核验服务_比选公告,https://b2b.10086.cn/b2b/main/viewNoticeContent.html?noticeBean.id=598759,2019-09-25
终端公司,重庆分公司开展智能人脸门禁系统采购项目_采购公告,https://b2b.10086.cn/b2b/main/viewNoticeContent.html?noticeBean.id=598760,2019-09-25
北京移动,中国移动北京公司网优中心2019年-2020年投诉用户语音可视化及数据智能分析研究项目_比选公告,https://b2b.10086.cn/b2b/main/viewNoticeContent.html?noticeBean.id=598765,2019-09-25
山西移动,中国移动山西公司2019年山西公司人才评估分析及培养采购项目_比选公告,https://b2b.10086.cn/b2b/main/viewNoticeContent.html?noticeBean.id=598771,2019-09-25
山东移动,山东移动威海分公司2019年经区融悦对讲平台采购项目_采购公告,https://b2b.10086.cn/b2b/main/viewNoticeContent.html?noticeBean.id=598772,2019-09-25
湖南移动,湖南移动2019年数字家庭市场整体能力提升及差异化能力输出项目_比选公告,https://b2b.10086.cn/b2b/main/viewNoticeContent.html?noticeBean.id=598792,2019-09-25
重庆移动,网络管理中心2019通信站点蓄电池续航服务项目_比选公告,https://b2b.10086.cn/b2b/main/viewNoticeContent.html?noticeBean.id=598808,2019-09-25
新疆移动,和田分公司2019-2020年日常紧急需求及电商平台目录外保洁、低耗类物品采购项目_询价公告,https://b2b.10086.cn/b2b/main/viewNoticeContent.html?noticeBean.id=598816,2019-09-25
终端公司,终端北分关于--中国移动集团核心能力与自主产品清单中布局类型为“数字家庭”的终端采购项目_询价公告,https://b2b.10086.cn/b2b/main/viewNoticeContent.html?noticeBean.id=598820,2019-09-25
江苏移动,中国移动江苏公司南6综合业务接入区汇聚机房购置项目_采购公告,https://b2b.10086.cn/b2b/main/viewNoticeContent.html?noticeBean.id=598822,2019-09-25
政企分公司,安徽合肥周味餐饮管理有限公司WIFI等项目（中移全通）采购项目_比选公告,https://b2b.10086.cn/b2b/main/viewNoticeContent.html?noticeBean.id=598825,2019-09-25
政企分公司,中国移动四川有限公司雅安分公司石棉县公安局雪亮及天网扩建设备采购及运维服务（中移全通）采购项目_比选公告,https://b2b.10086.cn/b2b/main/viewNoticeContent.html?noticeBean.id=598827,2019-09-25
广东移动,中国移动广东公司2019-2020年企业管理支撑公开比选项目（广州）_比选公告,https://b2b.10086.cn/b2b/main/viewNoticeContent.html?noticeBean.id=598834,2019-09-25
广西移动,中国移动广西公司新中国建国70周年及公司5G商用专题新闻策划及执行项目_比选公告,https://b2b.10086.cn/b2b/main/viewNoticeContent.html?noticeBean.id=598836,2019-09-25
