采购单位,标题,链接,发标日期
广西移动,中国移动广西公司2019年和教育业务专用终端框架采购项目_比选公告,https://b2b.10086.cn/b2b/main/viewNoticeContent.html?noticeBean.id=536846,2019-01-24
甘肃移动,中国移动甘肃公司酒泉分公司2018年酒泉肃州区机关事务管理局政企车辆监督管理调度平台项目_比选公告,https://b2b.10086.cn/b2b/main/viewNoticeContent.html?noticeBean.id=536891,2019-01-24
政企分公司,山东省德城区委组织部可视化党建系统设备（中移全通）采购项目_比选公告,https://b2b.10086.cn/b2b/main/viewNoticeContent.html?noticeBean.id=536892,2019-01-24
上海移动,中国移动上海公司普陀区政务云建设工程业务数据归档系统_询价公告,https://b2b.10086.cn/b2b/main/viewNoticeContent.html?noticeBean.id=536894,2019-01-24
上海移动,中国移动上海公司普陀区政务云建设工程用户鉴权系统_询价公告,https://b2b.10086.cn/b2b/main/viewNoticeContent.html?noticeBean.id=536895,2019-01-24
广东移动,中国移动广东公司2019年车辆出入系统设备更换公开询价项目（揭阳）_询价公告,https://b2b.10086.cn/b2b/main/viewNoticeContent.html?noticeBean.id=536909,2019-01-24
上海移动,中国移动上海公司2018年黄浦区政务云建设工程出口流量控制系统_询价公告,https://b2b.10086.cn/b2b/main/viewNoticeContent.html?noticeBean.id=536912,2019-01-24
河南移动,河南移动2018年内容网络建设工程系统总集成采购项目_招标公告,https://b2b.10086.cn/b2b/main/viewNoticeContent.html?noticeBean.id=536914,2019-01-24
上海移动,中国移动上海公司2019年IDC信息安全管理系统EU第一批扩容工程EU集成服_询价公告,https://b2b.10086.cn/b2b/main/viewNoticeContent.html?noticeBean.id=536917,2019-01-24
广东移动,中国移动广东公司2019年业务档案稽核与酬金稽核服务公开比选项目（佛山）_比选公告,https://b2b.10086.cn/b2b/main/viewNoticeContent.html?noticeBean.id=536934,2019-01-24
山东移动,山东移动2019年临沂分公司校园一卡通系统采购项目_比选公告,https://b2b.10086.cn/b2b/main/viewNoticeContent.html?noticeBean.id=536944,2019-01-24
重庆移动,2019-2021年研发费加计扣除聘请中介机构服务采购申请_比选公告,https://b2b.10086.cn/b2b/main/viewNoticeContent.html?noticeBean.id=536950,2019-01-24
广东移动,中国移动广东公司2019年行业发展信息服务整合及支撑公开比选项目_比选公告,https://b2b.10086.cn/b2b/main/viewNoticeContent.html?noticeBean.id=536953,2019-01-24
铁通公司,中移铁通有限公司贵州分公司2019年维护、销售劳务分包项目采购_比选公告,https://b2b.10086.cn/b2b/main/viewNoticeContent.html?noticeBean.id=536959,2019-01-24
山东移动,山东移动临沂分公司兰陵县智慧大棚信息采集平台采购项目_比选公告,https://b2b.10086.cn/b2b/main/viewNoticeContent.html?noticeBean.id=536977,2019-01-24
江苏移动,中国移动江苏公司南通移动生产调度中心会议系统项目_询价公告,https://b2b.10086.cn/b2b/main/viewNoticeContent.html?noticeBean.id=536987,2019-01-24
内蒙移动,中国移动（呼和浩特）数据中心2019年-2020年基础设施、IT设备协维服务采购项目-标包1（二次）_招标公告,https://b2b.10086.cn/b2b/main/viewNoticeContent.html?noticeBean.id=537001,2019-01-24
