采购单位,标题,链接,发标日期
安徽移动,安徽移动和教育2019年第二批增值业务合作伙伴招募_采购公告,https://b2b.10086.cn/b2b/main/viewNoticeContent.html?noticeBean.id=560364,2019-05-09
湖南移动,中国移动湖南公司2019年度大数据平台应用支撑服务项目_比选公告,https://b2b.10086.cn/b2b/main/viewNoticeContent.html?noticeBean.id=560369,2019-05-09
广东移动,中国移动广东公司2019 年一卡通平台优化升级公开比选项目（湛江）_比选公告,https://b2b.10086.cn/b2b/main/viewNoticeContent.html?noticeBean.id=560385,2019-05-09
湖北移动,中国移动湖北公司2019-2020年室外一体化机柜空调智能温控装置改造采购项目_比选公告,https://b2b.10086.cn/b2b/main/viewNoticeContent.html?noticeBean.id=560406,2019-05-09
湖北移动,湖北移动宜昌分公司城区华祥业务区传输机房购置项目（第二次公告）,https://b2b.10086.cn/b2b/main/viewNoticeContent.html?noticeBean.id=560424,2019-05-09
物联网公司,智能美妆镜自主研发项目产品设计采购项目_采购公告,https://b2b.10086.cn/b2b/main/viewNoticeContent.html?noticeBean.id=560447,2019-05-09
山东移动,山东移动临沂分公司2019年政务服务中心办公认证管理系统采购项目_比选公告,https://b2b.10086.cn/b2b/main/viewNoticeContent.html?noticeBean.id=560461,2019-05-09
山东移动,山东移动2019年聊城分公司开发区河长制采购项目_比选公告,https://b2b.10086.cn/b2b/main/viewNoticeContent.html?noticeBean.id=560467,2019-05-09
山东移动,山东移动2019年烟台分公司滨州医学院烟台校区信息化建设项目（标包2、标包3）_招标公告,https://b2b.10086.cn/b2b/main/viewNoticeContent.html?noticeBean.id=560471,2019-05-09
在线服务公司,中移在线贵州分公司2019-2020年外拓产品客户交流活动支撑服务项目（三次）_比选公告,https://b2b.10086.cn/b2b/main/viewNoticeContent.html?noticeBean.id=560482,2019-05-09
信息港中心,中国移动信息港中心2019-2021年税务咨询服务采购(3)_比选公告,https://b2b.10086.cn/b2b/main/viewNoticeContent.html?noticeBean.id=560483,2019-05-09
在线服务公司,中移在线上海分公司2019年全网客服系统终端及办公设备代维服务项目_比选公告,https://b2b.10086.cn/b2b/main/viewNoticeContent.html?noticeBean.id=560500,2019-05-09
辽宁移动,中国移动辽宁公司外部环境及前瞻性策略研究项目_比选公告,https://b2b.10086.cn/b2b/main/viewNoticeContent.html?noticeBean.id=560517,2019-05-09
