采购单位,标题,链接,发标日期
辽宁移动,中国移动辽宁公司2019沈阳分公司业务支撑中心软件维护及升级服务项目_比选公告,https://b2b.10086.cn/b2b/main/viewNoticeContent.html?noticeBean.id=534290,2019-01-15
天津移动,关于远大空气净化器2019年度清洗维护服务的请购_比选公告,https://b2b.10086.cn/b2b/main/viewNoticeContent.html?noticeBean.id=534325,2019-01-15
政企分公司,福建省福清龙华职业中专学校信息化建设服务（中移全通）采购项目_比选公告,https://b2b.10086.cn/b2b/main/viewNoticeContent.html?noticeBean.id=534338,2019-01-15
湖北移动,中国移动湖北公司2019-2020年业务支撑中心四项维保服务采购_比选公告,https://b2b.10086.cn/b2b/main/viewNoticeContent.html?noticeBean.id=534342,2019-01-15
云南移动,中国移动云南公司红河分公司2019-2020年IT终端设备维护服务项目_比选公告,https://b2b.10086.cn/b2b/main/viewNoticeContent.html?noticeBean.id=534352,2019-01-15
内蒙移动,2018年CMNet省网出口配套DPI系统扩容工程、内容分发网络二期功能改造工程PDU采购项目_比选公告,https://b2b.10086.cn/b2b/main/viewNoticeContent.html?noticeBean.id=534354,2019-01-15
内蒙移动,中国移动（呼和浩特）数据中心二期工程设置临时围栏项目_比选公告,https://b2b.10086.cn/b2b/main/viewNoticeContent.html?noticeBean.id=534355,2019-01-15
政企分公司,一部手机游云南数据接入（第二批）鸡飞景区名片数据采集支撑服务（中移全通）采购项目_比选公告,https://b2b.10086.cn/b2b/main/viewNoticeContent.html?noticeBean.id=534363,2019-01-15
物联网公司,高精度电源分析仪租赁项目_采购公告,https://b2b.10086.cn/b2b/main/viewNoticeContent.html?noticeBean.id=534370,2019-01-15
云南移动,中国移动云南公司2019年网站备案核查支撑服务项目_比选公告,https://b2b.10086.cn/b2b/main/viewNoticeContent.html?noticeBean.id=534375,2019-01-15
福建移动,福建移动厦门分公司2019年传送网OLT设备调整优化支撑服务_比选公告,https://b2b.10086.cn/b2b/main/viewNoticeContent.html?noticeBean.id=534376,2019-01-15
吉林移动,中国移动吉林公司吉林市分公司2019年世纪广场及磐石营业厅安防监控系统公开比选项目_比选公告,https://b2b.10086.cn/b2b/main/viewNoticeContent.html?noticeBean.id=534382,2019-01-15
政企分公司,嘉定区公共安全视频监控建设联网应用项目视频监控系统勘察设计服务（中移全通）采购项目(2)_比选公告,https://b2b.10086.cn/b2b/main/viewNoticeContent.html?noticeBean.id=534402,2019-01-15
云南移动,中国移动云南公司呈贡数据中心一期工程近期小机电配套工程施工图设计服务(第二次）项目_招标公告,https://b2b.10086.cn/b2b/main/viewNoticeContent.html?noticeBean.id=534403,2019-01-15
上海移动,中国移动上海公司2019年IBM硬件设备维护服务_比选公告,https://b2b.10086.cn/b2b/main/viewNoticeContent.html?noticeBean.id=534406,2019-01-15
江西移动,赣州市国土资源局移动办公系统采购项目_比选公告,https://b2b.10086.cn/b2b/main/viewNoticeContent.html?noticeBean.id=534407,2019-01-15
云南移动,中国移动云南公司2017年能力中心项目中统一搜索平台开发项目_比选公告,https://b2b.10086.cn/b2b/main/viewNoticeContent.html?noticeBean.id=534414,2019-01-15
上海移动,中国移动上海公司2019-2022年中国移动电子采购与招标投标系统技术服务框_比选公告,https://b2b.10086.cn/b2b/main/viewNoticeContent.html?noticeBean.id=534415,2019-01-15
北京移动,中国移动北京公司中国移动北京公司电话交换机（AVAYA PBX）系统维护服务_比选公告,https://b2b.10086.cn/b2b/main/viewNoticeContent.html?noticeBean.id=534418,2019-01-15
新疆移动,中国移动新疆分公司2019年资源管理支撑服务采购项目项目_比选公告,https://b2b.10086.cn/b2b/main/viewNoticeContent.html?noticeBean.id=534421,2019-01-15
重庆移动,2019年酉阳分公司电脑软件维护服务项目_比选公告,https://b2b.10086.cn/b2b/main/viewNoticeContent.html?noticeBean.id=534435,2019-01-15
重庆移动,合川分公司2019年机房空调维护服务项目_比选公告,https://b2b.10086.cn/b2b/main/viewNoticeContent.html?noticeBean.id=534438,2019-01-15
铁通公司,中移铁通江西分公司2019-2020年移动无线维护所需仪表租赁项目采购方案_比选公告,https://b2b.10086.cn/b2b/main/viewNoticeContent.html?noticeBean.id=534443,2019-01-15
北京移动,中国移动北京公司网信安中心2019年2月-2019年12月新技术新业务信息安全评估支持服务项目_比选公告,https://b2b.10086.cn/b2b/main/viewNoticeContent.html?noticeBean.id=534446,2019-01-15
广东移动,中国移动广东公司2019年集客业务系统安全漏洞扫描检测及新业务新技术评估公开比选项目_比选公告,https://b2b.10086.cn/b2b/main/viewNoticeContent.html?noticeBean.id=534460,2019-01-15
广东移动,中国移动广东公司2019-2020年业务稽核支撑服务公开比选项目_比选公告,https://b2b.10086.cn/b2b/main/viewNoticeContent.html?noticeBean.id=534461,2019-01-15
重庆移动,电子渠道2018年扩容项目流量复制器采购_询价公告,https://b2b.10086.cn/b2b/main/viewNoticeContent.html?noticeBean.id=534465,2019-01-15
山东移动,山东移动2019年济南开发区机房高低压配套扩容工程综合监理项目_招标公告,https://b2b.10086.cn/b2b/main/viewNoticeContent.html?noticeBean.id=534470,2019-01-15
西藏移动,中国移动西藏公司2019年区公司消防设施维护项目_比选公告,https://b2b.10086.cn/b2b/main/viewNoticeContent.html?noticeBean.id=534474,2019-01-15
终端公司,中国移动终端公司2019年1月-2021年12月自有品牌研发模型加工支撑服务项目_比选公告,https://b2b.10086.cn/b2b/main/viewNoticeContent.html?noticeBean.id=534479,2019-01-15
新疆移动,中国移动新疆分公司2019年一级电子渠道合作运营推广项目_比选公告,https://b2b.10086.cn/b2b/main/viewNoticeContent.html?noticeBean.id=534486,2019-01-15
福建移动,石狮公司与灵秀镇人民政府合作金相路视频监控系统和广播系统工程建设项目_采购公告,https://b2b.10086.cn/b2b/main/viewNoticeContent.html?noticeBean.id=534505,2019-01-15
宁夏移动,中国移动宁夏公司2019年家庭宽带用户感知提升与服务支撑项目_比选公告,https://b2b.10086.cn/b2b/main/viewNoticeContent.html?noticeBean.id=534512,2019-01-15
