采购单位,标题,链接,发标日期
设计院,2019年设计院研发业务、新业务非核心能力合作服务项目_比选公告,https://b2b.10086.cn/b2b/main/viewNoticeContent.html?noticeBean.id=561656,2019-05-14
终端公司,2019-2020存量客户终端保障服务项目_比选公告,https://b2b.10086.cn/b2b/main/viewNoticeContent.html?noticeBean.id=561669,2019-05-14
甘肃移动,中国移动甘肃公司酒泉分公司2019年智能交通管理维护项目_比选公告,https://b2b.10086.cn/b2b/main/viewNoticeContent.html?noticeBean.id=561690,2019-05-14
河北移动,中国移动河北公司2018年电子运维系统建设工程（数据库快照备份软件）项目_比选公告,https://b2b.10086.cn/b2b/main/viewNoticeContent.html?noticeBean.id=561706,2019-05-14
重庆移动,璧山分公司2019年智能短信及民调调查项目采购_比选公告,https://b2b.10086.cn/b2b/main/viewNoticeContent.html?noticeBean.id=561725,2019-05-14
广西移动,中国移动广西防城港分公司开展2019年营销物资（帐蓬、桌椅）采购项目_询价公告,https://b2b.10086.cn/b2b/main/viewNoticeContent.html?noticeBean.id=561728,2019-05-14
西藏移动,中国移动通信集团西藏有限公司2019年网络安全综合支撑服务项目_比选公告,https://b2b.10086.cn/b2b/main/viewNoticeContent.html?noticeBean.id=561772,2019-05-14
河北移动,中国移动河北公司CMNET省网十二期SDN控制系统项目_比选公告,https://b2b.10086.cn/b2b/main/viewNoticeContent.html?noticeBean.id=561785,2019-05-14
总部,2019年节能减排管理提升研究项目_比选公告,https://b2b.10086.cn/b2b/main/viewNoticeContent.html?noticeBean.id=561786,2019-05-14
总部,中国移动2019年网间协同运营政策研究管理咨询项目_比选公告,https://b2b.10086.cn/b2b/main/viewNoticeContent.html?noticeBean.id=561792,2019-05-14
政企分公司,2017年张家口市宣化区利用中国农业发展银行贷款建设储备林基地林火监控系统（中移全通）采购项目_比选公告,https://b2b.10086.cn/b2b/main/viewNoticeContent.html?noticeBean.id=561797,2019-05-14
四川移动,中国移动四川公司2019年智能家居业务运营支撑项目_比选公告,https://b2b.10086.cn/b2b/main/viewNoticeContent.html?noticeBean.id=561800,2019-05-14
四川移动,中国移动四川公司2019年四川政企客服市场发展及竞争应对研究项目_比选公告,https://b2b.10086.cn/b2b/main/viewNoticeContent.html?noticeBean.id=561803,2019-05-14
上海移动,中国移动上海公司2019年公有云信息安全管理系统建设Bypass设备采购_询价公告,https://b2b.10086.cn/b2b/main/viewNoticeContent.html?noticeBean.id=561814,2019-05-14
