采购单位,标题,链接,发标日期
河北移动,中国移动河北公司2019-2021年知识产权支撑服务项目_比选公告,https://b2b.10086.cn/b2b/main/viewNoticeContent.html?noticeBean.id=596270,2019-09-17
四川移动,中国移动四川公司2019-2021年核心机楼电源维护及安全值守服务采购项目_比选公告,https://b2b.10086.cn/b2b/main/viewNoticeContent.html?noticeBean.id=596278,2019-09-17
甘肃移动,中国移动甘肃公司白银市文化市场综合行政执法队视频监控项目合作伙伴选择项目_比选公告,https://b2b.10086.cn/b2b/main/viewNoticeContent.html?noticeBean.id=596285,2019-09-17
广西移动,中国移动广西南宁公司2019-2021年度有线建设维护全流程管理系统与基础管理平台优化维护服务的采购项目_询价采购_变更公告_(2),https://b2b.10086.cn/b2b/main/viewNoticeContent.html?noticeBean.id=596286,2019-09-17
云南移动,中国移动云南公司普洱分公司2020-2021年物业及员工餐厅管理服务项目_比选公告,https://b2b.10086.cn/b2b/main/viewNoticeContent.html?noticeBean.id=596292,2019-09-17
苏州研发中心,苏州研发中心2019年UI类笔记本电脑及显示器项目_询价公告,https://b2b.10086.cn/b2b/main/viewNoticeContent.html?noticeBean.id=596311,2019-09-17
江西移动,宜春消防多元化力量调度平台采购项目_比选公告,https://b2b.10086.cn/b2b/main/viewNoticeContent.html?noticeBean.id=596314,2019-09-17
江苏移动,中国移动江苏公司2019-2020年新型空调末端系统省内补充采购项目采购方案项目_招标公告,https://b2b.10086.cn/b2b/main/viewNoticeContent.html?noticeBean.id=596316,2019-09-17
山西移动,中国移动山西公司2019-2020年度省渠道中心户外营销设备采购项目_比选公告,https://b2b.10086.cn/b2b/main/viewNoticeContent.html?noticeBean.id=596338,2019-09-17
在线服务公司,在线服务公司2019年客服呼入业务众包服务项目（吉林陕西江苏）（采购包1：吉林）_比选公告,https://b2b.10086.cn/b2b/main/viewNoticeContent.html?noticeBean.id=596354,2019-09-17
在线服务公司,在线服务公司2019年客服呼入业务众包服务项目（吉林陕西江苏）（采购包2：陕西）_比选公告,https://b2b.10086.cn/b2b/main/viewNoticeContent.html?noticeBean.id=596355,2019-09-17
在线服务公司,在线服务公司2019年客服呼入业务众包服务项目（吉林陕西江苏）（采购包3：江苏）_比选公告,https://b2b.10086.cn/b2b/main/viewNoticeContent.html?noticeBean.id=596356,2019-09-17
政企分公司,湖南省交通厅高速公路大数据项目技术开发服务(中移全通)采购项目_比选公告,https://b2b.10086.cn/b2b/main/viewNoticeContent.html?noticeBean.id=596359,2019-09-17
山东移动,山东移动临沂分公司2019年兰陵县启蒙小学智慧班牌管理平台采购项目_比选公告,https://b2b.10086.cn/b2b/main/viewNoticeContent.html?noticeBean.id=596377,2019-09-17
山东移动,山东移动临沂分公司2019年临沭县北城实验学校智慧校园平台采购项目_比选公告,https://b2b.10086.cn/b2b/main/viewNoticeContent.html?noticeBean.id=596378,2019-09-17
江苏移动,中国移动江苏公司2019年-2020年苏州分公司一网通客户维护支撑服务项目_比选公告,https://b2b.10086.cn/b2b/main/viewNoticeContent.html?noticeBean.id=596382,2019-09-17
湖北移动,中国移动湖北有限公司襄阳分公司老河口黄营业务区传输汇聚机房购置项目_采购变更公告(1),https://b2b.10086.cn/b2b/main/viewNoticeContent.html?noticeBean.id=596390,2019-09-17
甘肃移动,中国移动甘肃公司申请选择嘉峪关市人民商城数字化监控信息系统项目售前合作伙伴项目_比选采购_变更公告_(1),https://b2b.10086.cn/b2b/main/viewNoticeContent.html?noticeBean.id=596397,2019-09-17
信息技术公司,2020-2021年国际业务运营中心国际业务精准营销系统开发_比选公告,https://b2b.10086.cn/b2b/main/viewNoticeContent.html?noticeBean.id=596417,2019-09-17
总部,中国移动2018－2019年通信工程设计与可行性研究集中采购(补充采购第三批）_招标公告,https://b2b.10086.cn/b2b/main/viewNoticeContent.html?noticeBean.id=596424,2019-09-17
