采购单位,标题,链接,发标日期
重庆移动,2019年彭水分公司清欠业务合作项目_比选公告,https://b2b.10086.cn/b2b/main/viewNoticeContent.html?noticeBean.id=544410,2019-03-06
内蒙移动,中国移动通信集团内蒙古有限公司赤峰分公司（翁旗）2019年车辆维修维护项目_采购变更公告(1),https://b2b.10086.cn/b2b/main/viewNoticeContent.html?noticeBean.id=544428,2019-03-06
安徽移动,安徽移动黄山路基地2号生产楼空调室外机雾化喷淋系统采购项目_比选公告,https://b2b.10086.cn/b2b/main/viewNoticeContent.html?noticeBean.id=544441,2019-03-06
湖南移动,湖南移动长沙分公司基于数据服务的管理效能提升项目_比选公告,https://b2b.10086.cn/b2b/main/viewNoticeContent.html?noticeBean.id=544443,2019-03-06
江苏移动,中国移动江苏公司2019年省公司公关运营、精准投放平台项目项目_比选公告,https://b2b.10086.cn/b2b/main/viewNoticeContent.html?noticeBean.id=544480,2019-03-06
山东移动,山东移动2019年聊城分公司临清幼儿师范学校校园一卡通系统采购项目_比选公告,https://b2b.10086.cn/b2b/main/viewNoticeContent.html?noticeBean.id=544481,2019-03-06
吉林移动,中国移动吉林公司延边州分公司2019-2020年各网点110自动报警系统服务公开比选项目_比选公告,https://b2b.10086.cn/b2b/main/viewNoticeContent.html?noticeBean.id=544494,2019-03-06
山东移动,山东移动2019年聊城分公司阳谷智慧药监平台建设采购项目_比选公告,https://b2b.10086.cn/b2b/main/viewNoticeContent.html?noticeBean.id=544499,2019-03-06
政企分公司,中国移动云南公司云南农业大学校园一卡通系统技术服务（中移全通）采购项目_比选公告,https://b2b.10086.cn/b2b/main/viewNoticeContent.html?noticeBean.id=544502,2019-03-06
北京移动,中国移动北京公司采购2019至2020年政企客户信息化观展交流活动供应商_比选公告,https://b2b.10086.cn/b2b/main/viewNoticeContent.html?noticeBean.id=544511,2019-03-06
