采购单位,标题,链接,发标日期
江苏移动,中国移动江苏公司常州分公司2018年政务云及工业云平台扩容项目服务器内存采购项目_询价公告,https://b2b.10086.cn/b2b/main/viewNoticeContent.html?noticeBean.id=550741,2019-04-01
天津移动,中国移动天津公司数据部布展及演示用智能家居终端项目_询价公告,https://b2b.10086.cn/b2b/main/viewNoticeContent.html?noticeBean.id=550747,2019-04-01
物联网公司,NB-IoT 定位产品自主开发项目（模具部分）_询价公告,https://b2b.10086.cn/b2b/main/viewNoticeContent.html?noticeBean.id=550770,2019-04-01
新疆移动,中国移动新疆分公司2019年模型运维及优化服务项目项目_比选公告,https://b2b.10086.cn/b2b/main/viewNoticeContent.html?noticeBean.id=550788,2019-04-01
新疆移动,中国移动新疆分公司奎屯市分公司2019年集团重要客户手机售后上门服务采购项目项目_比选公告,https://b2b.10086.cn/b2b/main/viewNoticeContent.html?noticeBean.id=550790,2019-04-01
辽宁移动,中国移动辽宁公司辽阳分公司2019年政企客户部会务公司采购项目_比选公告,https://b2b.10086.cn/b2b/main/viewNoticeContent.html?noticeBean.id=550796,2019-04-01
西藏移动,中国移动西藏公司政企客户分公司2019年“和商务直播”业务技术支撑服务项目_比选公告,https://b2b.10086.cn/b2b/main/viewNoticeContent.html?noticeBean.id=550798,2019-04-01
重庆移动,2019年分公司市场物资暂存点盘点及RDC库盘点支持服务_比选公告,https://b2b.10086.cn/b2b/main/viewNoticeContent.html?noticeBean.id=550802,2019-04-01
新疆移动,中国移动新疆分公司2019年伊犁州企业乐播开发服务采购项目项目_比选采购_变更公告_(1),https://b2b.10086.cn/b2b/main/viewNoticeContent.html?noticeBean.id=550806,2019-04-01
贵州移动,2019年省本部IT软、硬件维保服务项目（省内公开竞争性谈判部分）_竞争性谈判采购公告,https://b2b.10086.cn/b2b/main/viewNoticeContent.html?noticeBean.id=550811,2019-04-01
山西移动,中国移动山西公司2019-2020年朔州分公司朔州市林业局林火监控系统维护的采购项目_比选公告,https://b2b.10086.cn/b2b/main/viewNoticeContent.html?noticeBean.id=550820,2019-04-01
山东移动,山东移动2019-2020年BOSS系统备份磁带介质采购项目_比选公告,https://b2b.10086.cn/b2b/main/viewNoticeContent.html?noticeBean.id=550823,2019-04-01
上海移动,中国移动上海公司2019-2020年金硕网元拨测系统维保服务_询价公告,https://b2b.10086.cn/b2b/main/viewNoticeContent.html?noticeBean.id=550838,2019-04-01
山西移动,中国移动山西公司2019年至2020年网络部网络管理中心高低压维保的采购项目_比选公告,https://b2b.10086.cn/b2b/main/viewNoticeContent.html?noticeBean.id=550844,2019-04-01
广西移动,中国移动广西公司网络与信息安全系统2018年扩容工程反诈骗管控系统采购项目（重新招标）_招标公告,https://b2b.10086.cn/b2b/main/viewNoticeContent.html?noticeBean.id=550850,2019-04-01
