采购单位,标题,链接,发标日期
互联网公司,中移互联网有限公司2018年PAAS平台建设公开比选项目-标段2_比选公告,https://b2b.10086.cn/b2b/main/viewNoticeContent.html?noticeBean.id=535389,2019-01-18
浙江移动,中国移动嘉兴分公司2019-2021年度安防系统维护服务项目_比选公告,https://b2b.10086.cn/b2b/main/viewNoticeContent.html?noticeBean.id=535400,2019-01-18
湖北移动,中国移动湖北公司2019年内容网络CDN资源引入支撑服务_比选公告,https://b2b.10086.cn/b2b/main/viewNoticeContent.html?noticeBean.id=535411,2019-01-18
新疆移动,中国移动新疆分公司2019-2020年网络管理中心VMware软件第三方现场维护服务项目_比选公告,https://b2b.10086.cn/b2b/main/viewNoticeContent.html?noticeBean.id=535413,2019-01-18
浙江移动,中国移动杭州分公司2019年舆情管理服务采购项目_比选公告,https://b2b.10086.cn/b2b/main/viewNoticeContent.html?noticeBean.id=535418,2019-01-18
新疆移动,中国移动新疆分公司中国移动新疆公司2018年自动拨测系统扩容工程系统软件采购项目_招标公告,https://b2b.10086.cn/b2b/main/viewNoticeContent.html?noticeBean.id=535437,2019-01-18
新疆移动,中国移动新疆分公司奎屯市分公司2019年集团重要客户手机售后上门服务采购项目项目_比选公告,https://b2b.10086.cn/b2b/main/viewNoticeContent.html?noticeBean.id=535463,2019-01-18
苏州研发中心,苏州研发中心2018年云计算资源池五期二阶段工程非标服务器采购_招标公告,https://b2b.10086.cn/b2b/main/viewNoticeContent.html?noticeBean.id=535481,2019-01-18
河南移动,河南移动2019年IDC系统网络安全评估项目_比选公告,https://b2b.10086.cn/b2b/main/viewNoticeContent.html?noticeBean.id=535484,2019-01-18
新疆移动,中国移动新疆分公司2019年奎屯分公司基站GPS信号智能共享优化服务项目项目_比选公告,https://b2b.10086.cn/b2b/main/viewNoticeContent.html?noticeBean.id=535497,2019-01-18
山东移动,山东移动淄博分公司张店城管监督中心市民通信息化项目相关软件采购项目_比选公告,https://b2b.10086.cn/b2b/main/viewNoticeContent.html?noticeBean.id=535502,2019-01-18
物联网公司,众包式装维平台资金分账接口采购项目_采购公告,https://b2b.10086.cn/b2b/main/viewNoticeContent.html?noticeBean.id=535506,2019-01-18
山西移动,中国移动山西公司2018年大同分公司网络部基于NB-IOT光交箱智能管理系统采购项目_比选公告,https://b2b.10086.cn/b2b/main/viewNoticeContent.html?noticeBean.id=535527,2019-01-18
物联网公司,众包式装维平台企业认证接口采购项目_采购公告,https://b2b.10086.cn/b2b/main/viewNoticeContent.html?noticeBean.id=535528,2019-01-18
广西移动,中国移动广西公司移动信息化体验中心2019年IT技术支持服务采购项目_比选公告,https://b2b.10086.cn/b2b/main/viewNoticeContent.html?noticeBean.id=535539,2019-01-18
山东移动,山东移动潍坊分公司2019年昌邑市检察院远程普法课堂系统采购项目_比选公告,https://b2b.10086.cn/b2b/main/viewNoticeContent.html?noticeBean.id=535542,2019-01-18
四川移动,中国移动四川公司网管中心2019-2020年互联网游戏加速优化支撑服务项目_比选公告,https://b2b.10086.cn/b2b/main/viewNoticeContent.html?noticeBean.id=535544,2019-01-18
福建移动,福建移动莆田分公司2018年莆田学院宽带公开询价采购项目（包4）_询价公告,https://b2b.10086.cn/b2b/main/viewNoticeContent.html?noticeBean.id=535545,2019-01-18
广西移动,中国移动广西公司区本部火灾自动报警系统采购项目_比选公告,https://b2b.10086.cn/b2b/main/viewNoticeContent.html?noticeBean.id=535555,2019-01-18
云南移动,中国移动云南公司德宏分公司2018-2019年全业务网络优化服务采购项目(第二次)_比选公告,https://b2b.10086.cn/b2b/main/viewNoticeContent.html?noticeBean.id=535557,2019-01-18
广西移动,中国移动广西公司柳州分公司2019年“甜蜜通”系统维保服务采购项目_比选公告,https://b2b.10086.cn/b2b/main/viewNoticeContent.html?noticeBean.id=535558,2019-01-18
福建移动,厦门移动2019年－2021年翔安区教育办公平台和城域网络驻点服务项目_采购公告,https://b2b.10086.cn/b2b/main/viewNoticeContent.html?noticeBean.id=535559,2019-01-18
广东移动,中国移动广东公司2019年市公司IT支撑网安全检测服务公开比选项目_比选公告,https://b2b.10086.cn/b2b/main/viewNoticeContent.html?noticeBean.id=535564,2019-01-18
新疆移动,中国移动新疆分公司石河子市分公司政企客户部2018年石河子大学“易班”APP信息化应用服务项目项目_比选公告,https://b2b.10086.cn/b2b/main/viewNoticeContent.html?noticeBean.id=535566,2019-01-18
重庆移动,2019年彭水分公司电脑终端维护服务采购项目_比选公告,https://b2b.10086.cn/b2b/main/viewNoticeContent.html?noticeBean.id=535568,2019-01-18
云南移动,中国移动云南公司德宏分公司2019年微信公众号平台广告发布采购项目_采购公告,https://b2b.10086.cn/b2b/main/viewNoticeContent.html?noticeBean.id=535569,2019-01-18
广东移动,中国移动广东公司2019-2020年档案支撑服务项目(韶关)_比选公告,https://b2b.10086.cn/b2b/main/viewNoticeContent.html?noticeBean.id=535574,2019-01-18
西藏移动,中国移动西藏公司网络部2019年西藏卫星网主站协维支撑服务采购项目_比选公告,https://b2b.10086.cn/b2b/main/viewNoticeContent.html?noticeBean.id=535579,2019-01-18
内蒙移动,中国移动通信集团内蒙古有限公司赤峰分公司（红山、敖汉、元宝山、平庄、翁旗、喀旗）2019年车辆维修维护项目_采购公告,https://b2b.10086.cn/b2b/main/viewNoticeContent.html?noticeBean.id=535585,2019-01-18
新疆移动,中国移动新疆分公司2019年飞思达自动拨测系统设备维保服务项目_比选公告,https://b2b.10086.cn/b2b/main/viewNoticeContent.html?noticeBean.id=535598,2019-01-18
新疆移动,中国移动新疆分公司政企客户部2019－2020年设计制作项目项目_比选公告,https://b2b.10086.cn/b2b/main/viewNoticeContent.html?noticeBean.id=535599,2019-01-18
上海移动,中国移动上海公司2018-2020年数据中心及动力配套等可研设计服务_招标公告,https://b2b.10086.cn/b2b/main/viewNoticeContent.html?noticeBean.id=535602,2019-01-18
政企分公司,中国移动融合企业网关信息安审平台一期工程_招标公告,https://b2b.10086.cn/b2b/main/viewNoticeContent.html?noticeBean.id=535604,2019-01-18
四川移动,中国移动四川公司天府新区分公司2019-2020年会议系统周边配套音视频设备技术支持服务项目_比选公告,https://b2b.10086.cn/b2b/main/viewNoticeContent.html?noticeBean.id=535613,2019-01-18
