采购单位,标题,链接,发标日期
江苏移动,中国移动江苏公司关于无锡分公司2020-2021年业务宣传物料的采购项目_比选公告,https://b2b.10086.cn/b2b/main/viewNoticeContent.html?noticeBean.id=617560,2019-12-04
江苏移动,中国移动江苏公司常州分公司2020-2021年业务宣传物料采购项目_比选公告,https://b2b.10086.cn/b2b/main/viewNoticeContent.html?noticeBean.id=617561,2019-12-04
江苏移动,中国移动江苏公司连云港市海州区农科所东综合业务接入区节点机房购置项目_采购变更公告(1),https://b2b.10086.cn/b2b/main/viewNoticeContent.html?noticeBean.id=617580,2019-12-04
江苏移动,中国移动江苏公司连云港分公司枢纽楼新业务体验厅配套设备及安装施工采购项目_招标公告,https://b2b.10086.cn/b2b/main/viewNoticeContent.html?noticeBean.id=617588,2019-12-04
江苏移动,中国移动江苏公司六合17-2综合业务区机房购置项目_采购公告,https://b2b.10086.cn/b2b/main/viewNoticeContent.html?noticeBean.id=617593,2019-12-04
总部,中国移动数字化时代下的服务管理研究项目_比选公告,https://b2b.10086.cn/b2b/main/viewNoticeContent.html?noticeBean.id=617599,2019-12-04
甘肃移动,中国移动甘肃公司2019年基站智能电表升级改造工程施工采购项目_竞争性谈判采购公告,https://b2b.10086.cn/b2b/main/viewNoticeContent.html?noticeBean.id=617604,2019-12-04
政企分公司,广西玉林市妇女儿童医院协同办公系统开发服务（中移全通）采购项目_比选公告,https://b2b.10086.cn/b2b/main/viewNoticeContent.html?noticeBean.id=617607,2019-12-04
江苏移动,中国移动江苏公司六合9-1综合业务区机房购置项目_采购公告,https://b2b.10086.cn/b2b/main/viewNoticeContent.html?noticeBean.id=617611,2019-12-04
内蒙移动,中国移动内蒙古包头分公司关于营业厅运营服务项目_采购公告,https://b2b.10086.cn/b2b/main/viewNoticeContent.html?noticeBean.id=617614,2019-12-04
山东移动,山东移动2019年日照分公司山东一达燃气智慧安检、呼叫中心平台系统采购项目_比选公告,https://b2b.10086.cn/b2b/main/viewNoticeContent.html?noticeBean.id=617618,2019-12-04
安徽移动,安徽移动内容分发网络五期工程内容中心调度中心系统软件采购项目_招标公告,https://b2b.10086.cn/b2b/main/viewNoticeContent.html?noticeBean.id=617619,2019-12-04
信安中心,APT集中监测分析平台工程(第二次)_招标公告,https://b2b.10086.cn/b2b/main/viewNoticeContent.html?noticeBean.id=617622,2019-12-04
浙江移动,中国移动台州分公司2020-2021年网站监测等服务项目_比选公告,https://b2b.10086.cn/b2b/main/viewNoticeContent.html?noticeBean.id=617630,2019-12-04
福建移动,2019年福建移动福州分公司仓山区城市管理局渣土车视频监控第二期公开比选项目_比选公告,https://b2b.10086.cn/b2b/main/viewNoticeContent.html?noticeBean.id=617633,2019-12-04
内蒙移动,中国移动通信集团内蒙古有限公司赤峰分公司2019年第二批家宽小区宽带资源购置项目（阿旗）_竞争性谈判采购公告,https://b2b.10086.cn/b2b/main/viewNoticeContent.html?noticeBean.id=617646,2019-12-04
内蒙移动,中国移动通信集团内蒙古有限公司赤峰分公司2019年第二批家宽小区宽带资源购置项目（克旗）_竞争性谈判采购公告,https://b2b.10086.cn/b2b/main/viewNoticeContent.html?noticeBean.id=617648,2019-12-04
政企分公司,黑龙江省大兴安岭林业集团公司移动政务协同办公系统建设项目数据库和操作系统（中移全通）采购项目_比选公告,https://b2b.10086.cn/b2b/main/viewNoticeContent.html?noticeBean.id=617653,2019-12-04
安徽移动,安徽移动集客业务综合管理支撑系统五期工程集客业务支撑应用软件采购_招标公告,https://b2b.10086.cn/b2b/main/viewNoticeContent.html?noticeBean.id=617659,2019-12-04
四川移动,中国移动四川公司攀枝花分公司2019年宽带客户满意度提升分析及技术服务采购项目_比选公告,https://b2b.10086.cn/b2b/main/viewNoticeContent.html?noticeBean.id=617661,2019-12-04
内蒙移动,中国移动通信集团内蒙古有限公司赤峰分公司2019年第二批家宽小区宽带资源购置项目（敖汉）_竞争性谈判采购公告,https://b2b.10086.cn/b2b/main/viewNoticeContent.html?noticeBean.id=617663,2019-12-04
内蒙移动,中国移动通信集团内蒙古有限公司赤峰分公司2019年第二批家宽小区宽带资源购置项目（松山）_竞争性谈判采购公告,https://b2b.10086.cn/b2b/main/viewNoticeContent.html?noticeBean.id=617664,2019-12-04
内蒙移动,中国移动通信集团内蒙古有限公司赤峰分公司2019年第二批家宽小区宽带资源购置项目（右旗）_竞争性谈判采购公告,https://b2b.10086.cn/b2b/main/viewNoticeContent.html?noticeBean.id=617665,2019-12-04
内蒙移动,中国移动通信集团内蒙古有限公司赤峰分公司2019年第二批家宽小区宽带资源购置项目（红山）_竞争性谈判采购公告,https://b2b.10086.cn/b2b/main/viewNoticeContent.html?noticeBean.id=617666,2019-12-04
重庆移动,潼南分公司2020年清欠业务代理服务项目_比选公告,https://b2b.10086.cn/b2b/main/viewNoticeContent.html?noticeBean.id=617668,2019-12-04
内蒙移动,中国移动通信集团内蒙古有限公司赤峰分公司2019年第二批家宽小区宽带资源购置项目（平庄）_竞争性谈判采购公告,https://b2b.10086.cn/b2b/main/viewNoticeContent.html?noticeBean.id=617670,2019-12-04
北京移动,中国移动北京公司网运中心2020年-2021年网管支撑系统技术支持服务项目_比选公告,https://b2b.10086.cn/b2b/main/viewNoticeContent.html?noticeBean.id=617677,2019-12-04
北京移动,中国移动北京公司 2020-2021年和粉俱乐部运营支撑服务项目 _比选公告,https://b2b.10086.cn/b2b/main/viewNoticeContent.html?noticeBean.id=617678,2019-12-04
江苏移动,中国移动江苏公司家客响应支援中心话务系统项目_比选公告,https://b2b.10086.cn/b2b/main/viewNoticeContent.html?noticeBean.id=617680,2019-12-04
苏州研发中心,苏州研发中心移动云八期一阶段工程内网威胁监测平台采购_询价公告,https://b2b.10086.cn/b2b/main/viewNoticeContent.html?noticeBean.id=617684,2019-12-04
苏州研发中心,苏州研发中心中国移动党风廉政建设和监督执纪问责信息化系统可视化BI软件采购项目_询价公告,https://b2b.10086.cn/b2b/main/viewNoticeContent.html?noticeBean.id=617685,2019-12-04
苏州研发中心,苏州研发中心移动云八期、九期一阶段网线制成品服务采购项目_询价公告,https://b2b.10086.cn/b2b/main/viewNoticeContent.html?noticeBean.id=617686,2019-12-04
苏州研发中心,苏州研发中心2019年一期、二期工程等项目环保验收服务采购项目_询价公告,https://b2b.10086.cn/b2b/main/viewNoticeContent.html?noticeBean.id=617687,2019-12-04
终端公司,中国移动终端公司2019年11月物流咨询采购项目_比选公告,https://b2b.10086.cn/b2b/main/viewNoticeContent.html?noticeBean.id=617692,2019-12-04
北京移动,中国移动北京公司2019年客户感知及服务监测研究项目_比选公告,https://b2b.10086.cn/b2b/main/viewNoticeContent.html?noticeBean.id=617698,2019-12-04
山东移动,山东移动青岛分公司2019年集客智能人形云端处理机器人服务采购项目_采购公告,https://b2b.10086.cn/b2b/main/viewNoticeContent.html?noticeBean.id=617705,2019-12-04
苏州研发中心,苏州研发中心2019年行政楼LED大屏采购项目_询价公告,https://b2b.10086.cn/b2b/main/viewNoticeContent.html?noticeBean.id=617708,2019-12-04
终端公司,中国移动通信集团终端有限公司辽宁分公司与中国石油天然气股份有限公司辽宁沈阳销售分公司2020-2021年合作销售服务支撑采购项目_比选公告,https://b2b.10086.cn/b2b/main/viewNoticeContent.html?noticeBean.id=617712,2019-12-04
辽宁移动,中国移动辽宁公司葫芦岛分公司龙港园区供暖系统改造施工采购项目_比选公告,https://b2b.10086.cn/b2b/main/viewNoticeContent.html?noticeBean.id=617723,2019-12-04
山东移动,山东移动青岛分公司澳瑞尔酒店智慧停车平台采购项目_采购公告,https://b2b.10086.cn/b2b/main/viewNoticeContent.html?noticeBean.id=617731,2019-12-04
河北移动,中国移动河北公司中国移动通信集团河北有限公司张家口分公司ICT“注册制”业务合作商招募项目项目_采购公告,https://b2b.10086.cn/b2b/main/viewNoticeContent.html?noticeBean.id=617733,2019-12-04
山东移动,山东移动青岛分公司联浚商务酒店住客系统采购项目_采购公告,https://b2b.10086.cn/b2b/main/viewNoticeContent.html?noticeBean.id=617748,2019-12-04
