采购单位,标题,链接,发标日期
江苏移动,中国移动江苏公司关于2019-2020年度信息化支撑系统维保服务（工维类软件协维服务）项目项目_比选公告,https://b2b.10086.cn/b2b/main/viewNoticeContent.html?noticeBean.id=603953,2019-10-21
设计院,2019-2021年设计院信息安全监测支撑服务项目_比选公告,https://b2b.10086.cn/b2b/main/viewNoticeContent.html?noticeBean.id=603959,2019-10-21
苏州研发中心,苏州研发中心2019年面向ICT集中化合规检查功能研发项目模块外包服务采购项目_比选公告,https://b2b.10086.cn/b2b/main/viewNoticeContent.html?noticeBean.id=603961,2019-10-21
湖南移动,2020年传输网运维支撑技术配合服务项目_比选公告,https://b2b.10086.cn/b2b/main/viewNoticeContent.html?noticeBean.id=603972,2019-10-21
信息技术公司,2019年电子渠道业务风控感知原型系统研发服务_比选公告,https://b2b.10086.cn/b2b/main/viewNoticeContent.html?noticeBean.id=603996,2019-10-21
新疆移动,塔城分公司2019年传输维护用人井井盖采购申请_询价公告,https://b2b.10086.cn/b2b/main/viewNoticeContent.html?noticeBean.id=604014,2019-10-21
江苏移动,中国移动江苏公司2019年南通分公司启东综合楼三楼数据机房消防改造项目_采购公告,https://b2b.10086.cn/b2b/main/viewNoticeContent.html?noticeBean.id=604030,2019-10-21
广东移动,中国移动广东公司2019年信息安全服务资质和信息技术服务标准（ITSS）认证支撑公开比选项目_比选公告,https://b2b.10086.cn/b2b/main/viewNoticeContent.html?noticeBean.id=604045,2019-10-21
北京移动,中国移动北京公司朝阳区电子政务平台项目设备代采ICT项目_比选采购_变更公告_(1),https://b2b.10086.cn/b2b/main/viewNoticeContent.html?noticeBean.id=604052,2019-10-21
辽宁移动,中国移动辽宁公司行政中心2019年消防控制系统及气体灭火钢瓶检测项目_比选公告,https://b2b.10086.cn/b2b/main/viewNoticeContent.html?noticeBean.id=604057,2019-10-21
