采购单位,标题,链接,发标日期
广东移动,中国移动广东公司广州公司2019年网络线条项目类工程建设中心家宽FTTH 箱体采购公开询价项目_询价公告,https://b2b.10086.cn/b2b/main/viewNoticeContent.html?noticeBean.id=590314,2019-08-26
湖南移动,中国移动湖南公司邵阳分公司市本部（含城区营销中心）及邵阳县、邵东、新邵等10个单位员工食堂食材项目1_比选公告,https://b2b.10086.cn/b2b/main/viewNoticeContent.html?noticeBean.id=590325,2019-08-26
云南移动,中国移动云南公司曲靖分公司曲靖市投资项目信息化管理平台ICT集成项目_比选公告,https://b2b.10086.cn/b2b/main/viewNoticeContent.html?noticeBean.id=590331,2019-08-26
铁通公司,中移铁通北京郊区分公司生产调度用房装修改造项目和北京智慧家庭支撑调度中心茶坞分中心装修改造施工项目_比选公告,https://b2b.10086.cn/b2b/main/viewNoticeContent.html?noticeBean.id=590334,2019-08-26
天津移动,中国移动天津公司2019年和包业务服务合作商引入项目_比选公告,https://b2b.10086.cn/b2b/main/viewNoticeContent.html?noticeBean.id=590350,2019-08-26
终端公司,2019年9月-2021年9月浙江分公司开展浙江警务移动终端的政法移动应用一体化平台接入项目_比选公告,https://b2b.10086.cn/b2b/main/viewNoticeContent.html?noticeBean.id=590351,2019-08-26
浙江移动,中国移动浙江公司2019年-2020年机伶平台业务运营支撑服务集中采购项目_比选公告,https://b2b.10086.cn/b2b/main/viewNoticeContent.html?noticeBean.id=590364,2019-08-26
政企分公司,湖南省总工会“互联网+工会”信息系统建设服务项目机房设备及集成服务（中移全通）采购项目_比选公告,https://b2b.10086.cn/b2b/main/viewNoticeContent.html?noticeBean.id=590372,2019-08-26
新疆移动,昌吉分公司2019年集团专线技术支撑服务_比选公告,https://b2b.10086.cn/b2b/main/viewNoticeContent.html?noticeBean.id=590416,2019-08-26
江苏移动,中国移动江苏公司扬州分公司2019年网吧运营服务项目项目_比选公告,https://b2b.10086.cn/b2b/main/viewNoticeContent.html?noticeBean.id=590420,2019-08-26
江苏移动,中国移动江苏公司扬州分公司云安全控制软件升级项目项目_询价公告,https://b2b.10086.cn/b2b/main/viewNoticeContent.html?noticeBean.id=590440,2019-08-26
黑龙江移动,黑龙江移动2019年哈尔滨数据中心华为通信电源设备维保采购项目_比选公告,https://b2b.10086.cn/b2b/main/viewNoticeContent.html?noticeBean.id=590445,2019-08-26
政企分公司,广西玉柴国六装配线（三工段、小批试制）设备联网与数据采集监控平台项目-硬件部分（中移全通）采购项目_比选公告,https://b2b.10086.cn/b2b/main/viewNoticeContent.html?noticeBean.id=590460,2019-08-26
铁通公司,中移铁通浙江分公司2019年度经营用车采购项目_询价公告,https://b2b.10086.cn/b2b/main/viewNoticeContent.html?noticeBean.id=590465,2019-08-26
政企分公司,2019年中移全通商机管理咨询服务采购项目_比选公告,https://b2b.10086.cn/b2b/main/viewNoticeContent.html?noticeBean.id=590471,2019-08-26
