采购单位,标题,链接,发标日期
云南移动,中国移动云南公司曲靖分公司小坡办公楼视频监控系统改造项目_竞争性谈判采购公告,https://b2b.10086.cn/b2b/main/viewNoticeContent.html?noticeBean.id=555303,2019-04-19
在线服务公司,中移在线河南分公司2019-2020年外拓产品客户交流活动支撑服务项目_比选公告,https://b2b.10086.cn/b2b/main/viewNoticeContent.html?noticeBean.id=555359,2019-04-19
广西移动,中国移动广西公司贺州分公司2019年“康城一品项目” 工地视频监控平台采购项目_采购公告,https://b2b.10086.cn/b2b/main/viewNoticeContent.html?noticeBean.id=555360,2019-04-19
广西移动,中国移动广西公司柳州分公司柳州综合业务接入机房列间空调设备（含安装）采购项目_招标公告,https://b2b.10086.cn/b2b/main/viewNoticeContent.html?noticeBean.id=555379,2019-04-19
重庆移动,2019年既有机房节能改造项目水帘新风系统采购需求_询价公告,https://b2b.10086.cn/b2b/main/viewNoticeContent.html?noticeBean.id=555394,2019-04-19
政企分公司,云南移动集客ICT集成技术支撑（水利厅OA系统驻场运维）服务（中移全通）采购项目_比选公告,https://b2b.10086.cn/b2b/main/viewNoticeContent.html?noticeBean.id=555404,2019-04-19
总部,中国移动2019年至2021年数字营销传播服务采购_比选公告,https://b2b.10086.cn/b2b/main/viewNoticeContent.html?noticeBean.id=555406,2019-04-19
广西移动,中国移动广西北海公司2019-2020年物业及秩序维护服务采购项目 _比选公告,https://b2b.10086.cn/b2b/main/viewNoticeContent.html?noticeBean.id=555407,2019-04-19
辽宁移动,中国移动辽宁公司辽阳市雪亮工程综治共享平台建设及集成项目_招标公告,https://b2b.10086.cn/b2b/main/viewNoticeContent.html?noticeBean.id=555408,2019-04-19
终端公司,云南分公司单向电表4G通信模块TXTX13-DXDC和TXTX13-NWDC公开询价项目_询价公告,https://b2b.10086.cn/b2b/main/viewNoticeContent.html?noticeBean.id=555410,2019-04-19
终端公司,中国移动终端公司2019年5月-2020年4月驻点研发支撑项目_比选公告,https://b2b.10086.cn/b2b/main/viewNoticeContent.html?noticeBean.id=555415,2019-04-19
重庆移动,网络管理中心2019年购买柴油及油料运输项目_询价公告,https://b2b.10086.cn/b2b/main/viewNoticeContent.html?noticeBean.id=555424,2019-04-19
苏州研发中心,苏州研发中心2019年节日慰问品供应商项目_比选公告,https://b2b.10086.cn/b2b/main/viewNoticeContent.html?noticeBean.id=555430,2019-04-19
福建移动,漳州市城管执法系统政务内网建设项目_比选公告,https://b2b.10086.cn/b2b/main/viewNoticeContent.html?noticeBean.id=555437,2019-04-19
云南移动,中国移动云南公司昆明分公司2015-2018年“业务招待费”发票信息统计服务项目_竞争性谈判采购公告,https://b2b.10086.cn/b2b/main/viewNoticeContent.html?noticeBean.id=555441,2019-04-19
西藏移动,中国移动西藏公司昌都市12345政务一号通移动平台项目（代购代建）_比选公告,https://b2b.10086.cn/b2b/main/viewNoticeContent.html?noticeBean.id=555444,2019-04-19
江苏移动,中国移动江苏公司常州分公司云资源池系统等级保护测评采购项目_比选公告,https://b2b.10086.cn/b2b/main/viewNoticeContent.html?noticeBean.id=555457,2019-04-19
在线服务公司,中移在线经营管理一体化研发项目(包3)_招标公告,https://b2b.10086.cn/b2b/main/viewNoticeContent.html?noticeBean.id=555475,2019-04-19
在线服务公司,中移在线智慧营业厅人脸识别精准推荐平台研发项目_招标公告,https://b2b.10086.cn/b2b/main/viewNoticeContent.html?noticeBean.id=555476,2019-04-19
