采购单位,标题,链接,发标日期
物联网公司,ISO20000和ISO27001管理体系认证项目_询价公告,https://b2b.10086.cn/b2b/main/viewNoticeContent.html?noticeBean.id=614024,2019-11-25
江苏移动,中国移动江苏公司IT支撑网基础资源池6.2期数据库X86化一阶段改造工程并行存储项目项目_招标公告,https://b2b.10086.cn/b2b/main/viewNoticeContent.html?noticeBean.id=614049,2019-11-25
政企分公司,福建省泉州市中级人民法院2019内外网数据交换平台建设货物类（中移全通）采购项目_比选公告,https://b2b.10086.cn/b2b/main/viewNoticeContent.html?noticeBean.id=614066,2019-11-25
湖南移动,湖南邵阳市烟草公司“一卡通”人脸识别系统ICT服务项目_比选公告,https://b2b.10086.cn/b2b/main/viewNoticeContent.html?noticeBean.id=614071,2019-11-25
安徽移动,亳州分公司市场经营部5G演示终端采购项目_采购公告,https://b2b.10086.cn/b2b/main/viewNoticeContent.html?noticeBean.id=614075,2019-11-25
江苏移动,中国移动江苏公司关于2019年无锡公司家客呼叫中心系统的采购项目_询价公告,https://b2b.10086.cn/b2b/main/viewNoticeContent.html?noticeBean.id=614080,2019-11-25
江苏移动,中国移动江苏公司IT支撑网基础资源池6.2期数据库X86化一阶段改造工程并行存储项目项目_招标采购_变更公告_(1),https://b2b.10086.cn/b2b/main/viewNoticeContent.html?noticeBean.id=614084,2019-11-25
铁通公司,中移铁通有限公司安徽分公司合肥新站高新技术产业开发区建设发展局河长制ICT项目（1）_询价公告,https://b2b.10086.cn/b2b/main/viewNoticeContent.html?noticeBean.id=614093,2019-11-25
DXY,移动学院2019年综合日常维护用品采购项目_采购变更公告,https://b2b.10086.cn/b2b/main/viewNoticeContent.html?noticeBean.id=614103,2019-11-25
内蒙移动,中国移动（呼和浩特）数据中心2020-2021年度餐厅宿舍托管服务项目_招标公告,https://b2b.10086.cn/b2b/main/viewNoticeContent.html?noticeBean.id=614113,2019-11-25
云南移动,中国移动云南公司昭通分公司2019年“暖心工程”会议系统及音频项目_采购变更公告(1),https://b2b.10086.cn/b2b/main/viewNoticeContent.html?noticeBean.id=614118,2019-11-25
总部,中国移动2019-2021年实体渠道运营监测项目_比选公告,https://b2b.10086.cn/b2b/main/viewNoticeContent.html?noticeBean.id=614121,2019-11-25
陕西移动,陕西渭南市白水县云台乡白石头河村等37个小区宽带网元租赁项目_比选公告,https://b2b.10086.cn/b2b/main/viewNoticeContent.html?noticeBean.id=614126,2019-11-25
北京移动,中国移动北京公司2019年房山分公司集团客户服务活动项目_比选公告,https://b2b.10086.cn/b2b/main/viewNoticeContent.html?noticeBean.id=614127,2019-11-25
陕西移动,陕西渭南市华县莲花寺镇少华村等25个小区宽带网元租赁项目_比选公告,https://b2b.10086.cn/b2b/main/viewNoticeContent.html?noticeBean.id=614143,2019-11-25
广东移动,中国移动广东公司2020年信令监测系统采集子层技术服务公开比选项目_比选公告,https://b2b.10086.cn/b2b/main/viewNoticeContent.html?noticeBean.id=614153,2019-11-25
江苏移动,中国移动江苏公司浦口6-2-CRAN1或6-1-CRAN1业务区机房购置项目_采购变更公告(1),https://b2b.10086.cn/b2b/main/viewNoticeContent.html?noticeBean.id=614155,2019-11-25
北京移动,中国移动北京公司网运中心2020年1月—2020年12月电信业务云资源池及周边系统技术支持服务项目_比选公告,https://b2b.10086.cn/b2b/main/viewNoticeContent.html?noticeBean.id=614162,2019-11-25
江苏移动,中国移动江苏公司西18-1综合业务区机房购置项目_采购变更公告(1),https://b2b.10086.cn/b2b/main/viewNoticeContent.html?noticeBean.id=614174,2019-11-25
辽宁移动,中国移动辽宁公司2019年大连数据中心一期工程机电一期项目_招标公告,https://b2b.10086.cn/b2b/main/viewNoticeContent.html?noticeBean.id=614179,2019-11-25
宁夏移动,中国移动宁夏公司2020年全区核心机房空调维护备件及耗材采购项目_比选公告,https://b2b.10086.cn/b2b/main/viewNoticeContent.html?noticeBean.id=614190,2019-11-25
成都研究院,中移（成都）信息通信科技有限公司2019年研发软件使用服务项目_比选公告,https://b2b.10086.cn/b2b/main/viewNoticeContent.html?noticeBean.id=614222,2019-11-25
广西移动,2019-2020年集客市场流动式上门服务营销网点筹办项目_询价公告,https://b2b.10086.cn/b2b/main/viewNoticeContent.html?noticeBean.id=614224,2019-11-25
江西移动,江西移动2019年江西移动2019年电商中台软件定制开发服务采购项目_比选公告,https://b2b.10086.cn/b2b/main/viewNoticeContent.html?noticeBean.id=614226,2019-11-25
