采购单位,标题,链接,发标日期
甘肃移动,中国移动甘肃公司嘉峪关分公司2019年祁牧乳业视频监控安防系统二期采购项目_竞争性谈判采购公告,https://b2b.10086.cn/b2b/main/viewNoticeContent.html?noticeBean.id=568064,2019-06-06
山西移动,中国移动山西公司2019-2020年省公司市场经营部省级电视广告采购项目_比选公告,https://b2b.10086.cn/b2b/main/viewNoticeContent.html?noticeBean.id=568074,2019-06-06
设计院,设计院产品技术管理体系建设管理咨询项目_比选公告,https://b2b.10086.cn/b2b/main/viewNoticeContent.html?noticeBean.id=568076,2019-06-06
江苏移动,中国移动江苏公司关于2019年淮安公司金湖、洪泽业务宣传物料采购方案的请示项目_比选公告,https://b2b.10086.cn/b2b/main/viewNoticeContent.html?noticeBean.id=568100,2019-06-06
安徽移动,六安移动2019年开发区生产楼消防设施维修服务（小额）_采购公告,https://b2b.10086.cn/b2b/main/viewNoticeContent.html?noticeBean.id=568122,2019-06-06
陕西移动,西安分公司物联网业务技术支撑服务项目_比选公告,https://b2b.10086.cn/b2b/main/viewNoticeContent.html?noticeBean.id=568132,2019-06-06
陕西移动,2019年度存量客户产品分类保有项目_比选公告,https://b2b.10086.cn/b2b/main/viewNoticeContent.html?noticeBean.id=568134,2019-06-06
终端公司,中国移动终端公司自有品牌智能电视T1C、T2产品制造服务项目_比选公告,https://b2b.10086.cn/b2b/main/viewNoticeContent.html?noticeBean.id=568137,2019-06-06
安徽移动,2019年芜湖移动政企市场终端供货招商代发公告_采购公告,https://b2b.10086.cn/b2b/main/viewNoticeContent.html?noticeBean.id=568145,2019-06-06
湖南移动,湖南移动管信安全及班组系统维护项目_比选公告,https://b2b.10086.cn/b2b/main/viewNoticeContent.html?noticeBean.id=568147,2019-06-06
