采购单位,标题,链接,发标日期
安徽移动,安徽移动2018年省政府脱贫攻坚大数据平台容灾备份采购项目_询价公告,https://b2b.10086.cn/b2b/main/viewNoticeContent.html?noticeBean.id=532182,2019-01-08
江苏移动,中国移动江苏公司行商平台过程分析管理软件采购项目_比选公告,https://b2b.10086.cn/b2b/main/viewNoticeContent.html?noticeBean.id=532193,2019-01-08
安徽移动,2019年淮北移动官方微信微博运营服务采购项目_（第二轮采购公告）,https://b2b.10086.cn/b2b/main/viewNoticeContent.html?noticeBean.id=532201,2019-01-07
信息技术公司,中移信息技术有限公司2018年集中化ERP资金管理子系统大额资金监控项目OFD转版软件采购 _比选公告,https://b2b.10086.cn/b2b/main/viewNoticeContent.html?noticeBean.id=532212,2019-01-08
福建移动,2019年福州分公司基于NB-IoT的室分无源器件监控系统设备项目_询价公告,https://b2b.10086.cn/b2b/main/viewNoticeContent.html?noticeBean.id=532217,2019-01-08
湖北移动,中国移动湖北公司宜昌分公司开发区宜化山语城机房购置项目_第二次公告,https://b2b.10086.cn/b2b/main/viewNoticeContent.html?noticeBean.id=532218,2019-01-08
物联网公司,物联网连接管理IT资源池二期建设MPO软跳纤采购项目_询价公告,https://b2b.10086.cn/b2b/main/viewNoticeContent.html?noticeBean.id=532228,2019-01-08
政企分公司,湖南省“互联网＋监督”平台升级项目（中移全通）采购项目_比选公告,https://b2b.10086.cn/b2b/main/viewNoticeContent.html?noticeBean.id=532231,2019-01-08
山东移动,山东移动2018年公司私有云资源池扩容工程网络管理系统采购项目_比选公告,https://b2b.10086.cn/b2b/main/viewNoticeContent.html?noticeBean.id=532241,2019-01-08
政企分公司,湖北省孝感国土局综合信息化（ICT）项目（中移全通）采购项目_比选公告,https://b2b.10086.cn/b2b/main/viewNoticeContent.html?noticeBean.id=532242,2019-01-08
广西移动,中国移动广西公司2018-2019年综合业务接入工程光缆交接箱原址扩容改造框架采购项目_招标公告,https://b2b.10086.cn/b2b/main/viewNoticeContent.html?noticeBean.id=532250,2019-01-08
互联网公司,中移互联网有限公司2018年统一认证国产密码应用试点测评公开询价项目_询价公告,https://b2b.10086.cn/b2b/main/viewNoticeContent.html?noticeBean.id=532260,2019-01-08
湖北移动,中国移动湖北公司机房专用恒湿机以及基站空调新型制冷剂应用改造项目标包2（第二次）_招标公告,https://b2b.10086.cn/b2b/main/viewNoticeContent.html?noticeBean.id=532265,2019-01-08
互联网公司,中移互联网有限公司2019年NB智能温湿度计公开比选项目_比选公告,https://b2b.10086.cn/b2b/main/viewNoticeContent.html?noticeBean.id=532277,2019-01-08
陕西移动,南郑里仁村等4处宽带网元租赁项目_比选公告,https://b2b.10086.cn/b2b/main/viewNoticeContent.html?noticeBean.id=532278,2019-01-08
铁通公司,中移铁通有限公司云南分公司2019年度市场销售服务劳务分包采购项目_比选公告,https://b2b.10086.cn/b2b/main/viewNoticeContent.html?noticeBean.id=532281,2019-01-08
政企分公司,宁夏回族自治区残疾人联合会电子化办公系统建设（中移全通）项目_比选公告,https://b2b.10086.cn/b2b/main/viewNoticeContent.html?noticeBean.id=532285,2019-01-08
广东移动,中国移动广东公司2019-2020年档案整理支撑服务公开比选项目（广州）_比选公告,https://b2b.10086.cn/b2b/main/viewNoticeContent.html?noticeBean.id=532286,2019-01-08
苏州研发中心,苏州研发中心2019年苏高新政务示范云二期项目-防火墙采购_询价公告,https://b2b.10086.cn/b2b/main/viewNoticeContent.html?noticeBean.id=532287,2019-01-08
苏州研发中心,苏州研发中心兼容性实验室二期非标服务器采购_询价公告,https://b2b.10086.cn/b2b/main/viewNoticeContent.html?noticeBean.id=532294,2019-01-08
江苏移动,中国移动江苏公司南京数据中心二期供能项目项目_比选公告,https://b2b.10086.cn/b2b/main/viewNoticeContent.html?noticeBean.id=532298,2019-01-08
四川移动,中国移动四川公司2018年微信微博驻地技术支撑服务项目（标包1）_比选公告,https://b2b.10086.cn/b2b/main/viewNoticeContent.html?noticeBean.id=532317,2019-01-08
广东移动,中国移动广东公司MDCN干线十三期扩容工程业务性能监控及分析设备公开招标项目_招标公告,https://b2b.10086.cn/b2b/main/viewNoticeContent.html?noticeBean.id=532318,2019-01-07
政企分公司,嘉定区公共安全视频监控建设联网应用项目华亭镇前端新建及复接点位集成及运维服务（中移全通）采购项目_比选公告,https://b2b.10086.cn/b2b/main/viewNoticeContent.html?noticeBean.id=532323,2019-01-08
西藏移动,中国移动西藏公司拉萨分公司2019年春季家庭宽带宣传物料制作项目采购申请_比选公告,https://b2b.10086.cn/b2b/main/viewNoticeContent.html?noticeBean.id=532324,2019-01-08
江苏移动,中国移动江苏公司汾湖数据中心投资类设备采购项目项目_询价公告,https://b2b.10086.cn/b2b/main/viewNoticeContent.html?noticeBean.id=532328,2019-01-08
新疆移动,中国移动新疆分公司中国移动新疆公司2019-2020风力发电系统采购项目项目_招标公告,https://b2b.10086.cn/b2b/main/viewNoticeContent.html?noticeBean.id=532346,2019-01-08
咪咕公司,咪咕公司人力资源体系优化研究及落地项目_比选公告,https://b2b.10086.cn/b2b/main/viewNoticeContent.html?noticeBean.id=532356,2019-01-08
山东移动,山东移动泰安分公司2018年泰安市公安局本地化公车管理软件采购项目_比选公告,https://b2b.10086.cn/b2b/main/viewNoticeContent.html?noticeBean.id=532357,2019-01-08
物联网公司,智慧管网监控云平台服务项目_比选公告,https://b2b.10086.cn/b2b/main/viewNoticeContent.html?noticeBean.id=532372,2019-01-08
新疆移动,中国移动新疆分公司中国移动新疆公司2019年-2020年太阳能发电系统采购项目项目_招标公告,https://b2b.10086.cn/b2b/main/viewNoticeContent.html?noticeBean.id=532373,2019-01-08
