采购单位,标题,链接,发标日期
江苏移动,中国移动江苏公司2019-2020年南京公司5G医疗及政务业务宣传展示活动项目项目_比选公告,https://b2b.10086.cn/b2b/main/viewNoticeContent.html?noticeBean.id=618507,2019-12-06
辽宁移动,中国移动辽宁公司利用MDT数据实现用户轨迹分析应用软件采购项目_比选公告,https://b2b.10086.cn/b2b/main/viewNoticeContent.html?noticeBean.id=618545,2019-12-06
河南移动,中国移动通信集团河南有限公司新乡分公司新乡市平原示范区扬尘防治监控系统合作伙伴引入项目_采购公告,https://b2b.10086.cn/b2b/main/viewNoticeContent.html?noticeBean.id=618560,2019-12-06
铁通公司,中移铁通宁夏分公司2020年计费系统硬件维护服务项目_采购公告,https://b2b.10086.cn/b2b/main/viewNoticeContent.html?noticeBean.id=618567,2019-12-06
浙江移动,中国移动浙江公司2020-2021年信息通信产业园110kV变电站维护服务采购项目（浙东产业园）_比选公告,https://b2b.10086.cn/b2b/main/viewNoticeContent.html?noticeBean.id=618595,2019-12-06
安徽移动,亳州移动会议系统采购选型_询价公告,https://b2b.10086.cn/b2b/main/viewNoticeContent.html?noticeBean.id=618597,2019-12-06
在线服务公司,在线服务公司内蒙古分公司2020年-2021年消防设备维护维修项目_比选公告,https://b2b.10086.cn/b2b/main/viewNoticeContent.html?noticeBean.id=618612,2019-12-06
江苏移动,中国移动江苏公司扬州移动公司苏中楼二楼网管中心多联机及新风系统采购及安装项目项目_比选公告,https://b2b.10086.cn/b2b/main/viewNoticeContent.html?noticeBean.id=618614,2019-12-06
陕西移动,陕西移动2019年西安智能井盖电子锁采购项目_比选公告,https://b2b.10086.cn/b2b/main/viewNoticeContent.html?noticeBean.id=618635,2019-12-06
河南移动,周口分公司客户经理服务效能提升项目_采购公告,https://b2b.10086.cn/b2b/main/viewNoticeContent.html?noticeBean.id=618645,2019-12-06
互联网公司,中移互联网有限公司2019-2020年全网测评中心运营支撑公开比选项目_比选公告,https://b2b.10086.cn/b2b/main/viewNoticeContent.html?noticeBean.id=618651,2019-12-06
研究院,研究院2019-2022三年期档案服务支撑项目_比选公告,https://b2b.10086.cn/b2b/main/viewNoticeContent.html?noticeBean.id=618653,2019-12-06
河南移动,周口分公司业务办理效能提升项目_采购公告,https://b2b.10086.cn/b2b/main/viewNoticeContent.html?noticeBean.id=618656,2019-12-06
福建移动,2020年泉州移动微信技术支撑服务项目公开比选_比选公告,https://b2b.10086.cn/b2b/main/viewNoticeContent.html?noticeBean.id=618667,2019-12-06
江苏移动,中国移动江苏公司徐州公司购置干线维护用超低损耗光缆项目_询价公告,https://b2b.10086.cn/b2b/main/viewNoticeContent.html?noticeBean.id=618688,2019-12-06
重庆移动,2019年网络安全攻防实验室支撑服务_比选公告,https://b2b.10086.cn/b2b/main/viewNoticeContent.html?noticeBean.id=618692,2019-12-06
上海研究院,中移（上海）产业研究院2019年实验室一期建设工程一楼展厅展项硬件_比选公告,https://b2b.10086.cn/b2b/main/viewNoticeContent.html?noticeBean.id=618694,2019-12-06
西藏移动,中国移动西藏公司拉萨分公司2020年监控设备及LED显示屏维护项目_比选公告,https://b2b.10086.cn/b2b/main/viewNoticeContent.html?noticeBean.id=618699,2019-12-06
北京移动,中国移动北京公司B1927832 信息系统部安全平台（4A）2019年扩容硬件项目_比选公告,https://b2b.10086.cn/b2b/main/viewNoticeContent.html?noticeBean.id=618707,2019-12-06
浙江移动,中国移动浙江公司2019-2020年度台州、温州分公司政企信息化支撑服务项目_比选公告,https://b2b.10086.cn/b2b/main/viewNoticeContent.html?noticeBean.id=618714,2019-12-06
青海移动,2019年交付运维中心故障受理热线平台采购项目_比选公告,https://b2b.10086.cn/b2b/main/viewNoticeContent.html?noticeBean.id=618716,2019-12-06
浙江移动,中国移动浙江公司2020-2021年度全省重要集团客户产品推广会务支持服务项目（第二次）_比选公告,https://b2b.10086.cn/b2b/main/viewNoticeContent.html?noticeBean.id=618731,2019-12-06
政企分公司,黑龙江省鹤岗市政务服务一体化平台开发服务（中移全通）采购项目_比选公告,https://b2b.10086.cn/b2b/main/viewNoticeContent.html?noticeBean.id=618736,2019-12-06
政企分公司,重庆市綦江烯宇园区信息化建设（中移全通）采购项目_比选公告,https://b2b.10086.cn/b2b/main/viewNoticeContent.html?noticeBean.id=618737,2019-12-06
安徽移动,芜湖移动2019年南陵县籍山镇新联排涝站视频监控系统集成小额采购_采购公告,https://b2b.10086.cn/b2b/main/viewNoticeContent.html?noticeBean.id=618761,2019-12-06
江西移动,江西移动2019年第四批厅店业务外包合作商引入项目_比选公告,https://b2b.10086.cn/b2b/main/viewNoticeContent.html?noticeBean.id=618762,2019-12-06
辽宁移动,中国移动辽宁公司大连分公司2019年智能时控开关采购采购项目_采购公告,https://b2b.10086.cn/b2b/main/viewNoticeContent.html?noticeBean.id=618773,2019-12-06
辽宁移动,中国移动辽宁公司关于购置5G设备网元信息采集应用系统的立项申请_采购公告,https://b2b.10086.cn/b2b/main/viewNoticeContent.html?noticeBean.id=618774,2019-12-06
成都研究院,中移（成都）信息通信科技有限公司2020-2022年战略规划支撑服务项目_比选公告,https://b2b.10086.cn/b2b/main/viewNoticeContent.html?noticeBean.id=618777,2019-12-06
