采购单位,标题,链接,发标日期
设计院,2019年传统业务非核心能力技术配合服务非年度采购项目（第二批）_比选公告,https://b2b.10086.cn/b2b/main/viewNoticeContent.html?noticeBean.id=582710,2019-07-29
山东移动,山东移动滨州分公司邹平三星物联网云平台项目（内部采购）_采购公告,https://b2b.10086.cn/b2b/main/viewNoticeContent.html?noticeBean.id=582715,2019-07-29
陕西移动,2019年家庭宽带三方网元租赁项目_比选公告,https://b2b.10086.cn/b2b/main/viewNoticeContent.html?noticeBean.id=582719,2019-07-29
江西移动,江西移动2019年业务支撑基础平台扩容工程Boss VPN系统采购项目_比选公告,https://b2b.10086.cn/b2b/main/viewNoticeContent.html?noticeBean.id=582749,2019-07-29
终端公司,宜宾营销中心办公用房租赁项目_采购公告,https://b2b.10086.cn/b2b/main/viewNoticeContent.html?noticeBean.id=582774,2019-07-29
铁通公司,中移铁通ITSS云计算能力符合性证书咨询申办服务_询价公告,https://b2b.10086.cn/b2b/main/viewNoticeContent.html?noticeBean.id=582779,2019-07-29
安徽移动,铜陵移动公司开发区综合楼二楼部分办公区装修工程消防喷淋改造选型_采购公告,https://b2b.10086.cn/b2b/main/viewNoticeContent.html?noticeBean.id=582796,2019-07-29
政企分公司,福建省永春县城市管理局泉州市永春县卫星影像“两违”核查（中移全通）采购项目_比选公告,https://b2b.10086.cn/b2b/main/viewNoticeContent.html?noticeBean.id=582830,2019-07-29
杭州研发中心,中移（杭州）信息技术有限公司业务质量管理系统及定制化开发服务采购项目_比选公告,https://b2b.10086.cn/b2b/main/viewNoticeContent.html?noticeBean.id=582868,2019-07-29
黑龙江移动,黑龙江移动2019年私有云网络接入及会议系统代维服务项目_比选公告,https://b2b.10086.cn/b2b/main/viewNoticeContent.html?noticeBean.id=582892,2019-07-29
