采购单位,标题,链接,发标日期
内蒙移动,中国移动通信集团内蒙古有限公司赤峰分公司（翁旗）2019年车辆维修维护项目_采购公告,https://b2b.10086.cn/b2b/main/viewNoticeContent.html?noticeBean.id=542645,2019-02-26
江西移动,宜春市宜春中心城区数字城管硬件运维项目_比选公告,https://b2b.10086.cn/b2b/main/viewNoticeContent.html?noticeBean.id=542647,2019-02-26
黑龙江移动,黑龙江移动2019年哈尔滨数据中心灭火器维修项目_询价公告,https://b2b.10086.cn/b2b/main/viewNoticeContent.html?noticeBean.id=542669,2019-02-26
福建移动,2019年云化运维运营支撑工具（二次）_比选公告,https://b2b.10086.cn/b2b/main/viewNoticeContent.html?noticeBean.id=542671,2019-02-26
重庆移动,2019年分公司市场物资暂存点盘点及RDC库盘点支持服务_比选公告,https://b2b.10086.cn/b2b/main/viewNoticeContent.html?noticeBean.id=542674,2019-02-26
重庆移动,2019年石柱分公司清欠业务合作项目_比选公告,https://b2b.10086.cn/b2b/main/viewNoticeContent.html?noticeBean.id=542677,2019-02-26
江苏移动,中国移动江苏公司2019-2020年泰州分公司生产经营用车租赁服务采购项目_比选公告,https://b2b.10086.cn/b2b/main/viewNoticeContent.html?noticeBean.id=542681,2019-02-26
内蒙移动,中国移动通信集团内蒙古有限公司鄂尔多斯分公司2019年客户满意度提升项目_比选公告,https://b2b.10086.cn/b2b/main/viewNoticeContent.html?noticeBean.id=542682,2019-02-26
吉林移动,中国移动吉林公司2019年通化市分公司市场营销落地执行公开比选采购项目_比选公告,https://b2b.10086.cn/b2b/main/viewNoticeContent.html?noticeBean.id=542688,2019-02-26
政企分公司,湖南省长沙市公安局内部视频图像信息资源联网平台运维服务（中移全通）采购项目_比选公告,https://b2b.10086.cn/b2b/main/viewNoticeContent.html?noticeBean.id=542691,2019-02-26
安徽移动,池州移动2019-2021年全市过境短信服务平台新增开发和在用维保服务的采购项目_询价公告,https://b2b.10086.cn/b2b/main/viewNoticeContent.html?noticeBean.id=542694,2019-02-26
新疆移动,中国移动新疆分公司2018年伊犁职业技术学院教学诊改系统建设采购项目_比选公告,https://b2b.10086.cn/b2b/main/viewNoticeContent.html?noticeBean.id=542697,2019-02-26
吉林移动,中国移动吉林公司四平分公司2019年梨树运维备品备件存放场地租赁公开竞争性谈判项目二次公告,https://b2b.10086.cn/b2b/main/viewNoticeContent.html?noticeBean.id=542709,2019-02-26
内蒙移动,中国移动内蒙古公司2019年宽带电视爱奇艺内容引入采购项目_询价公告,https://b2b.10086.cn/b2b/main/viewNoticeContent.html?noticeBean.id=542717,2019-02-26
内蒙移动,中国移动内蒙古公司数据中心配合集团2018年国际及政企专网一阶段工程核心机房配套项目设计采购项目_比选公告,https://b2b.10086.cn/b2b/main/viewNoticeContent.html?noticeBean.id=542721,2019-02-26
上海移动,中国移动上海公司2019-2021年清结算平台维保_询价公告,https://b2b.10086.cn/b2b/main/viewNoticeContent.html?noticeBean.id=542723,2019-02-26
上海移动,中国移动上海公司2018年省级数字家庭管理平台DHCP子系统扩容工程DHCP_招标公告,https://b2b.10086.cn/b2b/main/viewNoticeContent.html?noticeBean.id=542726,2019-02-26
陕西移动,2019年春季市场现场营销支撑项目_比选公告,https://b2b.10086.cn/b2b/main/viewNoticeContent.html?noticeBean.id=542730,2019-02-26
内蒙移动,中国移动通信集团内蒙古有限公司鄂尔多斯分公司2019年现场落地活动支撑项目_招标公告,https://b2b.10086.cn/b2b/main/viewNoticeContent.html?noticeBean.id=542735,2019-02-26
江苏移动,中国移动江苏公司2019年数据中心一期小机电配套三阶段3号机房楼接地铜箔采购项目项目_询价公告,https://b2b.10086.cn/b2b/main/viewNoticeContent.html?noticeBean.id=542740,2019-02-26
西藏移动,中国移动西藏公司2019年1月31日至6月30日全区驾驶员业务外包项目_比选公告,https://b2b.10086.cn/b2b/main/viewNoticeContent.html?noticeBean.id=542761,2019-02-26
云南移动,中国移动云南公司临沧分公司2019-2021年本地电视节目系统维保服务项目_竞争性谈判采购_变更公告_(1),https://b2b.10086.cn/b2b/main/viewNoticeContent.html?noticeBean.id=542766,2019-02-26
四川移动,中国移动四川公司绵阳分公司2019年—2021年电梯维护保养项目_比选公告,https://b2b.10086.cn/b2b/main/viewNoticeContent.html?noticeBean.id=542771,2019-02-26
陕西移动,陕西移动2019年引入家庭类、政企类多形态终端产品统一供货平台项目_比选公告,https://b2b.10086.cn/b2b/main/viewNoticeContent.html?noticeBean.id=542772,2019-02-26
终端公司,内蒙古分公司引入“移动合伙人项目”支撑服务商项目_比选公告,https://b2b.10086.cn/b2b/main/viewNoticeContent.html?noticeBean.id=542776,2019-02-26
甘肃移动,中国移动甘肃公司酒泉分公司2018年酒泉肃州区机关事务管理局政企车辆监督管理调度平台项目_比选公告,https://b2b.10086.cn/b2b/main/viewNoticeContent.html?noticeBean.id=542777,2019-02-26
