采购单位,标题,链接,发标日期
山东移动,山东移动2019年码号数据服务采购项目_比选公告,https://b2b.10086.cn/b2b/main/viewNoticeContent.html?noticeBean.id=562049,2019-05-15
内蒙移动,2019年巴彦淖尔分公司五原瑞京小区、新公中镇（光联村五社、光胜村五社、先锋村五社、先锋村七社）宽带三方合作项目_二次公告,https://b2b.10086.cn/b2b/main/viewNoticeContent.html?noticeBean.id=562050,2019-05-15
北京移动,中国移动北京公司怀柔分公司2019年集团客户成员维系活动采购_比选公告,https://b2b.10086.cn/b2b/main/viewNoticeContent.html?noticeBean.id=562057,2019-05-15
浙江移动,中国铁塔股份有限公司杭州市分公司2019年杭州地铁六号线一期民用通信系统施工项目_采购公告,https://b2b.10086.cn/b2b/main/viewNoticeContent.html?noticeBean.id=562060,2019-05-15
内蒙移动,2019年巴彦淖尔分公司五原隆兴昌镇和丰村一社等5个村社宽带三方合作项目_采购变更公告(1),https://b2b.10086.cn/b2b/main/viewNoticeContent.html?noticeBean.id=562061,2019-05-15
福建移动,宁德移动2019-2020年企业号运营合作单位引入采购项目_比选公告,https://b2b.10086.cn/b2b/main/viewNoticeContent.html?noticeBean.id=562076,2019-05-15
在线服务公司,中移在线宁夏分公司2019-2020年外拓产品客户交流活动支撑服务项目_比选公告,https://b2b.10086.cn/b2b/main/viewNoticeContent.html?noticeBean.id=562084,2019-05-15
内蒙移动,中国移动内蒙古公司呼和浩特分公司2019年工程建设部农村家庭宽带租赁项目（第二批）-标段1_招标公告,https://b2b.10086.cn/b2b/main/viewNoticeContent.html?noticeBean.id=562099,2019-05-15
广西移动,中国移动广西公司防城港福满地停车场车牌识别管理系统采购项目_询价公告,https://b2b.10086.cn/b2b/main/viewNoticeContent.html?noticeBean.id=562102,2019-05-15
内蒙移动,中国移动内蒙古公司2019年网络运维与IT支撑技能竞赛第三方考务服务项目_比选公告,https://b2b.10086.cn/b2b/main/viewNoticeContent.html?noticeBean.id=562117,2019-05-15
重庆移动,2019年垫江分公司网络维护（数据网整改）_比选公告,https://b2b.10086.cn/b2b/main/viewNoticeContent.html?noticeBean.id=562141,2019-05-15
设计院,中国移动通信集团设计院有限公司2019-2021年黑龙江分院IT办公设备维保服务采购项目_比选公告,https://b2b.10086.cn/b2b/main/viewNoticeContent.html?noticeBean.id=562148,2019-05-15
江苏移动,中国移动江苏公司2019-2021年度全省基建类工程造价咨询服务项目项目_比选公告,https://b2b.10086.cn/b2b/main/viewNoticeContent.html?noticeBean.id=562151,2019-05-15
浙江移动,中国移动绍兴分公司2019-2021年度电视电话会议系统维保服务采购项目_比选公告,https://b2b.10086.cn/b2b/main/viewNoticeContent.html?noticeBean.id=562156,2019-05-15
上海移动,中国移动上海公司2019-2020年PTN流量系统维保服务_比选公告,https://b2b.10086.cn/b2b/main/viewNoticeContent.html?noticeBean.id=562158,2019-05-15
政企分公司,山东省济宁新中德置业大厦广场物业管理系统（中移全通）采购项目_比选公告,https://b2b.10086.cn/b2b/main/viewNoticeContent.html?noticeBean.id=562167,2019-05-15
