采购单位,标题,链接,发标日期
江苏移动,中国移动江苏公司中国移动（江苏苏州）数据中心二期工程临时围墙施工单位请购项目_比选公告,https://b2b.10086.cn/b2b/main/viewNoticeContent.html?noticeBean.id=551365,2019-04-03
云南移动,中国移动云南公司曲靖分公司视频会议系统终端采购项目_竞争性谈判采购公告,https://b2b.10086.cn/b2b/main/viewNoticeContent.html?noticeBean.id=551393,2019-04-03
信息港中心,中国移动信息港中心2019-2021年信息港园区运营物资采购_比选公告,https://b2b.10086.cn/b2b/main/viewNoticeContent.html?noticeBean.id=551402,2019-04-03
广西移动,中国移动集团广西梧州分公司采购集团客户体验终端项目_询价公告,https://b2b.10086.cn/b2b/main/viewNoticeContent.html?noticeBean.id=551405,2019-04-03
重庆移动,统一资源池IT域五期项目VPN设备采购_比选公告,https://b2b.10086.cn/b2b/main/viewNoticeContent.html?noticeBean.id=551413,2019-04-03
陕西移动,渭南分公司生产指挥中心大楼厨房排烟系统采购项目_比选公告,https://b2b.10086.cn/b2b/main/viewNoticeContent.html?noticeBean.id=551427,2019-04-03
在线服务公司,中移在线广东分公司2019-2020年电子商务云平台功能优化和维护项目_比选公告,https://b2b.10086.cn/b2b/main/viewNoticeContent.html?noticeBean.id=551431,2019-04-03
咪咕公司,咪咕公司2019年行业和运营对标数据项目_比选公告,https://b2b.10086.cn/b2b/main/viewNoticeContent.html?noticeBean.id=551439,2019-04-03
四川移动,中国移动四川公司2019年WebTrends插码集团数据采集分析技术支持服务项目_比选公告,https://b2b.10086.cn/b2b/main/viewNoticeContent.html?noticeBean.id=551448,2019-04-03
山东移动,山东移动2019年枣庄分公司安全生产综合监管信息平台采购项目_比选公告,https://b2b.10086.cn/b2b/main/viewNoticeContent.html?noticeBean.id=551453,2019-04-03
物联网公司,城市基层党建管理服务平台项目_采购公告,https://b2b.10086.cn/b2b/main/viewNoticeContent.html?noticeBean.id=551474,2019-04-03
广西移动,中国移动广西公司桂林分公司中北生产楼和东江生产楼安装一体化自动喷淋机房空调系统采购项目_询价公告,https://b2b.10086.cn/b2b/main/viewNoticeContent.html?noticeBean.id=551484,2019-04-03
江苏移动,中国移动江苏公司淮安移动2019年金湖县开发区管委会垃圾倾倒车辆车牌识别项目项目_询价公告,https://b2b.10086.cn/b2b/main/viewNoticeContent.html?noticeBean.id=551491,2019-04-03
在线服务公司,中移在线广西分公司2019-2020年外拓产品客户交流活动支撑服务项目_比选公告,https://b2b.10086.cn/b2b/main/viewNoticeContent.html?noticeBean.id=551496,2019-04-03
