采购单位,标题,链接,发标日期
北京移动,东高村业务收敛区业务汇聚机房租赁项目_采购变更公告(2),https://b2b.10086.cn/b2b/main/viewNoticeContent.html?noticeBean.id=586084,2019-08-09
北京移动, 夏各庄综合业务区2号业务汇聚区机房租赁项目 _采购变更公告(2),https://b2b.10086.cn/b2b/main/viewNoticeContent.html?noticeBean.id=586085,2019-08-09
北京移动,滨河综合业务区3号业务汇聚区业务汇聚机房租赁项目_采购变更公告(2),https://b2b.10086.cn/b2b/main/viewNoticeContent.html?noticeBean.id=586086,2019-08-09
北京移动,熊儿寨业务收敛区业务汇聚机房租赁项目_采购变更公告(2),https://b2b.10086.cn/b2b/main/viewNoticeContent.html?noticeBean.id=586096,2019-08-09
湖南移动,湖南移动2019年桌面虚拟化系统维护服务项目_比选公告,https://b2b.10086.cn/b2b/main/viewNoticeContent.html?noticeBean.id=586098,2019-08-09
在线服务公司,在线服务公司湖北分公司2019年智慧楼宇服务支撑项目_比选公告,https://b2b.10086.cn/b2b/main/viewNoticeContent.html?noticeBean.id=586112,2019-08-09
北京移动,中国移动北京公司2019年家庭宽带体验提升项目_比选公告,https://b2b.10086.cn/b2b/main/viewNoticeContent.html?noticeBean.id=586118,2019-08-09
信息技术公司,2019年-2020年宁夏中心投诉相关运营支撑服务项目采购_比选公告,https://b2b.10086.cn/b2b/main/viewNoticeContent.html?noticeBean.id=586119,2019-08-09
江苏移动,中国移动江苏公司苏州分公司自办主厅业务外包服务项目项目_比选公告,https://b2b.10086.cn/b2b/main/viewNoticeContent.html?noticeBean.id=586128,2019-08-09
江苏移动,中国移动江苏公司2019-2021年盐城分公司集团客户手机维修服务项目项目_比选公告,https://b2b.10086.cn/b2b/main/viewNoticeContent.html?noticeBean.id=586129,2019-08-09
河南移动,中国移动河南公司郑州分公司巩义市社会保险局数据档案室合作伙伴引入项目_采购公告,https://b2b.10086.cn/b2b/main/viewNoticeContent.html?noticeBean.id=586136,2019-08-09
河南移动,中国移动河南公司郑州分公司郑州市经济技术开发区环境保护局空气微型监测站点合作伙伴引入项目_采购公告,https://b2b.10086.cn/b2b/main/viewNoticeContent.html?noticeBean.id=586138,2019-08-09
政企分公司,四川省自贡市沿滩区教育平台运维支撑服务（中移全通）采购项目_比选公告,https://b2b.10086.cn/b2b/main/viewNoticeContent.html?noticeBean.id=586153,2019-08-09
政企分公司,四川省自贡市教育平台运营支撑服务（中移全通）采购项目_比选公告,https://b2b.10086.cn/b2b/main/viewNoticeContent.html?noticeBean.id=586159,2019-08-09
江苏移动,中国移动江苏公司关于会议服务(2019物联网博览会开发者大会策划和执行)项目项目_比选公告,https://b2b.10086.cn/b2b/main/viewNoticeContent.html?noticeBean.id=586167,2019-08-09
云南移动,中国移动云南公司玉溪分公司视频会议系统终端采购项目_公开询价采购公告,https://b2b.10086.cn/b2b/main/viewNoticeContent.html?noticeBean.id=586182,2019-08-09
广西移动,中国移动广西公司大视频融合平台机顶盒统一认证APK采购项目_询价公告,https://b2b.10086.cn/b2b/main/viewNoticeContent.html?noticeBean.id=586226,2019-08-09
咪咕公司,咪咕动漫2019年咪咕圈圈业务平台二期工程带货分销项目_招标公告,https://b2b.10086.cn/b2b/main/viewNoticeContent.html?noticeBean.id=586235,2019-08-09
江苏移动,中国移动江苏公司关于无锡分公司2019-2020年设备租赁（出摊营销充电设备租赁）的采购项目_询价公告,https://b2b.10086.cn/b2b/main/viewNoticeContent.html?noticeBean.id=586241,2019-08-09
浙江移动,中国移动浙江公司产业园动力系统三期项目10KV自动切换开关设备施工及变压器继电保护装置、110KV变电站备用后台监控系统采购项目_比选公告,https://b2b.10086.cn/b2b/main/viewNoticeContent.html?noticeBean.id=586242,2019-08-09
铁通公司,中移铁通有限公司山西分公司2019年至2020年度综合化维护业务劳务分包采购项目_比选公告,https://b2b.10086.cn/b2b/main/viewNoticeContent.html?noticeBean.id=586257,2019-08-09
