采购单位,标题,链接,发标日期
浙江移动,中国移动金华分公司2019-2020年集团客户短信接入平台维保服务项目_比选公告,https://b2b.10086.cn/b2b/main/viewNoticeContent.html?noticeBean.id=559705,2019-05-07
安徽移动,宿州市营销中心淮河路附属用房工程地勘服务选型项目_采购公告,https://b2b.10086.cn/b2b/main/viewNoticeContent.html?noticeBean.id=559706,2019-05-07
铁通公司,中移铁通有限公司北京分公司2019年IT维护支撑服务项目_比选采购_变更公告_(1),https://b2b.10086.cn/b2b/main/viewNoticeContent.html?noticeBean.id=559721,2019-05-07
西藏移动,中国移动西藏公司2019年市场经营部存量运营三方支撑项目_比选公告,https://b2b.10086.cn/b2b/main/viewNoticeContent.html?noticeBean.id=559753,2019-05-07
湖南移动,湖南移动2019年加速分流系统及网吧专线调度支撑服务项目_招标公告,https://b2b.10086.cn/b2b/main/viewNoticeContent.html?noticeBean.id=559761,2019-05-07
西藏移动,中国移动西藏公司2019年西藏公司发展环境和4G深化运营研究项目_比选公告,https://b2b.10086.cn/b2b/main/viewNoticeContent.html?noticeBean.id=559764,2019-05-07
铁通公司,四川中移2019年-2021年网络支撑劳务协作服务项目_比选公告,https://b2b.10086.cn/b2b/main/viewNoticeContent.html?noticeBean.id=559765,2019-05-07
新疆移动,中国移动新疆分公司2019年MDCN网络第三方现场维护服务采购项目_比选公告,https://b2b.10086.cn/b2b/main/viewNoticeContent.html?noticeBean.id=559768,2019-05-07
内蒙移动,中国移动（呼和浩特）数据中心二期机电配套工程量清单编制及全过程造价控制咨询服务项目_采购公告,https://b2b.10086.cn/b2b/main/viewNoticeContent.html?noticeBean.id=559775,2019-05-07
山西移动,中国移动山西公司2019-2020年省公司信息技术部分布式数据库(MPP)维保服务采购项目_比选公告,https://b2b.10086.cn/b2b/main/viewNoticeContent.html?noticeBean.id=559778,2019-05-07
北京移动,交付中心2019年5月-2022年12月特殊资源管孔（原万达新兴维护部分）协维服务项目_比选公告,https://b2b.10086.cn/b2b/main/viewNoticeContent.html?noticeBean.id=559786,2019-05-07
新疆移动,中国移动新疆分公司2019年一线客户感知监测服务项目_比选公告,https://b2b.10086.cn/b2b/main/viewNoticeContent.html?noticeBean.id=559793,2019-05-07
铁通公司,中移铁通有限公司安徽分公司合肥数据采集ICT项目_询价公告,https://b2b.10086.cn/b2b/main/viewNoticeContent.html?noticeBean.id=559795,2019-05-07
西藏移动,中国移动西藏公司林芝分公司中国云视讯业务配套终端采购项目_比选公告,https://b2b.10086.cn/b2b/main/viewNoticeContent.html?noticeBean.id=559799,2019-05-07
西藏移动,中国移动西藏公司19年购买市场业务促销车采购项目_比选公告,https://b2b.10086.cn/b2b/main/viewNoticeContent.html?noticeBean.id=559803,2019-05-07
四川移动,中国移动四川公司达州市宣汉雪亮信息化工程非集采设备采购项目_比选公告,https://b2b.10086.cn/b2b/main/viewNoticeContent.html?noticeBean.id=559808,2019-05-07
互联网公司,中移互联网有限公司2019年和家相册运营支撑公开比选项目_比选公告,https://b2b.10086.cn/b2b/main/viewNoticeContent.html?noticeBean.id=559811,2019-05-07
研究院,国际信息港研究院实验室搬迁工程_招标公告,https://b2b.10086.cn/b2b/main/viewNoticeContent.html?noticeBean.id=559813,2019-05-07
设计院,2019年传统业务非核心能力技术配合服务非年度集中采购（网络及电源）(2)_比选公告,https://b2b.10086.cn/b2b/main/viewNoticeContent.html?noticeBean.id=559832,2019-05-07
互联网公司,中移互联网有限公司2019年云业务技术支撑公开比选项目_比选公告,https://b2b.10086.cn/b2b/main/viewNoticeContent.html?noticeBean.id=559837,2019-05-07
