采购单位,标题,链接,发标日期
辽宁移动,中国移动辽宁公司2018年家庭产品质量监控系统采购项目_比选公告,https://b2b.10086.cn/b2b/main/viewNoticeContent.html?noticeBean.id=533875,2019-01-14
黑龙江移动,黑龙江移动齐齐哈尔市2018年龙沙区为民服务e网通平台二期采购项目_比选公告,https://b2b.10086.cn/b2b/main/viewNoticeContent.html?noticeBean.id=533904,2019-01-14
江苏移动,中国移动江苏公司南通公司生产经营用车租赁服务（长期）项目_比选公告,https://b2b.10086.cn/b2b/main/viewNoticeContent.html?noticeBean.id=533917,2019-01-14
新疆移动,中国移动新疆分公司2019年行业应用短信网关系统维保项目项目_比选公告,https://b2b.10086.cn/b2b/main/viewNoticeContent.html?noticeBean.id=533925,2019-01-14
政企分公司,福建清流县电子政务办公系统及机房改造项目机房集成服务部分(中移全通)采购项目_比选公告,https://b2b.10086.cn/b2b/main/viewNoticeContent.html?noticeBean.id=533939,2019-01-14
浙江移动,中国移动舟山分公司2019-2020年集团客户OA、MOA产品采购项目_竞争性谈判采购公告,https://b2b.10086.cn/b2b/main/viewNoticeContent.html?noticeBean.id=533946,2019-01-14
吉林移动,中国移动吉林公司白城分公司2018年白城市水资源管理中心数据远传平台建设公开比选项目_比选公告,https://b2b.10086.cn/b2b/main/viewNoticeContent.html?noticeBean.id=533957,2019-01-14
政企分公司,中国移动云南迪庆分公司迪庆藏族自治州电子政务ICT系统集成服务VPN安全接入服务(中移全通)采购项目_比选公告,https://b2b.10086.cn/b2b/main/viewNoticeContent.html?noticeBean.id=533959,2019-01-14
江苏移动,中国移动江苏公司农业职业技术学院安全管控系统升级的校园信息化项目项目_询价公告,https://b2b.10086.cn/b2b/main/viewNoticeContent.html?noticeBean.id=533963,2019-01-14
新疆移动,中国移动新疆分公司新疆移动2019-2020年第三方数据库维保服务项目合同项目_比选公告,https://b2b.10086.cn/b2b/main/viewNoticeContent.html?noticeBean.id=533965,2019-01-14
新疆移动,中国移动新疆分公司克拉玛依市分公司2019年网管日常维护服务项目_比选公告,https://b2b.10086.cn/b2b/main/viewNoticeContent.html?noticeBean.id=533967,2019-01-14
江西移动,宜春移动创咖空间音频系统采购项目_询价公告,https://b2b.10086.cn/b2b/main/viewNoticeContent.html?noticeBean.id=533969,2019-01-14
政企分公司,中移全通ICT项目管理系统一期项目外购软件与定制开发服务采购项目_招标公告,https://b2b.10086.cn/b2b/main/viewNoticeContent.html?noticeBean.id=533982,2019-01-14
重庆移动,2019年分公司市场物资暂存点盘点及RDC库盘点支持服务_比选公告,https://b2b.10086.cn/b2b/main/viewNoticeContent.html?noticeBean.id=533995,2019-01-14
设计院,2018年度统一信息平台业务管理系统维护服务项目_比选公告,https://b2b.10086.cn/b2b/main/viewNoticeContent.html?noticeBean.id=534010,2019-01-14
江苏移动,中国移动江苏公司南京数据中心二期供能项目项目_比选公告,https://b2b.10086.cn/b2b/main/viewNoticeContent.html?noticeBean.id=534021,2019-01-14
西藏移动,中国移动西藏公司2019年视频会议系统现场技术支撑服务项目_比选公告,https://b2b.10086.cn/b2b/main/viewNoticeContent.html?noticeBean.id=534023,2019-01-14
江苏移动,中国移动江苏公司泗阳县中学学生选课系统软件平台项目_比选公告,https://b2b.10086.cn/b2b/main/viewNoticeContent.html?noticeBean.id=534024,2019-01-14
四川移动,中国移动四川公司绵阳分公司2018-2021年视频会议系统代维服务采购项目_比选公告,https://b2b.10086.cn/b2b/main/viewNoticeContent.html?noticeBean.id=534036,2019-01-14
广东移动,中国移动广东公司2018--2020年网络站点报帐支撑服务公开比选项目（广州）_比选公告,https://b2b.10086.cn/b2b/main/viewNoticeContent.html?noticeBean.id=534040,2019-01-14
铁通公司,中移铁通陕西分公司2019年度维护、销售劳务分包项目采购_比选公告,https://b2b.10086.cn/b2b/main/viewNoticeContent.html?noticeBean.id=534054,2019-01-14
江苏移动,中国移动江苏公司连云港分公司全区舒适型空调维护采购 项目_询价公告,https://b2b.10086.cn/b2b/main/viewNoticeContent.html?noticeBean.id=534056,2019-01-14
铁通公司,中移铁通有限公司智能产品分公司和动源W2智能插座认证代理服务项目_采购公告,https://b2b.10086.cn/b2b/main/viewNoticeContent.html?noticeBean.id=534057,2019-01-14
河北移动,中国移动河北公司河北移动2019年数据中心等级保护备案与测评项目项目_比选公告,https://b2b.10086.cn/b2b/main/viewNoticeContent.html?noticeBean.id=534058,2019-01-14
广东移动,中国移动广东公司2019年集团客户专线及物联网技术支撑服务公开比选项目_比选公告,https://b2b.10086.cn/b2b/main/viewNoticeContent.html?noticeBean.id=534066,2019-01-14
安徽移动,阜阳移动2019年家庭业务小区包干经营招商项目_采购公告(第二轮),https://b2b.10086.cn/b2b/main/viewNoticeContent.html?noticeBean.id=534069,2019-01-14
新疆移动,中国移动新疆分公司2019年新疆移动行业领域分析及策略优化项目项目_比选公告,https://b2b.10086.cn/b2b/main/viewNoticeContent.html?noticeBean.id=534083,2019-01-14
新疆移动,中国移动新疆分公司2019年DPI流控系统设备维保服务项目_比选公告,https://b2b.10086.cn/b2b/main/viewNoticeContent.html?noticeBean.id=534084,2019-01-14
海南移动,中国移动海南公司2019年-2020年家庭终端翻新及维修服务项目_比选公告,https://b2b.10086.cn/b2b/main/viewNoticeContent.html?noticeBean.id=534100,2019-01-14
物联网公司,渝兴广场D2-B室内装修项目（智能化工程、消防改造、结构加固）工程_比选公告,https://b2b.10086.cn/b2b/main/viewNoticeContent.html?noticeBean.id=534101,2019-01-14
