采购单位,标题,链接,发标日期
湖南移动,湖南移动大数据平台系统安全测评服务项目_比选公告,https://b2b.10086.cn/b2b/main/viewNoticeContent.html?noticeBean.id=595052,2019-09-11
在线服务公司,在线服务公司2019年-2020年洛阳、淮安两园区UPS设备维护保养项目包2_比选公告,https://b2b.10086.cn/b2b/main/viewNoticeContent.html?noticeBean.id=595053,2019-09-11
河南移动,河南移动2019-2021年仓库租赁管理服务项目_比选公告,https://b2b.10086.cn/b2b/main/viewNoticeContent.html?noticeBean.id=595058,2019-09-11
广东移动,中国移动广东公司广州公司2019年网络线条项目类工程建设中心家宽FTTH 箱体采购公开询价项目_询价公告,https://b2b.10086.cn/b2b/main/viewNoticeContent.html?noticeBean.id=595059,2019-09-11
陕西移动,陕西渭南白水县云台乡白石河村等37个小区宽带网元租赁项目_比选公告,https://b2b.10086.cn/b2b/main/viewNoticeContent.html?noticeBean.id=595069,2019-09-11
陕西移动,陕西渭南华县莲花寺镇少华村等25个小区宽带网元租赁项目_比选公告,https://b2b.10086.cn/b2b/main/viewNoticeContent.html?noticeBean.id=595070,2019-09-11
上海移动,中国移动上海公司2019-2021年人事档案管理服务项目_比选公告,https://b2b.10086.cn/b2b/main/viewNoticeContent.html?noticeBean.id=595078,2019-09-11
江苏移动,中国移动江苏公司常州分公司管理体系认证服务（IDC机房ISO20000／ISO27001管理体系支撑与认证）采购项目_比选公告,https://b2b.10086.cn/b2b/main/viewNoticeContent.html?noticeBean.id=595082,2019-09-11
山东移动,山东移动菏泽分公司2019年成武教育局安全加固管理平台采购项目_比选公告,https://b2b.10086.cn/b2b/main/viewNoticeContent.html?noticeBean.id=595098,2019-09-11
成都研究院,"中移（成都）信息通信科技有限公司2019 年联创实验室设备引入项目（4G,5G测试终端）_比选公告",https://b2b.10086.cn/b2b/main/viewNoticeContent.html?noticeBean.id=595112,2019-09-11
浙江移动,中国移动浙江公司2019年度渠道客户感知及服务监测项目_比选公告,https://b2b.10086.cn/b2b/main/viewNoticeContent.html?noticeBean.id=595114,2019-09-11
河南移动,河南公司2019年客户信息泄露监测服务采购项目_比选公告,https://b2b.10086.cn/b2b/main/viewNoticeContent.html?noticeBean.id=595115,2019-09-11
广西移动,中国移动广西公司钦州沙埠综合业务接入机房电梯工程采购项目_比选公告,https://b2b.10086.cn/b2b/main/viewNoticeContent.html?noticeBean.id=595131,2019-09-11
广东移动,中国移动广东公司2019年网管数据中心及网络支撑服务公开比选项目_比选公告,https://b2b.10086.cn/b2b/main/viewNoticeContent.html?noticeBean.id=595138,2019-09-11
福建移动,2019年通信行业集团客户市场业务发展情况素材资料公开比选采购项目_比选公告,https://b2b.10086.cn/b2b/main/viewNoticeContent.html?noticeBean.id=595156,2019-09-11
江西移动,萍乡移动集客专线业务IMS接入设备采购项目_比选公告,https://b2b.10086.cn/b2b/main/viewNoticeContent.html?noticeBean.id=595196,2019-09-11
设计院,2019年新技术论坛等技术支撑服务项目_比选公告,https://b2b.10086.cn/b2b/main/viewNoticeContent.html?noticeBean.id=595201,2019-09-11
