采购单位,标题,链接,发标日期
内蒙移动,巴彦淖尔分公司临河区鹿王芳草地小区开展宽带业务合作项目_采购公告,https://b2b.10086.cn/b2b/main/viewNoticeContent.html?noticeBean.id=540839,2019-02-18
江苏移动,中国移动江苏公司宿迁分公司智慧网格运营平台采购项目_比选公告,https://b2b.10086.cn/b2b/main/viewNoticeContent.html?noticeBean.id=540853,2019-02-18
吉林移动,中国移动吉林公司白城分公司2018年白城市水资源管理中心数据远传平台建设公开比选项目_比选公告,https://b2b.10086.cn/b2b/main/viewNoticeContent.html?noticeBean.id=540856,2019-02-18
福建移动,2018-2020年福建移动云PBX平台运营支撑服务公开比选采购项目（二次）_比选公告,https://b2b.10086.cn/b2b/main/viewNoticeContent.html?noticeBean.id=540871,2019-02-18
铁通公司,中移铁通天津分公司核心机房维护服务采购项目_比选公告,https://b2b.10086.cn/b2b/main/viewNoticeContent.html?noticeBean.id=540877,2019-02-18
云南移动,中国移动云南公司迪庆分公司2019年-2021年物业管理服务外包项目_招标公告,https://b2b.10086.cn/b2b/main/viewNoticeContent.html?noticeBean.id=540878,2019-02-18
政企分公司,福建省石狮市政府电子政府OA办公系统改造 (中移全通)采购项目_比选公告,https://b2b.10086.cn/b2b/main/viewNoticeContent.html?noticeBean.id=540879,2019-02-18
湖南移动,湖南移动长沙分公司基于数据服务的管理效能提升项目_比选公告,https://b2b.10086.cn/b2b/main/viewNoticeContent.html?noticeBean.id=540881,2019-02-18
咪咕公司,咪咕香港UTV应用软件系统开发支撑项目_比选公告,https://b2b.10086.cn/b2b/main/viewNoticeContent.html?noticeBean.id=540885,2019-02-18
咪咕公司,咪咕视讯2019-2020年香港UTV运营支撑项目_比选公告,https://b2b.10086.cn/b2b/main/viewNoticeContent.html?noticeBean.id=540886,2019-02-18
在线服务公司,中移在线通信能力研发服务项目_招标公告,https://b2b.10086.cn/b2b/main/viewNoticeContent.html?noticeBean.id=540887,2019-02-18
山东移动,山东移动菏泽分公司2019年牡丹区市场监督管理局智慧监管平台采购项目_比选公告,https://b2b.10086.cn/b2b/main/viewNoticeContent.html?noticeBean.id=540894,2019-02-18
政企分公司,和商务直播平台一期工程项目软件开发及系统集成服务（中移全通）采购项目_比选公告,https://b2b.10086.cn/b2b/main/viewNoticeContent.html?noticeBean.id=540908,2019-02-18
内蒙移动,中国移动内蒙古公司数据中心配合集团2018年国际及政企专网一阶段工程核心机房配套项目设计采购项目_比选公告,https://b2b.10086.cn/b2b/main/viewNoticeContent.html?noticeBean.id=540919,2019-02-18
安徽移动,安徽移动支撑网安全改造十一期工程OA上网代理网络安全设备采购项目_询价公告,https://b2b.10086.cn/b2b/main/viewNoticeContent.html?noticeBean.id=540923,2019-02-18
新疆移动,中国移动新疆分公司中国移动新疆公司2018年自动拨测系统扩容工程系统软件采购项目_招标公告,https://b2b.10086.cn/b2b/main/viewNoticeContent.html?noticeBean.id=540928,2019-02-18
内蒙移动,中国移动内蒙古公司2019年云计算服务支撑项目_比选公告,https://b2b.10086.cn/b2b/main/viewNoticeContent.html?noticeBean.id=540946,2019-02-18
山西移动,中国移动山西公司 2019-2020年山西移动集团客户部ICT项目系统集成一体化支撑采购项目_招标公告,https://b2b.10086.cn/b2b/main/viewNoticeContent.html?noticeBean.id=540953,2019-02-18
宁夏移动,中国移动宁夏公司2019年集客业务支撑服务项目_比选公告,https://b2b.10086.cn/b2b/main/viewNoticeContent.html?noticeBean.id=540963,2019-02-18
