采购单位,标题,链接,发标日期
铁通公司,2019年专利商标及软件著作权代理服务机构采购_采购公告,https://b2b.10086.cn/b2b/main/viewNoticeContent.html?noticeBean.id=548190,2019-03-21
河南移动,河南移动2019年互联网业务感知测试分析优化服务项目_比选公告,https://b2b.10086.cn/b2b/main/viewNoticeContent.html?noticeBean.id=548236,2019-03-21
江苏移动,中国移动江苏公司连云港分公司中国移动（连云港）大数据中心项目地勘服务采购项目_询价公告,https://b2b.10086.cn/b2b/main/viewNoticeContent.html?noticeBean.id=548246,2019-03-21
河南移动,河南移动平顶山分公司关于郏县分公司“数字化城市管理软件系统集成及维保服务”合作伙伴引入采购项目_比选公告,https://b2b.10086.cn/b2b/main/viewNoticeContent.html?noticeBean.id=548256,2019-03-21
河南移动,河南移动2019年资源数据整治服务采购项目_比选公告,https://b2b.10086.cn/b2b/main/viewNoticeContent.html?noticeBean.id=548267,2019-03-21
云南移动,中国移动云南公司德宏分公司2019-2020年常态化业务宣传推介活动服务采购项目_竞争性谈判采购公告,https://b2b.10086.cn/b2b/main/viewNoticeContent.html?noticeBean.id=548275,2019-03-21
湖北移动,中国移动湖北公司2019年自有渠道终端平台（第一批）采购项目_比选公告,https://b2b.10086.cn/b2b/main/viewNoticeContent.html?noticeBean.id=548276,2019-03-21
河南移动,中国移动河南公司焦作分公司焦作市质量技术监督检验测试中心智慧实验室综合信息管理系统合作伙伴引入项目_比选公告,https://b2b.10086.cn/b2b/main/viewNoticeContent.html?noticeBean.id=548286,2019-03-21
北京移动,中国移动北京公司65寸智能电子海报屏（广告机）采购项目_比选公告,https://b2b.10086.cn/b2b/main/viewNoticeContent.html?noticeBean.id=548290,2019-03-21
重庆移动,北碚分公司2019年室分和宽带网络疑难站点选址项目_询价采购_变更公告_(1),https://b2b.10086.cn/b2b/main/viewNoticeContent.html?noticeBean.id=548298,2019-03-21
安徽移动,安徽移动支撑网安全改造十一期工程文档安全防护工具软件采购项目_比选公告,https://b2b.10086.cn/b2b/main/viewNoticeContent.html?noticeBean.id=548300,2019-03-21
江苏移动,中国移动江苏公司连云港分公司2019-2020年营业厅及管理用房装维等基建工程监理服务项目_比选公告,https://b2b.10086.cn/b2b/main/viewNoticeContent.html?noticeBean.id=548302,2019-03-21
杭州研发中心,中移（杭州）信息技术有限公司2019年智能语音交互平台采购项目_比选公告,https://b2b.10086.cn/b2b/main/viewNoticeContent.html?noticeBean.id=548305,2019-03-21
政企分公司,2019年中国邮政集团公司内江市分公司金融网点无线WIFI维护服务（中移全通）采购项目_比选公告,https://b2b.10086.cn/b2b/main/viewNoticeContent.html?noticeBean.id=548308,2019-03-21
河南移动,河南移动平顶山分公司关于汝州市河道管理平台集成及维保服务ICT合作伙伴引入采购项目_比选公告,https://b2b.10086.cn/b2b/main/viewNoticeContent.html?noticeBean.id=548310,2019-03-21
山东移动,2019年日照分公司开发区济南铁路局日照车辆段调度管理平台采购项目_采购公告,https://b2b.10086.cn/b2b/main/viewNoticeContent.html?noticeBean.id=548316,2019-03-21
设计院,2019-2021年陕西分院IT办公设备维保服务采购项目_比选公告,https://b2b.10086.cn/b2b/main/viewNoticeContent.html?noticeBean.id=548331,2019-03-21
