采购单位,标题,链接,发标日期
浙江移动,中国移动浙江公司拼多多浙江旗舰店运营支撑项目比选公告,https://b2b.10086.cn/b2b/main/viewNoticeContent.html?noticeBean.id=591227,2019-08-29
互联网公司,中移互联网有限公司2019-2020年移动应用商场（Mobile Market）数据支撑服务公开比选项目_比选公告,https://b2b.10086.cn/b2b/main/viewNoticeContent.html?noticeBean.id=591500,2019-08-29
重庆移动,巴南区商务局电商网络零售大数据平台项目_比选公告,https://b2b.10086.cn/b2b/main/viewNoticeContent.html?noticeBean.id=591508,2019-08-29
山西移动,中国移动山西公司2019年阳泉分公司高低压配电（含线路）系统检修的采购项目_比选公告,https://b2b.10086.cn/b2b/main/viewNoticeContent.html?noticeBean.id=591516,2019-08-29
上海移动,中国移动上海公司2019年IT私有云平台扩容建设二期工程-NBU Clinet软件_询价公告,https://b2b.10086.cn/b2b/main/viewNoticeContent.html?noticeBean.id=591544,2019-08-29
咪咕公司,咪咕公司数据集市四期工程基于高维特征的短视频内容智能推荐能力研发及运营采购_招标公告,https://b2b.10086.cn/b2b/main/viewNoticeContent.html?noticeBean.id=591548,2019-08-29
贵州移动,2019-2021年（24个月）市场部专项支撑项目_比选公告,https://b2b.10086.cn/b2b/main/viewNoticeContent.html?noticeBean.id=591553,2019-08-29
政企分公司,行业数字化企业跟踪对标研究项目_比选公告,https://b2b.10086.cn/b2b/main/viewNoticeContent.html?noticeBean.id=591581,2019-08-29
铁通公司,中移铁通广东分公司东山通信楼消防系统气瓶检测服务采购项目_比选公告,https://b2b.10086.cn/b2b/main/viewNoticeContent.html?noticeBean.id=591585,2019-08-29
新疆移动,吐鲁番分公司集团乐播系统项目_比选公告,https://b2b.10086.cn/b2b/main/viewNoticeContent.html?noticeBean.id=591592,2019-08-29
江苏移动,中国移动江苏公司关于无锡分公司车辆租赁（互联网约车及江阴、宜兴营销临时租赁用车）服务的采购项目_比选公告,https://b2b.10086.cn/b2b/main/viewNoticeContent.html?noticeBean.id=591595,2019-08-29
北京移动,中国移动北京公司营业厅运营服务提升项目_比选公告,https://b2b.10086.cn/b2b/main/viewNoticeContent.html?noticeBean.id=591596,2019-08-29
北京移动,中国移动北京公司菜市口和望京通信楼生活用水供水系统改造项目_比选公告,https://b2b.10086.cn/b2b/main/viewNoticeContent.html?noticeBean.id=591598,2019-08-29
北京移动,中国移动北京公司2019年东直门楼宇自控系统更新改造工程_比选公告,https://b2b.10086.cn/b2b/main/viewNoticeContent.html?noticeBean.id=591599,2019-08-29
福建移动,2019年IDC机房三级等保安全功能系统建设项目_招标公告,https://b2b.10086.cn/b2b/main/viewNoticeContent.html?noticeBean.id=591609,2019-08-29
安徽移动,芜湖移动2019年关于华强方特芜湖分公司语音平台系统集成服务小额采购_采购公告,https://b2b.10086.cn/b2b/main/viewNoticeContent.html?noticeBean.id=591614,2019-08-29
福建移动,2019年基础设施云化云管平台软件开发研发项目_招标公告,https://b2b.10086.cn/b2b/main/viewNoticeContent.html?noticeBean.id=591618,2019-08-29
