采购单位,标题,链接,发标日期
内蒙移动,2019年巴彦淖尔分公司五原胜丰镇西圪梁村等宽带三方合作项目_采购公告,https://b2b.10086.cn/b2b/main/viewNoticeContent.html?noticeBean.id=587248,2019-08-14
湖南移动,邵阳市新邵县综治中心网格化管理平台及视频会议系统服务_比选公告,https://b2b.10086.cn/b2b/main/viewNoticeContent.html?noticeBean.id=587276,2019-08-14
苏州研发中心,苏州研发中心2019年采购物流系统三期扩容工程项目_比选公告,https://b2b.10086.cn/b2b/main/viewNoticeContent.html?noticeBean.id=587278,2019-08-14
杭州研发中心,中移（杭州）信息技术有限公司2019年家固话公开市场合作伙伴招募公告,https://b2b.10086.cn/b2b/main/viewNoticeContent.html?noticeBean.id=587282,2019-08-14
山西移动,中国移动山西公司2019年省公司信息安全中心网络安全技能竞赛支撑服务采购项目_比选公告,https://b2b.10086.cn/b2b/main/viewNoticeContent.html?noticeBean.id=587292,2019-08-14
安徽移动,安徽移动2019-2021年度互联网产品运营及UIUE设计服务采购_比选公告,https://b2b.10086.cn/b2b/main/viewNoticeContent.html?noticeBean.id=587312,2019-08-14
内蒙移动,中国移动内蒙古公司2019年监控大屏呈现系统工程主设备物资采购项目_招标公告,https://b2b.10086.cn/b2b/main/viewNoticeContent.html?noticeBean.id=587322,2019-08-14
云南移动,中国移动云南公司互联网分公司2019年权益业务支撑项目_竞争性谈判采购公告,https://b2b.10086.cn/b2b/main/viewNoticeContent.html?noticeBean.id=587327,2019-08-14
铁通公司,中移铁通北京郊区分公司生产调度用房装修改造项目和北京智慧家庭支撑调度中心茶坞分中心装修改造施工项目_比选公告,https://b2b.10086.cn/b2b/main/viewNoticeContent.html?noticeBean.id=587345,2019-08-14
咪咕公司,咪咕数媒行业一体化能力服务支撑项目_比选公告,https://b2b.10086.cn/b2b/main/viewNoticeContent.html?noticeBean.id=587360,2019-08-14
咪咕公司,2019-2021年视频会议室开发技术支撑项目_比选公告,https://b2b.10086.cn/b2b/main/viewNoticeContent.html?noticeBean.id=587361,2019-08-14
广西移动,中国移动广西公司柳州分公司2019年度员工餐厅日常管理采购项目_比选公告,https://b2b.10086.cn/b2b/main/viewNoticeContent.html?noticeBean.id=587365,2019-08-14
