采购单位,标题,链接,发标日期
中移金科,和包数据能力共享平台二期扩容项目（实时计算引擎框架）_招标公告,https://b2b.10086.cn/b2b/main/viewNoticeContent.html?noticeBean.id=607010,2019-10-31
河南移动,河南移动2019-2020年移动互联网诈骗信息日常监测服务项目_比选公告,https://b2b.10086.cn/b2b/main/viewNoticeContent.html?noticeBean.id=607017,2019-10-31
江苏移动,中国移动江苏公司2019年省公司营销宣传（掌厅APP品牌及业务新媒体宣传）项目项目_比选公告,https://b2b.10086.cn/b2b/main/viewNoticeContent.html?noticeBean.id=607021,2019-10-31
湖北移动,中国移动湖北公司随州分公司移动新大楼业务区香榭里业务汇聚机房购置项目_第二次,https://b2b.10086.cn/b2b/main/viewNoticeContent.html?noticeBean.id=607023,2019-10-31
湖北移动,中国移动湖北公司随州分公司孔家坡业务区清河星苑业务汇聚机房购置项目_第二次),https://b2b.10086.cn/b2b/main/viewNoticeContent.html?noticeBean.id=607024,2019-10-31
山东移动,山东移动东营分公司2019年利津县融媒体中心魔百和业务引入机房改造项目_采购公告,https://b2b.10086.cn/b2b/main/viewNoticeContent.html?noticeBean.id=607026,2019-10-31
山东移动,山东移动东营分公司2019年东营区纪委协同办公软件开发项目_采购公告,https://b2b.10086.cn/b2b/main/viewNoticeContent.html?noticeBean.id=607028,2019-10-31
政企分公司,黑龙江数字林草信息化项目（一期）监理服务（中移全通）采购项目_比选公告,https://b2b.10086.cn/b2b/main/viewNoticeContent.html?noticeBean.id=607037,2019-10-31
内蒙移动,中国移动内蒙古公司2019年自有基站蓄电池备电时长项目蓄电池能量管理系统前端采集控制设备及软件采购项目_比选公告,https://b2b.10086.cn/b2b/main/viewNoticeContent.html?noticeBean.id=607041,2019-10-31
安徽移动,安徽移动2019年拓展大型连锁泛渠道业务合作采购项目_采购公告,https://b2b.10086.cn/b2b/main/viewNoticeContent.html?noticeBean.id=607042,2019-10-31
铁通公司,中移铁通有限公司辽宁分公司2019年经营生产车辆购置项目_询价公告,https://b2b.10086.cn/b2b/main/viewNoticeContent.html?noticeBean.id=607061,2019-10-31
内蒙移动,中国移动（呼和浩特）数据中心二期工程管理配备计算机等设备采购项目_询价公告,https://b2b.10086.cn/b2b/main/viewNoticeContent.html?noticeBean.id=607062,2019-10-31
政企分公司,吉林2019年文旅服务平台（中移全通）采购项目_比选公告,https://b2b.10086.cn/b2b/main/viewNoticeContent.html?noticeBean.id=607068,2019-10-31
咪咕公司,咪咕文化桌面虚拟化系统三期工程（软件平台建设）_招标公告,https://b2b.10086.cn/b2b/main/viewNoticeContent.html?noticeBean.id=607069,2019-10-31
铁通公司,四川中移2019-2021年ICT售前驻场支撑协作服务采购项目_比选公告,https://b2b.10086.cn/b2b/main/viewNoticeContent.html?noticeBean.id=607080,2019-10-31
设计院,2019年-2021年度市场部高新技术合同备案服务项目_比选公告,https://b2b.10086.cn/b2b/main/viewNoticeContent.html?noticeBean.id=607089,2019-10-31
辽宁移动,中国移动辽宁公司2019-2021年物品处置服务支撑项目_比选公告,https://b2b.10086.cn/b2b/main/viewNoticeContent.html?noticeBean.id=607094,2019-10-31
江西移动,江西移动2019年管信扩容工程“阳光采购”集中视频监控管理系统采购项目_比选公告,https://b2b.10086.cn/b2b/main/viewNoticeContent.html?noticeBean.id=607096,2019-10-31
上海移动,中国移动上海公司2019年互联网渠道能力评估体系研究项目_比选公告,https://b2b.10086.cn/b2b/main/viewNoticeContent.html?noticeBean.id=607111,2019-10-31
福建移动,2019年泉州移动社会渠道宣传和业务规范监测项目公开比选_比选公告,https://b2b.10086.cn/b2b/main/viewNoticeContent.html?noticeBean.id=607133,2019-10-31
