采购单位,标题,链接,发标日期
铁通公司,中移铁通江西分公司2020-2021年维护业务劳务分包采购项目_比选公告,https://b2b.10086.cn/b2b/main/viewNoticeContent.html?noticeBean.id=617026,2019-12-03
铁通公司,中移铁通北京分公司IDC事业部移动协维机房门禁及视频监控系统维修采购项目_比选采购_变更公告_(1),https://b2b.10086.cn/b2b/main/viewNoticeContent.html?noticeBean.id=617053,2019-12-03
天津移动,中国移动天津公司2019年基于RSRP相关性同覆盖小区识别管理与网络分层分析服务项目_比选公告,https://b2b.10086.cn/b2b/main/viewNoticeContent.html?noticeBean.id=617077,2019-12-03
新疆移动,克州分公司采购商户平台（微信）技术服务采购项目_询价公告,https://b2b.10086.cn/b2b/main/viewNoticeContent.html?noticeBean.id=617111,2019-12-03
山西移动,中国移动山西公司2019年太原分公司全球通客户观影专场服务活动支撑的采购项目_比选公告,https://b2b.10086.cn/b2b/main/viewNoticeContent.html?noticeBean.id=617159,2019-12-03
内蒙移动,通辽市移动公司城区分公司开发区智慧营业厅基础装修施工监理项目_比选公告,https://b2b.10086.cn/b2b/main/viewNoticeContent.html?noticeBean.id=617164,2019-12-03
湖南移动,中国移动2019－2020年湖南移动邵阳分公司实体渠道“融通智选”辅助支撑项目_比选公告,https://b2b.10086.cn/b2b/main/viewNoticeContent.html?noticeBean.id=617167,2019-12-03
铁通公司,四川中移2020年传输运维及省干技术支持服务项目_比选公告,https://b2b.10086.cn/b2b/main/viewNoticeContent.html?noticeBean.id=617173,2019-12-03
信安中心,不良信息治理及效果评估支撑服务-不良信息处置及信息安全评估支撑服务项目_比选采购_变更公告_(1),https://b2b.10086.cn/b2b/main/viewNoticeContent.html?noticeBean.id=617197,2019-12-03
信安中心,不良信息治理及效果评估支撑服务-手机恶意软件趋势分析及联动治理服务_比选采购_变更公告_(1),https://b2b.10086.cn/b2b/main/viewNoticeContent.html?noticeBean.id=617198,2019-12-03
咪咕公司,咪咕公司IT资源池四期工程视讯单项工程通讯设备搬迁服务_招标公告,https://b2b.10086.cn/b2b/main/viewNoticeContent.html?noticeBean.id=617200,2019-12-03
四川移动,中国移动四川公司2020年-2021年业务支撑系统安全产品技术支持服务项目_比选公告,https://b2b.10086.cn/b2b/main/viewNoticeContent.html?noticeBean.id=617202,2019-12-03
咪咕公司,咪咕音乐有限公司2020年曲库运营支撑项目_比选公告,https://b2b.10086.cn/b2b/main/viewNoticeContent.html?noticeBean.id=617218,2019-12-03
咪咕公司,咪咕视讯魔百和业务平台一期工程甘肃IPTV分省平台四期单项工程定制开发软件采购_招标公告,https://b2b.10086.cn/b2b/main/viewNoticeContent.html?noticeBean.id=617221,2019-12-03
上海移动,中国移动上海公司国际数据中心220KV变电站第一次扩容工程可研编制服务_比选公告,https://b2b.10086.cn/b2b/main/viewNoticeContent.html?noticeBean.id=617223,2019-12-03
信安中心,高级网络安全威胁态势跟踪与入侵监测服务_比选公告,https://b2b.10086.cn/b2b/main/viewNoticeContent.html?noticeBean.id=617227,2019-12-03
新疆移动,中国移动新疆公司2020年互联网内容分析优化服务 （自动拨测部分）项目_比选公告,https://b2b.10086.cn/b2b/main/viewNoticeContent.html?noticeBean.id=617232,2019-12-03
信安中心,第三方网络安全态势监测及联动处置服务_比选公告,https://b2b.10086.cn/b2b/main/viewNoticeContent.html?noticeBean.id=617245,2019-12-03
内蒙移动,中国移动内蒙古公司2020年现场商户运营支撑服务项目_比选公告,https://b2b.10086.cn/b2b/main/viewNoticeContent.html?noticeBean.id=617261,2019-12-03
政企分公司,河北珑玺山医院（省二院西院区）网络信息化（中移全通）采购项目_比选公告,https://b2b.10086.cn/b2b/main/viewNoticeContent.html?noticeBean.id=617264,2019-12-03
山东移动,山东移动2019年潍坊分公司青州市云门书院监控与巡课系统采购项目_比选公告,https://b2b.10086.cn/b2b/main/viewNoticeContent.html?noticeBean.id=617272,2019-12-03
终端公司,中国移动通信集团终端有限公司贵州分公司龙港百盛营业厅异业运营合作商（奶茶咖啡行业）引入项目_采购公告,https://b2b.10086.cn/b2b/main/viewNoticeContent.html?noticeBean.id=617276,2019-12-03
