采购单位,标题,链接,发标日期
北京移动,中国移动北京公司北京公司2019年4月-2021年3月客户侧设备维保服务项目_比选公告,https://b2b.10086.cn/b2b/main/viewNoticeContent.html?noticeBean.id=556172,2019-04-23
西藏移动,中国移动西藏公司林芝分公司2019年拟对重要集团客户开展手机维修服务采购项目_比选公告,https://b2b.10086.cn/b2b/main/viewNoticeContent.html?noticeBean.id=556198,2019-04-23
安徽移动,2019-2020年度安庆移动市区乡镇营销部保洁服务采购项目_询价公告,https://b2b.10086.cn/b2b/main/viewNoticeContent.html?noticeBean.id=556206,2019-04-23
四川移动,中国移动通信集团四川有限公司2019-2021年传输电路调度及维护服务采购项目_比选公告,https://b2b.10086.cn/b2b/main/viewNoticeContent.html?noticeBean.id=556211,2019-04-23
内蒙移动,中国移动内蒙古公司包头分公司2019年信息系统安全等级保护测评服务项目_比选公告,https://b2b.10086.cn/b2b/main/viewNoticeContent.html?noticeBean.id=556227,2019-04-23
云南移动,中国移动云南公司2019年制度流程运营支撑及评估执行服务项目_比选公告,https://b2b.10086.cn/b2b/main/viewNoticeContent.html?noticeBean.id=556231,2019-04-23
信息港中心,中国移动信息港中心2019-2021年税务咨询服务采购(2)_比选公告,https://b2b.10086.cn/b2b/main/viewNoticeContent.html?noticeBean.id=556238,2019-04-23
新疆移动,中国移动新疆分公司2019年MDCN网络第三方现场维护服务采购项目_比选公告,https://b2b.10086.cn/b2b/main/viewNoticeContent.html?noticeBean.id=556241,2019-04-23
在线服务公司,中移在线云南分公司2019年全网客服系统终端及办公设备代维服务项目_比选公告,https://b2b.10086.cn/b2b/main/viewNoticeContent.html?noticeBean.id=556261,2019-04-23
西藏移动,中国移动西藏公司市场经营部2019年咪咕体验区体验终端采购项目_比选公告,https://b2b.10086.cn/b2b/main/viewNoticeContent.html?noticeBean.id=556277,2019-04-23
新疆移动,中国移动新疆分公司2019至2020年数据库及中间件第三方驻场维保采购项目_比选公告,https://b2b.10086.cn/b2b/main/viewNoticeContent.html?noticeBean.id=556291,2019-04-23
河南移动,河南移动2019年支撑系统硬件设备及操作系统安全加固项目_比选公告,https://b2b.10086.cn/b2b/main/viewNoticeContent.html?noticeBean.id=556312,2019-04-23
铁通公司,中移铁通四川分公司2019年移动ICT一体化支撑服务项目合作商入围采购项目_比选采购_变更资格预审公告_(1),https://b2b.10086.cn/b2b/main/viewNoticeContent.html?noticeBean.id=556316,2019-04-23
