采购单位,标题,链接,发标日期
湖北移动,中国移动湖北公司2019-2020年全省安消防改造及机房气体灭火系统施工项目_招标公告,https://b2b.10086.cn/b2b/main/viewNoticeContent.html?noticeBean.id=541889,2019-02-22
辽宁移动,中国移动辽宁公司2019年IT硬软件和办公设备续保服务项目_比选公告,https://b2b.10086.cn/b2b/main/viewNoticeContent.html?noticeBean.id=541902,2019-02-22
在线服务公司,中移在线2019年微店平台引入第三方“闪付及运营支撑”项目(全网采购包)_比选公告,https://b2b.10086.cn/b2b/main/viewNoticeContent.html?noticeBean.id=541904,2019-02-22
上海移动,中国移动上海公司2018年流量增长支撑网紧急扩容工程-V7K扩容_询价公告,https://b2b.10086.cn/b2b/main/viewNoticeContent.html?noticeBean.id=541908,2019-02-22
贵州移动,中国移动通信集团贵州有限公司2019年贵州移动信息技术部客户经理助手APP技术服务项目_比选公告,https://b2b.10086.cn/b2b/main/viewNoticeContent.html?noticeBean.id=541919,2019-02-22
总部,中国移动2019年总部A座大楼空调系统改造项目_招标公告,https://b2b.10086.cn/b2b/main/viewNoticeContent.html?noticeBean.id=541920,2019-02-22
北京移动,中国移动北京公司2019年多形态终端产品监测支撑项目_比选公告,https://b2b.10086.cn/b2b/main/viewNoticeContent.html?noticeBean.id=541924,2019-02-22
研究院,研究院2019年（一年期）GPU服务器集中采购项目_招标公告,https://b2b.10086.cn/b2b/main/viewNoticeContent.html?noticeBean.id=541947,2019-02-22
重庆移动,生产经营用车采购项目_询价公告,https://b2b.10086.cn/b2b/main/viewNoticeContent.html?noticeBean.id=541953,2019-02-22
黑龙江移动,中国移动哈尔滨分公司2019-2020年集团客户部标书制作项目_比选公告,https://b2b.10086.cn/b2b/main/viewNoticeContent.html?noticeBean.id=541959,2019-02-22
政企分公司,四川省信访局移动办公软件APP开发及运维服务（中移全通）采购项目(2)_比选公告,https://b2b.10086.cn/b2b/main/viewNoticeContent.html?noticeBean.id=541960,2019-02-22
北京移动,中国移动北京公司2019-2021年数据业务产品品质自动拨测项目_比选公告,https://b2b.10086.cn/b2b/main/viewNoticeContent.html?noticeBean.id=541965,2019-02-22
北京移动,中国移动北京公司2019至2021年度经营业绩审计项目_比选公告,https://b2b.10086.cn/b2b/main/viewNoticeContent.html?noticeBean.id=541967,2019-02-22
政企分公司,贵州开阳县司法局社区矫正中心远程视频督察系统集成服务（中移全通）采购项目_比选公告,https://b2b.10086.cn/b2b/main/viewNoticeContent.html?noticeBean.id=541978,2019-02-22
福建移动,2019年泉州移动咪咕俱乐部微信及联盟运营支撑服务项目公开比选_比选公告,https://b2b.10086.cn/b2b/main/viewNoticeContent.html?noticeBean.id=541982,2019-02-22
陕西移动,汉中移动30辆车驾驶业务外包项目_比选公告,https://b2b.10086.cn/b2b/main/viewNoticeContent.html?noticeBean.id=541983,2019-02-22
江西移动,萍乡移动市公司本部食堂承包管理采购项目_比选采购_变更公告_(1),https://b2b.10086.cn/b2b/main/viewNoticeContent.html?noticeBean.id=541992,2019-02-22
咪咕公司,咪咕咖啡业务外包服务项目_比选公告,https://b2b.10086.cn/b2b/main/viewNoticeContent.html?noticeBean.id=541993,2019-02-22
湖南移动,湖南移动自治州分公司网络电费集中稽核支撑服务项目_比选公告,https://b2b.10086.cn/b2b/main/viewNoticeContent.html?noticeBean.id=541997,2019-02-22
宁夏移动,中国移动宁夏公司2019年全区集团客户服务活动支撑供应商采购项目(包2.包3)_比选公告,https://b2b.10086.cn/b2b/main/viewNoticeContent.html?noticeBean.id=542009,2019-02-22
山西移动,中国移动山西公司2018年省公司网络部网络管理中心互联网异常流量流向分析系统扩容的采购项目_询价公告,https://b2b.10086.cn/b2b/main/viewNoticeContent.html?noticeBean.id=542012,2019-02-22
山西移动,中国移动山西公司2018年省公司信息技术部流程监控平台的采购项目_比选公告,https://b2b.10086.cn/b2b/main/viewNoticeContent.html?noticeBean.id=542015,2019-02-22
内蒙移动,中国移动内蒙古公司2019年综合楼中央空调及新风系统日常维护保养项目_比选公告,https://b2b.10086.cn/b2b/main/viewNoticeContent.html?noticeBean.id=542026,2019-02-22
宁夏移动,中国移动宁夏公司2019-2020年数据中心电动阀门和手动阀门采购项目_招标公告,https://b2b.10086.cn/b2b/main/viewNoticeContent.html?noticeBean.id=542035,2019-02-22
陕西移动,西安分公司周至生产管理用房施工总承包项目采购_比选公告,https://b2b.10086.cn/b2b/main/viewNoticeContent.html?noticeBean.id=542044,2019-02-22
山东移动,山东移动临沂分公司2019年方城中心卫生院患者信息查询平台采购项目_比选公告,https://b2b.10086.cn/b2b/main/viewNoticeContent.html?noticeBean.id=542056,2019-02-22
贵州移动,中国移动通信集团贵州有限公司省17大数据共享平台安全配套工程等项目数据防泄漏软件、漏洞扫描设备、防病毒网关采购项目_比选公告,https://b2b.10086.cn/b2b/main/viewNoticeContent.html?noticeBean.id=542070,2019-02-22
杭州研发中心,中移（杭州）信息技术有限公司数字家庭实验室CNAS（ISOIEC17025）资质认证代理服务采购项目_比选公告,https://b2b.10086.cn/b2b/main/viewNoticeContent.html?noticeBean.id=542085,2019-02-22
