采购单位,标题,链接,发标日期
青海移动,2019年业支防绕行审计设备维保及web应用防火墙特征库服务项目采购需求_比选公告,https://b2b.10086.cn/b2b/main/viewNoticeContent.html?noticeBean.id=530481,2019-01-02
广东移动,中国移动广东公司2019-2022年生产调度中心建设项目全过程管理支撑服务公开比选项目（珠海）_比选公告,https://b2b.10086.cn/b2b/main/viewNoticeContent.html?noticeBean.id=530516,2019-01-02
咪咕公司,咪咕动漫2019-2020年次元产品研发采购项目-短视频业务支撑标包2_比选公告,https://b2b.10086.cn/b2b/main/viewNoticeContent.html?noticeBean.id=530518,2019-01-02
吉林移动,中国移动吉林公司白城分公司2018年大安市人民政府专网信息等保安全系统公开比选项目_比选公告,https://b2b.10086.cn/b2b/main/viewNoticeContent.html?noticeBean.id=530525,2019-01-02
贵州移动,2019遵义分公司年集客技术支撑服务项目_比选公告,https://b2b.10086.cn/b2b/main/viewNoticeContent.html?noticeBean.id=530531,2019-01-02
咪咕公司,咪咕视讯CDN四期工程CDN视频会议实时音视频分发及运维平台_招标公告,https://b2b.10086.cn/b2b/main/viewNoticeContent.html?noticeBean.id=530545,2019-01-02
山东移动,山东移动2018年临沂分公司临沂卫校校园网络平台系统采购项目_招标公告,https://b2b.10086.cn/b2b/main/viewNoticeContent.html?noticeBean.id=530563,2019-01-02
上海移动,中国移动上海公司2019-2022年中国移动电子采购与招标投标系统技术服务框_比选公告,https://b2b.10086.cn/b2b/main/viewNoticeContent.html?noticeBean.id=530570,2019-01-02
河南移动,河南移动2018年内容网络建设工程系统总集成采购项目_招标公告,https://b2b.10086.cn/b2b/main/viewNoticeContent.html?noticeBean.id=530584,2019-01-02
新疆移动,中国移动新疆分公司2019年迎宾路客户活动中心健身区域客户服务项目_比选公告,https://b2b.10086.cn/b2b/main/viewNoticeContent.html?noticeBean.id=530585,2019-01-02
政企分公司,四川省宜宾县机关事务管理办公室视频会议系统技术服务（中移全通）采购项目_比选公告,https://b2b.10086.cn/b2b/main/viewNoticeContent.html?noticeBean.id=530586,2019-01-02
互联网公司,中移互联网有限公司2018年PAAS平台建设公开比选项目_比选公告,https://b2b.10086.cn/b2b/main/viewNoticeContent.html?noticeBean.id=530587,2019-01-02
政企分公司,湖南省全省企业上云、ICT集成支撑服务项目（中移全通）采购项目(2)_比选公告,https://b2b.10086.cn/b2b/main/viewNoticeContent.html?noticeBean.id=530591,2019-01-02
政企分公司,福建清流县电子政务办公系统及机房改造项目政务0A办公系统开发服务部分(中移全通)采购项目_比选公告,https://b2b.10086.cn/b2b/main/viewNoticeContent.html?noticeBean.id=530595,2019-01-02
新疆移动,中国移动新疆分公司2018年CMNET省网十五期带外网管系统建设工程采购项目项目_比选公告,https://b2b.10086.cn/b2b/main/viewNoticeContent.html?noticeBean.id=530596,2019-01-02
新疆移动,中国移动新疆分公司2019年普天自动拨测系统设备维保服务项目_比选公告,https://b2b.10086.cn/b2b/main/viewNoticeContent.html?noticeBean.id=530599,2019-01-02
新疆移动,中国移动新疆分公司2018年CMNET路由流量可视化分析系统建设工程采购项目项目_比选公告,https://b2b.10086.cn/b2b/main/viewNoticeContent.html?noticeBean.id=530600,2019-01-02
终端公司,中国移动通信集团终端有限公司内蒙古分公司2019-2020年终端销售业务外包项目(2)_比选公告,https://b2b.10086.cn/b2b/main/viewNoticeContent.html?noticeBean.id=530603,2019-01-02
贵州移动,中国移动通信集团贵州有限公司2018年网络部网络安全专业工具集中应用支撑服务项目（网管）_比选公告,https://b2b.10086.cn/b2b/main/viewNoticeContent.html?noticeBean.id=530604,2019-01-02
政企分公司,上海嘉定区公共安全视频监控建设联网应用项目嘉定工业区前端新建及复接点位集成及运维服务（中移全通）采购项目_比选公告,https://b2b.10086.cn/b2b/main/viewNoticeContent.html?noticeBean.id=530610,2019-01-02
江苏移动,中国移动江苏公司南京移动和商务TV业务运行支撑服务项目_询价公告,https://b2b.10086.cn/b2b/main/viewNoticeContent.html?noticeBean.id=530619,2019-01-02
西藏移动,中国移动西藏公司质量管理2019年渠道服务质量检测项目_比选公告,https://b2b.10086.cn/b2b/main/viewNoticeContent.html?noticeBean.id=530623,2019-01-02
西藏移动,中国移动西藏公司2019年内容网络（缓存融合CDN互联网电视）运维支撑服务项目_比选公告,https://b2b.10086.cn/b2b/main/viewNoticeContent.html?noticeBean.id=530624,2019-01-02
云南移动,中国移动云南公司玉溪分公司2019年校园业务外包采购项目_比选公告,https://b2b.10086.cn/b2b/main/viewNoticeContent.html?noticeBean.id=530633,2019-01-02
四川移动,中国移动四川公司德阳分公司2018年移动俱乐部运营服务项目_比选公告,https://b2b.10086.cn/b2b/main/viewNoticeContent.html?noticeBean.id=530634,2019-01-02
河南移动,河南移动2019年IDC等系统等级保护评测项目_比选公告,https://b2b.10086.cn/b2b/main/viewNoticeContent.html?noticeBean.id=530635,2019-01-02
重庆移动,2018年信令监测5.5期（含IPv6改造）项目KVM系统扩容集成服务_询价公告,https://b2b.10086.cn/b2b/main/viewNoticeContent.html?noticeBean.id=530638,2019-01-02
西藏移动,中国移动西藏公司日喀则分公司综合部关于2019年办公终端日常维护项目_比选公告,https://b2b.10086.cn/b2b/main/viewNoticeContent.html?noticeBean.id=530640,2019-01-02
信息技术公司,中移信息技术有限公司2019年第三方软件维护服务项目（第二批次）(2)_比选公告,https://b2b.10086.cn/b2b/main/viewNoticeContent.html?noticeBean.id=530641,2019-01-02
信息技术公司,中移信息技术有限公司2018年DLP大屏幕相关硬件设备维护服务项目_比选公告,https://b2b.10086.cn/b2b/main/viewNoticeContent.html?noticeBean.id=530644,2019-01-02
终端公司,中国移动终端公司2019年2月-2020年2月物流支撑服务项目_比选公告,https://b2b.10086.cn/b2b/main/viewNoticeContent.html?noticeBean.id=530647,2019-01-02
内蒙移动,中国移动（呼和浩特）数据中心2019年-2020年基础设施、IT设备协维服务采购项目_招标公告,https://b2b.10086.cn/b2b/main/viewNoticeContent.html?noticeBean.id=530651,2019-01-02
广东移动,中国移动广东公司2019年地市政企支撑系统维护优化服务公开比选项目_比选公告,https://b2b.10086.cn/b2b/main/viewNoticeContent.html?noticeBean.id=530667,2019-01-02
江苏移动,中国移动江苏公司连云港分公司连云新城大数据中心机房楼建设土建部分可行性研究报告编制服务采购项目_比选公告,https://b2b.10086.cn/b2b/main/viewNoticeContent.html?noticeBean.id=530671,2019-01-02
物联网公司,物联网连接管理IT资源池二期建设项目（分布式可扩展数据库）(1)_比选公告,https://b2b.10086.cn/b2b/main/viewNoticeContent.html?noticeBean.id=530683,2019-01-02
广东移动,中国移动广东公司2019年家客FTTH客户终端维修翻新公开比选项目_比选公告,https://b2b.10086.cn/b2b/main/viewNoticeContent.html?noticeBean.id=530693,2019-01-02
西藏移动,中国移动西藏公司2019年客户满意度调查及短板提升项目_比选公告,https://b2b.10086.cn/b2b/main/viewNoticeContent.html?noticeBean.id=530701,2019-01-02
福建移动,福建移动厦门分公司2019-2020年通用办公IT终端设备维保服务项目_比选公告,https://b2b.10086.cn/b2b/main/viewNoticeContent.html?noticeBean.id=530712,2019-01-02
