采购单位,标题,链接,发标日期
山东移动,山东移动2019年省公司综合楼中央空调循环系统维修采购项目_比选公告,https://b2b.10086.cn/b2b/main/viewNoticeContent.html?noticeBean.id=540493,2019-02-15
政企分公司,一部手机游云南数据接入（第二批）鸡飞景区名片数据采集支撑服务（中移全通）采购项目_比选公告,https://b2b.10086.cn/b2b/main/viewNoticeContent.html?noticeBean.id=540511,2019-02-15
北京移动,中国移动北京公司中国移动北京公司网运中心2019年机房现场管理协维服务项目_比选公告,https://b2b.10086.cn/b2b/main/viewNoticeContent.html?noticeBean.id=540527,2019-02-15
陕西移动,西安分公司周至生产管理用房施工总承包项目采购_比选公告,https://b2b.10086.cn/b2b/main/viewNoticeContent.html?noticeBean.id=540528,2019-02-15
信息技术公司,中移信息技术有限公司2019年第三方软件维护服务项目（第二批次）(2)_比选公告,https://b2b.10086.cn/b2b/main/viewNoticeContent.html?noticeBean.id=540541,2019-02-15
政企分公司,江西省宜春市袁州区互联网+监督平台（中移全通）采购项目_比选公告,https://b2b.10086.cn/b2b/main/viewNoticeContent.html?noticeBean.id=540548,2019-02-15
浙江移动,中国移动杭州分公司2019-2020年城乡天眼设备维护及配套服务采购项目_比选公告,https://b2b.10086.cn/b2b/main/viewNoticeContent.html?noticeBean.id=540549,2019-02-15
山东移动,山东移动烟台分公司2019年开发区平安社区智慧管控平台采购项目_比选公告,https://b2b.10086.cn/b2b/main/viewNoticeContent.html?noticeBean.id=540575,2019-02-15
广东移动,中国移动广东公司2019年全业务集中稽核服务公开比选项目（韶关）_比选公告,https://b2b.10086.cn/b2b/main/viewNoticeContent.html?noticeBean.id=540584,2019-02-15
咪咕公司,咪咕公司IT资源池三期一阶段上海节点工程SDN系统采购_招标公告,https://b2b.10086.cn/b2b/main/viewNoticeContent.html?noticeBean.id=540594,2019-02-15
广东移动,中国移动广东公司2019年IT支撑域安全支撑服务公开比选项目_比选公告,https://b2b.10086.cn/b2b/main/viewNoticeContent.html?noticeBean.id=540615,2019-02-15
山东移动,山东移动2019年济南开发区机房高低压配套扩容工程综合监理项目_招标公告,https://b2b.10086.cn/b2b/main/viewNoticeContent.html?noticeBean.id=540616,2019-02-15
山东移动,山东移动威海分公司2019年文登开发区OA平台采购项目_采购公告,https://b2b.10086.cn/b2b/main/viewNoticeContent.html?noticeBean.id=540619,2019-02-15
海南移动,中国移动海南公司第五期异网短信通道业务项目_比选公告,https://b2b.10086.cn/b2b/main/viewNoticeContent.html?noticeBean.id=540626,2019-02-15
云南移动,中国移动云南公司销售分公司2019年业务推广活动执行支撑框架采购项目_比选公告,https://b2b.10086.cn/b2b/main/viewNoticeContent.html?noticeBean.id=540628,2019-02-15
