采购单位,标题,链接,发标日期
上海移动,中国移动上海公司2019-2020年“和包”手机钱包专业化服务支撑项目_竞争性谈判采购公告,https://b2b.10086.cn/b2b/main/viewNoticeContent.html?noticeBean.id=532528,2019-01-09
信息技术公司,2018年一级业务支撑网物联网运营流程安全管控体系研究研发服务采购_比选公告,https://b2b.10086.cn/b2b/main/viewNoticeContent.html?noticeBean.id=532545,2019-01-09
北京移动,中国移动北京公司网信安中心2019年2月-2019年12月新技术新业务信息安全评估支持服务项目_比选公告,https://b2b.10086.cn/b2b/main/viewNoticeContent.html?noticeBean.id=532565,2019-01-09
江苏移动,中国移动江苏公司吴江汾湖数据中心项目消防测试服务采购项目项目_询价公告,https://b2b.10086.cn/b2b/main/viewNoticeContent.html?noticeBean.id=532587,2019-01-09
江苏移动,中国移动江苏公司关于数据中心(无锡）三期发电机机组安装公开比选的请示项目_比选公告,https://b2b.10086.cn/b2b/main/viewNoticeContent.html?noticeBean.id=532592,2019-01-09
湖北移动,中国移动湖北公司2019-2020年有线宽带接入工程施工项目（第二次）_招标公告,https://b2b.10086.cn/b2b/main/viewNoticeContent.html?noticeBean.id=532593,2019-01-09
四川移动,中国移动四川公司成都分公司2019年政企重要客户差异化服务提升项目_比选公告,https://b2b.10086.cn/b2b/main/viewNoticeContent.html?noticeBean.id=532595,2019-01-09
贵州移动,毕节分公司智能综合显示大屏项目 _比选公告,https://b2b.10086.cn/b2b/main/viewNoticeContent.html?noticeBean.id=532598,2019-01-09
重庆移动,2019年酉阳分公司集团信息化ICT项目维保服务-(数字化城市管理系统维护、政府云视讯维护)_比选公告,https://b2b.10086.cn/b2b/main/viewNoticeContent.html?noticeBean.id=532605,2019-01-09
重庆移动,璧山分公司2019年电脑终端维护服务的采购_比选公告,https://b2b.10086.cn/b2b/main/viewNoticeContent.html?noticeBean.id=532610,2019-01-09
政企分公司, 中国移动云南公司迪庆分公司2018年迪庆藏族自治州电子政务ICT系统集成服务电子政务平台服务（中移全通）采购项目(2)_比选公告,https://b2b.10086.cn/b2b/main/viewNoticeContent.html?noticeBean.id=532620,2019-01-09
云南移动,中国移动云南公司2019年信息系统软件开发工作量评估服务项目_比选公告,https://b2b.10086.cn/b2b/main/viewNoticeContent.html?noticeBean.id=532627,2019-01-09
铁通公司,中移铁通黑龙江分公司2019年市场销售服务劳务分包采购项目_比选公告,https://b2b.10086.cn/b2b/main/viewNoticeContent.html?noticeBean.id=532628,2019-01-09
湖南移动,湖南移动长沙分公司中南大学”一张网”宽带网络运维服务项目_比选公告,https://b2b.10086.cn/b2b/main/viewNoticeContent.html?noticeBean.id=532629,2019-01-09
政企分公司,【和宝贝-宝贝在线】业务合作项目（中移全通）采购项目（3）_比选公告,https://b2b.10086.cn/b2b/main/viewNoticeContent.html?noticeBean.id=532632,2019-01-09
广东移动,中国移动广东公司2018-2024年生产调度中心建设项目全过程管理支撑服务公开招标项目（揭阳）（第二次）_招标公告,https://b2b.10086.cn/b2b/main/viewNoticeContent.html?noticeBean.id=532657,2019-01-09
重庆移动,2018年垫江分公司办公网络及设备终端维护服务_比选公告,https://b2b.10086.cn/b2b/main/viewNoticeContent.html?noticeBean.id=532665,2019-01-09
苏州研发中心,苏州研发中心2018年兼容性实验室三期一阶段扩容工程SSD采购项目_询价公告,https://b2b.10086.cn/b2b/main/viewNoticeContent.html?noticeBean.id=532677,2019-01-09
政企分公司,兰州市粮库智能化升级改造（中移全通）采购项目(2)_比选公告,https://b2b.10086.cn/b2b/main/viewNoticeContent.html?noticeBean.id=532679,2019-01-09
苏州研发中心,苏州研发中心2019年二期（A06）会议及多媒体系统工程_招标公告,https://b2b.10086.cn/b2b/main/viewNoticeContent.html?noticeBean.id=532680,2019-01-09
总部,中国移动2019至2022年企业年金管理合作机构采购（投资管理人）_比选公告,https://b2b.10086.cn/b2b/main/viewNoticeContent.html?noticeBean.id=532683,2019-01-09
福建移动,漳州市政府办公室邮件升级系统采购项目_询价公告,https://b2b.10086.cn/b2b/main/viewNoticeContent.html?noticeBean.id=532686,2019-01-09
西藏移动,中国移动西藏公司关于2019年集团专线专项支撑服务项目_比选公告,https://b2b.10086.cn/b2b/main/viewNoticeContent.html?noticeBean.id=532698,2019-01-09
政企分公司,一卡通系统三期工程人脸门禁子系统_招标公告,https://b2b.10086.cn/b2b/main/viewNoticeContent.html?noticeBean.id=532699,2019-01-09
政企分公司,中国移动智能抄表云平台一期工程项目(2)_招标公告,https://b2b.10086.cn/b2b/main/viewNoticeContent.html?noticeBean.id=532711,2019-01-09
