采购单位,标题,链接,发标日期
北京移动,中国移动北京公司 交付中心2019年-2020年传输资源清查数据清洗服务项目 _比选公告,https://b2b.10086.cn/b2b/main/viewNoticeContent.html?noticeBean.id=588346,2019-08-18
物联网公司,智慧教育共享系统采购项目_询价公告,https://b2b.10086.cn/b2b/main/viewNoticeContent.html?noticeBean.id=588347,2019-08-18
内蒙移动,2019年巴彦淖尔分公司五原胜丰镇西圪梁村等宽带三方合作项目_二次公告,https://b2b.10086.cn/b2b/main/viewNoticeContent.html?noticeBean.id=588360,2019-08-19
安徽移动,2019年芜湖移动和商务直播支撑服务采购项目_采购公告,https://b2b.10086.cn/b2b/main/viewNoticeContent.html?noticeBean.id=588369,2019-08-19
设计院,2019年设计院生产调度系统开发与集成服务项目_比选公告,https://b2b.10086.cn/b2b/main/viewNoticeContent.html?noticeBean.id=588391,2019-08-19
湖南移动,2019-2020年株洲政企信息化支撑技术配合服务项目_比选公告,https://b2b.10086.cn/b2b/main/viewNoticeContent.html?noticeBean.id=588419,2019-08-19
安徽移动,芜湖移动2019年上铁芜湖货运中心马鞍山交接口视频监管系统集成服务采购项目_采购公告,https://b2b.10086.cn/b2b/main/viewNoticeContent.html?noticeBean.id=588425,2019-08-19
湖南移动,邵阳武冈市委视频会议系统ICT服务_比选公告,https://b2b.10086.cn/b2b/main/viewNoticeContent.html?noticeBean.id=588440,2019-08-19
新疆移动,中国移动通信集团新疆有限公司云大中心昌吉数据中心绿化项目（二次公告）,https://b2b.10086.cn/b2b/main/viewNoticeContent.html?noticeBean.id=588443,2019-08-19
重庆移动,CMNET十七期省网扩容工程路由可视化软件采购_招标公告,https://b2b.10086.cn/b2b/main/viewNoticeContent.html?noticeBean.id=588446,2019-08-19
江苏移动,中国移动江苏公司关于无锡分公司2019-2020年设备租赁（出摊营销充电设备租赁）的采购项目_询价公告,https://b2b.10086.cn/b2b/main/viewNoticeContent.html?noticeBean.id=588449,2019-08-19
浙江移动,中国移动浙江公司2019年度蓄冷罐、板式换热器、水泵和群控系统产品采购项目_招标公告,https://b2b.10086.cn/b2b/main/viewNoticeContent.html?noticeBean.id=588459,2019-08-19
重庆移动,2019年集团市场调研项目_比选公告,https://b2b.10086.cn/b2b/main/viewNoticeContent.html?noticeBean.id=588461,2019-08-19
政企分公司,2019年四川省德阳市罗江区御营镇村委会信息化集成服务（中移全通）采购项目_比选公告,https://b2b.10086.cn/b2b/main/viewNoticeContent.html?noticeBean.id=588475,2019-08-19
苏州研发中心,苏州研发中心2019-2020年员工工作服采购项目_比选公告,https://b2b.10086.cn/b2b/main/viewNoticeContent.html?noticeBean.id=588478,2019-08-19
