采购单位,标题,链接,发标日期
山西移动,中国移动山西公司2019年省公司网络管理中心公有云服务能力提升采购项目_比选公告,https://b2b.10086.cn/b2b/main/viewNoticeContent.html?noticeBean.id=590679,2019-08-27
在线服务公司,在线服务公司2019年客服呼入业务众包服务项目（湖北辽宁海南河北）_比选公告,https://b2b.10086.cn/b2b/main/viewNoticeContent.html?noticeBean.id=590702,2019-08-27
北京移动,中国移动北京公司2019-2020年政企客户项目高级售前支撑服务(5G）采购项目_比选公告,https://b2b.10086.cn/b2b/main/viewNoticeContent.html?noticeBean.id=590719,2019-08-27
山东移动,山东移动菏泽分公司2019年邮政物流车管理平台采购项目_比选公告,https://b2b.10086.cn/b2b/main/viewNoticeContent.html?noticeBean.id=590723,2019-08-27
贵州移动,2019年-2022年（36个月）销售运营部营业厅形象升级服务支撑项目_比选公告,https://b2b.10086.cn/b2b/main/viewNoticeContent.html?noticeBean.id=590727,2019-08-27
福建移动,2019年ICT一期漳州台商投资区中小企业公共服务平台建设项目_询价公告,https://b2b.10086.cn/b2b/main/viewNoticeContent.html?noticeBean.id=590741,2019-08-27
政企分公司,广西玉林南兴盛世江南二期(盛世乾隆)7#、8#楼及地下室信息化建设（中移全通）采购项目_比选公告,https://b2b.10086.cn/b2b/main/viewNoticeContent.html?noticeBean.id=590744,2019-08-27
咪咕公司,咪咕音乐全国视频彩铃网关工程-31省彩铃网关定制开发软件及联调集成项目-标包4_招标公告,https://b2b.10086.cn/b2b/main/viewNoticeContent.html?noticeBean.id=590745,2019-08-27
咪咕公司,咪咕音乐全国视频彩铃网关工程-31省彩铃网关定制开发软件及联调集成项目-标包1_招标公告,https://b2b.10086.cn/b2b/main/viewNoticeContent.html?noticeBean.id=590746,2019-08-27
咪咕公司,咪咕音乐全国视频彩铃网关工程-31省彩铃网关定制开发软件及联调集成项目-标包3_招标公告,https://b2b.10086.cn/b2b/main/viewNoticeContent.html?noticeBean.id=590755,2019-08-27
咪咕公司,咪咕音乐全国视频彩铃网关工程-31省彩铃网关定制开发软件及联调集成项目-标包2_招标公告,https://b2b.10086.cn/b2b/main/viewNoticeContent.html?noticeBean.id=590756,2019-08-27
政企分公司,陕西移动延安大学智慧校园信息化服务(中移全通)采购项目_比选公告,https://b2b.10086.cn/b2b/main/viewNoticeContent.html?noticeBean.id=590765,2019-08-27
政企分公司,中国移动智慧校园平台工程（中移全通）采购项目_比选公告,https://b2b.10086.cn/b2b/main/viewNoticeContent.html?noticeBean.id=590766,2019-08-27
内蒙移动,2019年巴彦淖尔分公司前旗七份子村等11处村社宽带三方合作项目_采购变更公告(1),https://b2b.10086.cn/b2b/main/viewNoticeContent.html?noticeBean.id=590777,2019-08-27
河南移动,河南公司2019年客户信息泄露监测服务采购项目_比选公告,https://b2b.10086.cn/b2b/main/viewNoticeContent.html?noticeBean.id=590779,2019-08-27
湖北移动,中国移动湖北公司集团短彩业务销售代理商公开招募_采购公告,https://b2b.10086.cn/b2b/main/viewNoticeContent.html?noticeBean.id=590787,2019-08-27
终端公司,中国移动通信集团终端有限公司甘肃分公司“市州移动网络质量优化监测服务”合作项目采购_比选公告,https://b2b.10086.cn/b2b/main/viewNoticeContent.html?noticeBean.id=590794,2019-08-27
江苏移动,中国移动江苏公司扬州分公司江都天眼二期接电维护服务项目_比选公告,https://b2b.10086.cn/b2b/main/viewNoticeContent.html?noticeBean.id=590801,2019-08-27
政企分公司,中移全通新疆软件园办公新址装修施工采购项目_比选公告,https://b2b.10086.cn/b2b/main/viewNoticeContent.html?noticeBean.id=590817,2019-08-27
政企分公司,重庆市合川瑞山中学中心机房、网络设备以及综合布线系统(中移全通）采购项目_比选公告,https://b2b.10086.cn/b2b/main/viewNoticeContent.html?noticeBean.id=590841,2019-08-27
政企分公司,河北省邢台市政法系统网络扩容(中移全通)采购项目_比选公告,https://b2b.10086.cn/b2b/main/viewNoticeContent.html?noticeBean.id=590843,2019-08-27
湖南移动,岳阳市智慧城管二期项目通讯运营租赁合同项目（软件开发服务采购）_比选公告,https://b2b.10086.cn/b2b/main/viewNoticeContent.html?noticeBean.id=590845,2019-08-27
