采购单位,标题,链接,发标日期
重庆移动,2019年黔江分公司电脑软件维护服务采购项目_比选公告,https://b2b.10086.cn/b2b/main/viewNoticeContent.html?noticeBean.id=548910,2019-03-25
安徽移动,淮北公司政企部相山区民政局养老办等微信公众平台信息化集成服务_采购公告,https://b2b.10086.cn/b2b/main/viewNoticeContent.html?noticeBean.id=548937,2019-03-25
北京移动,中国移动北京公司网信安中心2019年4月-2020年年4月安全管控平台第三方软件维护项目_比选公告,https://b2b.10086.cn/b2b/main/viewNoticeContent.html?noticeBean.id=548942,2019-03-25
北京移动,中国移动北京公司2019年网运中心网管系统搬迁项目_比选公告,https://b2b.10086.cn/b2b/main/viewNoticeContent.html?noticeBean.id=548943,2019-03-25
福建移动,2019年泉州移动南安市自来水公司智能化代建项目（第二次）,https://b2b.10086.cn/b2b/main/viewNoticeContent.html?noticeBean.id=548953,2019-03-25
重庆移动,北碚分公司2019年室分和宽带网络疑难站点选址项目_询价公告,https://b2b.10086.cn/b2b/main/viewNoticeContent.html?noticeBean.id=548958,2019-03-25
终端公司,中国移动通信集团终端有限公司甘肃分公司2019年-2020年兰州地区售后业务外包采购项目_比选公告,https://b2b.10086.cn/b2b/main/viewNoticeContent.html?noticeBean.id=548964,2019-03-25
云南移动,中国移动云南公司德宏分公司2019-2020年常态化业务宣传推介活动服务采购项目_竞争性谈判采购公告,https://b2b.10086.cn/b2b/main/viewNoticeContent.html?noticeBean.id=548985,2019-03-25
辽宁移动,中国移动辽宁公司2019年位置业务话单支撑系统采购项目_招标公告,https://b2b.10086.cn/b2b/main/viewNoticeContent.html?noticeBean.id=549015,2019-03-25
广西移动,中国移动广西公司网络运营支撑系统2018年主体容量扩容工程（VPN设备）采购项目_比选公告,https://b2b.10086.cn/b2b/main/viewNoticeContent.html?noticeBean.id=549022,2019-03-25
杭州研发中心,中移（杭州）信息技术有限公司人工智能高级技术服务采购项目_比选公告,https://b2b.10086.cn/b2b/main/viewNoticeContent.html?noticeBean.id=549037,2019-03-25
政企分公司,2018年中移全通云南集客中心信息化技术支撑服务框架项目（订单采购）_比选公告,https://b2b.10086.cn/b2b/main/viewNoticeContent.html?noticeBean.id=549054,2019-03-25
上海移动,中国移动上海公司上海市公安局奉贤分局警务通系统配套集成项目_比选公告,https://b2b.10086.cn/b2b/main/viewNoticeContent.html?noticeBean.id=549055,2019-03-25
苏州研发中心,苏州研发中心2019年-2020年110kV外线巡视以及运维服务_比选公告,https://b2b.10086.cn/b2b/main/viewNoticeContent.html?noticeBean.id=549061,2019-03-25
