采购单位,标题,链接,发标日期
互联网公司,中移互联网有限公司2019年家庭云智能相框采购公开比选项目_比选公告,https://b2b.10086.cn/b2b/main/viewNoticeContent.html?noticeBean.id=599034,2019-09-26
苏州研发中心,苏州研发中心2019年移动云等级保护（三级）测评服务项目_比选公告,https://b2b.10086.cn/b2b/main/viewNoticeContent.html?noticeBean.id=599061,2019-09-26
湖南移动,湖南移动娄底分公司开发区新办公大楼光伏电站试点项目_比选公告,https://b2b.10086.cn/b2b/main/viewNoticeContent.html?noticeBean.id=599066,2019-09-26
江苏移动,中国移动江苏公司2019-2020年苏州分公司和商务直播支撑服务项目_询价公告,https://b2b.10086.cn/b2b/main/viewNoticeContent.html?noticeBean.id=599072,2019-09-26
浙江移动,中国移动浙江公司2019年度加快大IT中台能力提升、推动智慧运营升级专项规划技术支持服务_比选公告,https://b2b.10086.cn/b2b/main/viewNoticeContent.html?noticeBean.id=599080,2019-09-26
河北移动,中国移动河北公司中移通信技术分公司南区中央空调系统维修项目_比选公告,https://b2b.10086.cn/b2b/main/viewNoticeContent.html?noticeBean.id=599083,2019-09-26
北京移动,中国移动北京公司美惠大厦2019年NB-IOT感烟系统项目_比选公告,https://b2b.10086.cn/b2b/main/viewNoticeContent.html?noticeBean.id=599091,2019-09-26
福建移动,中国移动福建公司福建移动通信技术研发项目电源配套工程采购项目_比选公告,https://b2b.10086.cn/b2b/main/viewNoticeContent.html?noticeBean.id=599100,2019-09-26
内蒙移动,中国移动（呼和浩特）数据中心二期一阶段机电配套工程B04、B05、B06机房10KV高压配电设备采购项目_采购公告,https://b2b.10086.cn/b2b/main/viewNoticeContent.html?noticeBean.id=599132,2019-09-26
陕西移动,关于连锁渠道运营中心渠道建设“沃丰 玖拾之间”场地租赁的采购项目_采购变更公告(1),https://b2b.10086.cn/b2b/main/viewNoticeContent.html?noticeBean.id=599138,2019-09-26
陕西移动,关于连锁渠道运营中心渠道建设“大华1935”场地租赁的采购项目_采购变更公告(1),https://b2b.10086.cn/b2b/main/viewNoticeContent.html?noticeBean.id=599139,2019-09-26
