采购单位,标题,链接,发标日期
湖南移动,2019-2020年度湖南移动IT系统集成服务项目_招标公告,https://b2b.10086.cn/b2b/main/viewNoticeContent.html?noticeBean.id=547512,2019-03-19
辽宁移动,中国移动辽宁公司第二届辽宁移动信息化展示大会会展服务项目（2019年）_比选公告,https://b2b.10086.cn/b2b/main/viewNoticeContent.html?noticeBean.id=547524,2019-03-19
黑龙江移动,黑龙江移动齐齐哈尔市2019年行业客户信息化观摩活动会议服务采购项目_比选公告,https://b2b.10086.cn/b2b/main/viewNoticeContent.html?noticeBean.id=547529,2019-03-19
苏州研发中心,苏州研发中心2019年集中化服务采购_比选公告,https://b2b.10086.cn/b2b/main/viewNoticeContent.html?noticeBean.id=547531,2019-03-19
山东移动,山东移动2018年云服务信息安全系统建设工程采购项目_招标公告,https://b2b.10086.cn/b2b/main/viewNoticeContent.html?noticeBean.id=547557,2019-03-19
新疆移动,中国移动新疆分公司克州分公司2019年家集客运维支撑技术服务项目采购项目_比选公告,https://b2b.10086.cn/b2b/main/viewNoticeContent.html?noticeBean.id=547573,2019-03-19
政企分公司,山东省济宁市工商行政管理局消保APP平台开发服务（中移全通）采购项目_比选公告,https://b2b.10086.cn/b2b/main/viewNoticeContent.html?noticeBean.id=547575,2019-03-19
陕西移动,“工会先锋云”APP开发及运营项目_比选公告,https://b2b.10086.cn/b2b/main/viewNoticeContent.html?noticeBean.id=547582,2019-03-19
云南移动,中国移动云南公司呈贡数据中心一期工程近期小机电配套工程施工图设计服务项目_招标公告,https://b2b.10086.cn/b2b/main/viewNoticeContent.html?noticeBean.id=547585,2019-03-19
陕西移动,南郑东新村等4处宽带网元租赁项目_比选公告,https://b2b.10086.cn/b2b/main/viewNoticeContent.html?noticeBean.id=547591,2019-03-19
江苏移动,中国移动江苏公司连云港分公司全区中央空调维护服务采购项目_询价公告,https://b2b.10086.cn/b2b/main/viewNoticeContent.html?noticeBean.id=547592,2019-03-19
广西移动,中国移动广西公司柳州分公司综合业务接入机房室外油罐安装工程采购项目_比选公告,https://b2b.10086.cn/b2b/main/viewNoticeContent.html?noticeBean.id=547601,2019-03-19
重庆移动,2019年彭水分公司清欠业务合作项目_比选公告,https://b2b.10086.cn/b2b/main/viewNoticeContent.html?noticeBean.id=547606,2019-03-19
CMFT,中移动金融科技有限公司2019-2021年中粮置地广场办公区入室物业管理服务项目_比选公告,https://b2b.10086.cn/b2b/main/viewNoticeContent.html?noticeBean.id=547635,2019-03-19
新疆移动,中国移动新疆分公司2019年伊犁分公司项目转资及项目关闭支撑服务项目项目_比选公告,https://b2b.10086.cn/b2b/main/viewNoticeContent.html?noticeBean.id=547651,2019-03-19
财务公司,中国移动通信集团财务有限公司2018年度总体投资及报表管理系统项目后评估项目_比选公告,https://b2b.10086.cn/b2b/main/viewNoticeContent.html?noticeBean.id=547678,2019-03-19
