采购单位,标题,链接,发标日期
湖北移动,中国移动湖北公司武汉分公司经开16C业务区普通传输汇聚机房购置项目_公开竞争性谈判采购二次公告(1),https://b2b.10086.cn/b2b/main/viewNoticeContent.html?noticeBean.id=603258,2019-10-17
安徽移动,亳州分公司市场经营部5G演示设备采购项目_采购公告,https://b2b.10086.cn/b2b/main/viewNoticeContent.html?noticeBean.id=603271,2019-10-17
安徽移动,合肥移动合肥赛为智能有限公司等单位物联网模组采购项目_采购公告,https://b2b.10086.cn/b2b/main/viewNoticeContent.html?noticeBean.id=603280,2019-10-17
河南移动,2019年政企客户部基础教育市场校园公共视频电话采购项目_采购公告,https://b2b.10086.cn/b2b/main/viewNoticeContent.html?noticeBean.id=603281,2019-10-17
天津移动,中国移动天津公司2019-2021年运维支撑系统安全加固技术服务集中采购项目_比选公告,https://b2b.10086.cn/b2b/main/viewNoticeContent.html?noticeBean.id=603284,2019-10-17
浙江移动,中国移动浙江公司2019年度有源GPS放大分路系统集中采购项目_招标公告,https://b2b.10086.cn/b2b/main/viewNoticeContent.html?noticeBean.id=603289,2019-10-17
移动学院,移动学院2019年学七楼电梯维护服务采购项目_采购公告,https://b2b.10086.cn/b2b/main/viewNoticeContent.html?noticeBean.id=603302,2019-10-17
山东移动,山东移动菏泽分公司2019年济宁银行WIFI管理平台项目_采购变更公告(1),https://b2b.10086.cn/b2b/main/viewNoticeContent.html?noticeBean.id=603309,2019-10-17
山东移动,山东移动菏泽分公司2019年单县国税局无线覆盖平台建设项目_采购变更公告(1),https://b2b.10086.cn/b2b/main/viewNoticeContent.html?noticeBean.id=603310,2019-10-17
移动学院,移动学院2019年360安全防护软件采购项目_采购公告,https://b2b.10086.cn/b2b/main/viewNoticeContent.html?noticeBean.id=603311,2019-10-17
山东移动,山东移动菏泽分公司2019年市农信社农金通平台系统项目_采购变更公告(1),https://b2b.10086.cn/b2b/main/viewNoticeContent.html?noticeBean.id=603333,2019-10-17
贵州移动,中国移动通信集团贵州有限公司 2019年业务与信息安全符合性检查服务项目_比选公告,https://b2b.10086.cn/b2b/main/viewNoticeContent.html?noticeBean.id=603334,2019-10-17
终端公司,中国移动终端公司湖北分公司2020年1月—2021年12月物业管理服务项目_比选公告,https://b2b.10086.cn/b2b/main/viewNoticeContent.html?noticeBean.id=603347,2019-10-17
江苏移动,中国移动江苏公司东13综合业务接入区机房购置项目_采购公告,https://b2b.10086.cn/b2b/main/viewNoticeContent.html?noticeBean.id=603348,2019-10-17
北京移动,中国移动北京公司交付中心2019年8月-2021年7月光缆纤芯性能分析技术服务项目 _比选公告,https://b2b.10086.cn/b2b/main/viewNoticeContent.html?noticeBean.id=603353,2019-10-17
辽宁移动,中国移动辽宁公司2019年网络安全管控平台扩容项目（Citrix产品授权）_比选公告,https://b2b.10086.cn/b2b/main/viewNoticeContent.html?noticeBean.id=603359,2019-10-17
北京移动,中国移动北京公司网信安中心2020年诈骗电话举报投诉数据排查技术支持服务项目_比选公告,https://b2b.10086.cn/b2b/main/viewNoticeContent.html?noticeBean.id=603374,2019-10-17
北京移动,中国移动北京公司 网信安中心2020-2021年绿盟网络安全系统设备维保服务项目_比选公告,https://b2b.10086.cn/b2b/main/viewNoticeContent.html?noticeBean.id=603375,2019-10-17
辽宁移动,中国移动辽宁公司2019年大数据安全管控平台扩容工程项目（终端文档安全管理系统）_比选公告,https://b2b.10086.cn/b2b/main/viewNoticeContent.html?noticeBean.id=603384,2019-10-17
安徽移动,合肥移动合肥赛为智能有限公司等单位5G CPE采购项目_采购公告,https://b2b.10086.cn/b2b/main/viewNoticeContent.html?noticeBean.id=603393,2019-10-17
福建移动,2019-2020年漳州分公司生产办公场所安防系统维保服务项目_比选公告,https://b2b.10086.cn/b2b/main/viewNoticeContent.html?noticeBean.id=603400,2019-10-17
甘肃移动,中国移动甘肃公司嘉峪关分公司2019年车载智能视频监控报警装置采购项目_比选公告,https://b2b.10086.cn/b2b/main/viewNoticeContent.html?noticeBean.id=603402,2019-10-17
安徽移动,叶集区第三期社会治安视频监控系统建设采购项目_询价公告,https://b2b.10086.cn/b2b/main/viewNoticeContent.html?noticeBean.id=603404,2019-10-17
铁通公司,中移铁通有限公司淮安分公司专线业务支撑服务项目_比选公告,https://b2b.10086.cn/b2b/main/viewNoticeContent.html?noticeBean.id=603412,2019-10-17
