采购单位,标题,链接,发标日期
广东移动,中国移动广东公司2019年通讯信息诈骗治理服务支撑公开比选项目_比选公告,https://b2b.10086.cn/b2b/main/viewNoticeContent.html?noticeBean.id=596810,2019-09-18
安徽移动,2019年零星维护材料（视讯部分）采购项目_询价公告,https://b2b.10086.cn/b2b/main/viewNoticeContent.html?noticeBean.id=596822,2019-09-18
贵州移动,贵州省2019年业务网贵安二期IDC信息安全系统扩容工程_招标公告,https://b2b.10086.cn/b2b/main/viewNoticeContent.html?noticeBean.id=596830,2019-09-18
内蒙移动,中国移动通信集团内蒙古有限公司乌兰察布分公司2019年微信营业厅运营服务项目_比选公告,https://b2b.10086.cn/b2b/main/viewNoticeContent.html?noticeBean.id=596833,2019-09-18
移动学院,移动学院2019年餐饮原材料价格调查网络平台采购项目_采购公告,https://b2b.10086.cn/b2b/main/viewNoticeContent.html?noticeBean.id=596850,2019-09-18
江苏移动,中国移动江苏公司徐州分公司校园自媒体运营及活动落实项目_比选公告,https://b2b.10086.cn/b2b/main/viewNoticeContent.html?noticeBean.id=596857,2019-09-18
福建移动,2019年福建移动福州分公司平潭综合实验区电动车管理服务平台公开招标项目_招标公告,https://b2b.10086.cn/b2b/main/viewNoticeContent.html?noticeBean.id=596860,2019-09-18
甘肃移动,中国移动甘肃公司2019年安全威胁分析与预警平台三期工程APT威胁监测设备、全流量溯源取证设备、仿真与取证设备采购项目_比选公告,https://b2b.10086.cn/b2b/main/viewNoticeContent.html?noticeBean.id=596879,2019-09-18
甘肃移动,中国移动甘肃公司2019年业务支撑系统安全管理平台八期工程消磁设备采购项目_比选公告,https://b2b.10086.cn/b2b/main/viewNoticeContent.html?noticeBean.id=596880,2019-09-18
江西移动,萍乡移动集客专线业务IMS接入设备采购项目_比选公告,https://b2b.10086.cn/b2b/main/viewNoticeContent.html?noticeBean.id=596882,2019-09-18
安徽移动,第三代业务支撑系统四期工程互动营销H5游戏配置发布管理平台软件采购项目_比选公告,https://b2b.10086.cn/b2b/main/viewNoticeContent.html?noticeBean.id=596890,2019-09-18
铁通公司,中移铁通广东分公司东山通信楼消防系统气瓶检测服务采购项目(第2次)_比选采购_变更公告_(1),https://b2b.10086.cn/b2b/main/viewNoticeContent.html?noticeBean.id=596904,2019-09-18
信息技术公司,2019-2021年黑龙江移动培训微信公众平台运营服务框架采购_比选公告,https://b2b.10086.cn/b2b/main/viewNoticeContent.html?noticeBean.id=596916,2019-09-18
江苏移动,中国移动江苏公司泰州分公司2019年家客业务技术支持服务项目_比选公告,https://b2b.10086.cn/b2b/main/viewNoticeContent.html?noticeBean.id=596918,2019-09-18
咪咕公司,咪咕音乐有限公司2020年12530智能语音运营支撑项目_比选公告,https://b2b.10086.cn/b2b/main/viewNoticeContent.html?noticeBean.id=596934,2019-09-18
