采购单位,标题,链接,发标日期
浙江移动,中国移动浙江公司2019-2020年度亚运会涉税支撑服务项目_比选采购_变更公告_(1),https://b2b.10086.cn/b2b/main/viewNoticeContent.html?noticeBean.id=594677,2019-09-10
安徽移动,铜陵学院物联网应用产品智能门锁采购项目_采购公告,https://b2b.10086.cn/b2b/main/viewNoticeContent.html?noticeBean.id=594698,2019-09-10
铁通公司,中移铁通天津分公司后勤管理服务项目_询价公告,https://b2b.10086.cn/b2b/main/viewNoticeContent.html?noticeBean.id=594718,2019-09-10
安徽移动,2019年池州移动酒店智能终端产品采购项目_询价公告,https://b2b.10086.cn/b2b/main/viewNoticeContent.html?noticeBean.id=594726,2019-09-10
湖南移动,中国移动湖南公司邵阳分公司市本部（含城区营销中心）及邵阳县、邵东、新邵等10个单位员工食堂食材项目1_比选公告,https://b2b.10086.cn/b2b/main/viewNoticeContent.html?noticeBean.id=594732,2019-09-10
广东移动,中国移动广东公司2019-2020年会务通业务维护支撑公开比选项目（湛江）_比选公告,https://b2b.10086.cn/b2b/main/viewNoticeContent.html?noticeBean.id=594738,2019-09-10
政企分公司,四川省自贡市教育平台运营支撑服务（中移全通）采购项目_比选公告,https://b2b.10086.cn/b2b/main/viewNoticeContent.html?noticeBean.id=594743,2019-09-10
黑龙江移动,黑龙江移动佳木斯集客信息化展厅数字沙盘采购项目_询价公告,https://b2b.10086.cn/b2b/main/viewNoticeContent.html?noticeBean.id=594769,2019-09-10
湖南移动,中国移动湖南公司张家界分公司2019年城区（聚类市场及商圈）促销项目_比选公告,https://b2b.10086.cn/b2b/main/viewNoticeContent.html?noticeBean.id=594776,2019-09-10
中移金科,2019年和包平台网络监控服务项目_比选公告,https://b2b.10086.cn/b2b/main/viewNoticeContent.html?noticeBean.id=594785,2019-09-10
政企分公司,湖南省总工会“互联网+工会”信息系统建设服务项目机房设备及集成服务（中移全通）采购项目_比选公告,https://b2b.10086.cn/b2b/main/viewNoticeContent.html?noticeBean.id=594786,2019-09-10
上海移动,中国移动上海公司2019-21年Radware设备维护技术服务框架_询价公告,https://b2b.10086.cn/b2b/main/viewNoticeContent.html?noticeBean.id=594799,2019-09-10
四川移动,中国移动四川公司达州分公司2019-2020年存量运营技术服务项目_比选公告,https://b2b.10086.cn/b2b/main/viewNoticeContent.html?noticeBean.id=594803,2019-09-10
政企分公司,重庆市渝北区人民医院新建医院信息化建设第一期项目配套设备及集成服务（中移全通）采购项目_比选公告,https://b2b.10086.cn/b2b/main/viewNoticeContent.html?noticeBean.id=594806,2019-09-10
北京移动,中国移动北京公司云产品及IDC产品售前售中支撑服务项目_比选公告,https://b2b.10086.cn/b2b/main/viewNoticeContent.html?noticeBean.id=594814,2019-09-10
政企分公司,河南焦作多氟多化工股份有限公司“集团企业管控平台”应用（中移全通）采购项目_比选公告,https://b2b.10086.cn/b2b/main/viewNoticeContent.html?noticeBean.id=594832,2019-09-10
