采购单位,标题,链接,发标日期
北京移动,中国移动北京公司2020-2021年互联网业务质量分析服务项目_比选公告,https://b2b.10086.cn/b2b/main/viewNoticeContent.html?noticeBean.id=606694,2019-10-30
新疆移动,克拉玛依市分公司2020年网管日常维护项目_比选公告,https://b2b.10086.cn/b2b/main/viewNoticeContent.html?noticeBean.id=606725,2019-10-30
浙江移动,中国移动浙江公司私有云DCN十七期业务策略自动开通平台等四个单项采购_招标公告,https://b2b.10086.cn/b2b/main/viewNoticeContent.html?noticeBean.id=606755,2019-10-30
内蒙移动,中国移动（呼和浩特）数据中心二期一阶段机电配套工程（B05空调系统安装工程、B05机房及制冷站配套集成工程）设备采购项目变更公告,https://b2b.10086.cn/b2b/main/viewNoticeContent.html?noticeBean.id=606757,2019-10-30
北京移动,中国移动北京公司网信安中心2020年网络安全产品运营技术支持服务项目_比选公告,https://b2b.10086.cn/b2b/main/viewNoticeContent.html?noticeBean.id=606761,2019-10-30
河北移动,中国移动河北公司集团公司数据中心地勘（初勘）采购(张家口)项目_比选公告,https://b2b.10086.cn/b2b/main/viewNoticeContent.html?noticeBean.id=606778,2019-10-30
新疆移动,2020年迎宾路客户活动中心服务_比选公告,https://b2b.10086.cn/b2b/main/viewNoticeContent.html?noticeBean.id=606794,2019-10-30
新疆移动,2020年迎宾路客户活动中心健身区域客户服务_比选公告,https://b2b.10086.cn/b2b/main/viewNoticeContent.html?noticeBean.id=606795,2019-10-30
新疆移动,2020年政企客户部体验中心第三方服务_比选公告,https://b2b.10086.cn/b2b/main/viewNoticeContent.html?noticeBean.id=606813,2019-10-30
四川移动,中国移动四川公司2019年天府新区基于振动感知技术的光缆路由分析服务项目_比选公告,https://b2b.10086.cn/b2b/main/viewNoticeContent.html?noticeBean.id=606820,2019-10-30
江苏移动,中国移动江苏公司西4综合业务区机房购置项目_采购公告,https://b2b.10086.cn/b2b/main/viewNoticeContent.html?noticeBean.id=606832,2019-10-30
