采购单位,标题,链接,发标日期
湖北移动,中国移动湖北公司2019-2020年客户满意度调研服务_比选公告,https://b2b.10086.cn/b2b/main/viewNoticeContent.html?noticeBean.id=538844,2019-02-01
湖北移动,中国移动湖北公司2019-2020年湖北通信服务有限公司物业管理服务_比选公告,https://b2b.10086.cn/b2b/main/viewNoticeContent.html?noticeBean.id=538846,2019-02-01
终端公司,江苏分公司激励实时兑付分销业务外包服务项目_比选公告,https://b2b.10086.cn/b2b/main/viewNoticeContent.html?noticeBean.id=538894,2019-02-01
咪咕公司,咪咕公司大营销平台一期工程项目_招标公告,https://b2b.10086.cn/b2b/main/viewNoticeContent.html?noticeBean.id=538895,2019-02-01
上海移动,中国移动上海公司2019-2022年中国移动电子采购与招标投标系统技术服务框_比选采购_变更公告_(1),https://b2b.10086.cn/b2b/main/viewNoticeContent.html?noticeBean.id=538911,2019-02-01
物联网公司,物联优才产品运营培训项目_采购公告,https://b2b.10086.cn/b2b/main/viewNoticeContent.html?noticeBean.id=538913,2019-02-01
设计院,财务支撑系统2018年系统维护服务项目_比选公告,https://b2b.10086.cn/b2b/main/viewNoticeContent.html?noticeBean.id=538919,2019-02-01
云南移动,中国移动云南公司昭通分公司昭通市5所示范校校园信息化服务项目_招标公告,https://b2b.10086.cn/b2b/main/viewNoticeContent.html?noticeBean.id=538930,2019-02-01
政企分公司,云南移动集客ICT集成技术支撑服务（中移全通）采购项目（2）_比选公告,https://b2b.10086.cn/b2b/main/viewNoticeContent.html?noticeBean.id=538939,2019-02-01
内蒙移动,中国移动内蒙古公司2019年和家固话智能音箱采购项目_询价公告,https://b2b.10086.cn/b2b/main/viewNoticeContent.html?noticeBean.id=538940,2019-02-01
内蒙移动,中国移动内蒙古公司2019年魔百和智能语音遥控器采购项目_询价公告,https://b2b.10086.cn/b2b/main/viewNoticeContent.html?noticeBean.id=538941,2019-02-01
山东移动,山东移动济南分公司2019年山东开创集团外呼中心维护服务采购项目_比选公告,https://b2b.10086.cn/b2b/main/viewNoticeContent.html?noticeBean.id=538947,2019-02-01
北京移动,中国移动北京公司北京移动2019-2021年覆盖延伸系统及WLAN等设备维修服务项目_比选公告,https://b2b.10086.cn/b2b/main/viewNoticeContent.html?noticeBean.id=538952,2019-02-01
四川移动,中国移动通信集团四川有限公司内江分公司2019-2020年网球运营项目_比选公告,https://b2b.10086.cn/b2b/main/viewNoticeContent.html?noticeBean.id=538972,2019-02-01
湖南移动,中国移动湖南公司永州移动2019年集团重要客户和星级客户阅读期刊采购项目_比选公告,https://b2b.10086.cn/b2b/main/viewNoticeContent.html?noticeBean.id=538995,2019-02-01
