采购单位,标题,链接,发标日期
河北移动,中国移动河北公司河北移动2019-2020年数据中心及通信枢纽楼外市电施工监理服务框架采购（标包1）项目_招标公告,https://b2b.10086.cn/b2b/main/viewNoticeContent.html?noticeBean.id=537157,2019-01-25
安徽移动,金寨县法院移动办公系统APP税务局WLAN集成采购项目_采购公告,https://b2b.10086.cn/b2b/main/viewNoticeContent.html?noticeBean.id=537158,2019-01-25
湖南移动,中国移动湖南公司中移电子商务有限公司和包名片开发项目_比选公告,https://b2b.10086.cn/b2b/main/viewNoticeContent.html?noticeBean.id=537159,2019-01-25
四川移动,中国移动四川公司天府新区分公司2019-2020年会议系统周边配套音视频设备技术支持服务项目_比选公告,https://b2b.10086.cn/b2b/main/viewNoticeContent.html?noticeBean.id=537196,2019-01-25
江苏移动,中国移动江苏公司连云港分公司校园营销团队业务管理应用软件项目_询价公告,https://b2b.10086.cn/b2b/main/viewNoticeContent.html?noticeBean.id=537198,2019-01-25
甘肃移动,中国移动甘肃公司2018年智能家居自助体验系统工程软件开发采购项目_比选公告,https://b2b.10086.cn/b2b/main/viewNoticeContent.html?noticeBean.id=537223,2019-01-25
甘肃移动,中国移动甘肃公司2019年数据中心一期三阶段通信电源专项配套工程新风系统改造采购项目_比选公告,https://b2b.10086.cn/b2b/main/viewNoticeContent.html?noticeBean.id=537226,2019-01-25
上海移动,中国移动上海公司政企客户信息化支撑服务采购_比选公告,https://b2b.10086.cn/b2b/main/viewNoticeContent.html?noticeBean.id=537228,2019-01-25
咪咕公司,咪咕咖啡业务外包服务项目_比选公告,https://b2b.10086.cn/b2b/main/viewNoticeContent.html?noticeBean.id=537231,2019-01-25
河北移动,中国移动河北公司河北移动宽带电视业务平台采购项目项目_招标公告,https://b2b.10086.cn/b2b/main/viewNoticeContent.html?noticeBean.id=537249,2019-01-25
内蒙移动,中国移动（呼和浩特）数据中心2019年一期工程（通信类）零星维修、改造项目_比选公告,https://b2b.10086.cn/b2b/main/viewNoticeContent.html?noticeBean.id=537267,2019-01-25
重庆移动,网络数据文档在线管控平台采购_比选公告,https://b2b.10086.cn/b2b/main/viewNoticeContent.html?noticeBean.id=537272,2019-01-25
苏州研发中心,苏州研发中心2019年供应链大数据价值挖掘咨询服务项目_比选公告,https://b2b.10086.cn/b2b/main/viewNoticeContent.html?noticeBean.id=537282,2019-01-25
云南移动,中国移动云南公司普洱分公司2019年物业及员工餐厅管理服务项目（比选包3、比选包4）_比选公告,https://b2b.10086.cn/b2b/main/viewNoticeContent.html?noticeBean.id=537286,2019-01-25
信息技术公司,中移动信息技术有限公司2019-2021年企业资产划转咨询服务采购_比选公告,https://b2b.10086.cn/b2b/main/viewNoticeContent.html?noticeBean.id=537290,2019-01-25
内蒙移动,中国移动（呼和浩特）数据中心2019年一期工程（土建类）零星维修、改造项目_比选公告,https://b2b.10086.cn/b2b/main/viewNoticeContent.html?noticeBean.id=537291,2019-01-25
内蒙移动,中国移动通信集团内蒙古有限公司赤峰分公司（宁城）2019年车辆维修维护项目_采购公告,https://b2b.10086.cn/b2b/main/viewNoticeContent.html?noticeBean.id=537295,2019-01-25
内蒙移动,中国移动通信集团内蒙古有限公司赤峰分公司（阿旗）2019年车辆维修维护项目_采购公告,https://b2b.10086.cn/b2b/main/viewNoticeContent.html?noticeBean.id=537296,2019-01-25
宁夏移动,中国移动宁夏公司2019年信息机与MAS业务维保支撑服务采购项目_比选公告,https://b2b.10086.cn/b2b/main/viewNoticeContent.html?noticeBean.id=537303,2019-01-25
内蒙移动,中国移动通信集团内蒙古有限公司赤峰分公司（克旗、左旗）2019年车辆维修维护项目_采购公告,https://b2b.10086.cn/b2b/main/viewNoticeContent.html?noticeBean.id=537304,2019-01-25
政企分公司,四川资阳市旅游产业运行监测与应急指挥平台开发服务（中移全通）采购项目_比选公告,https://b2b.10086.cn/b2b/main/viewNoticeContent.html?noticeBean.id=537307,2019-01-25
新疆移动,中国移动新疆分公司2019年一级电子渠道合作运营推广项目_比选公告,https://b2b.10086.cn/b2b/main/viewNoticeContent.html?noticeBean.id=537310,2019-01-25
终端公司,江苏分公司激励实时兑付分销业务外包服务项目_比选公告,https://b2b.10086.cn/b2b/main/viewNoticeContent.html?noticeBean.id=537317,2019-01-25
西藏移动,中国移动西藏公司2019年区公司消防设施维护项目_比选公告,https://b2b.10086.cn/b2b/main/viewNoticeContent.html?noticeBean.id=537324,2019-01-25
政企分公司,四川资阳市旅游产业微信公众服务平台及旅游内控系统开发服务（中移全通）采购项目_比选公告,https://b2b.10086.cn/b2b/main/viewNoticeContent.html?noticeBean.id=537325,2019-01-25
西藏移动,中国移动（西藏拉萨）数据中心土建一期地基检测单位项目_比选公告,https://b2b.10086.cn/b2b/main/viewNoticeContent.html?noticeBean.id=537326,2019-01-25
西藏移动,中国移动(西藏拉萨)数据中心土建一期项目(沉降观测)采购项目_比选公告,https://b2b.10086.cn/b2b/main/viewNoticeContent.html?noticeBean.id=537327,2019-01-25
西藏移动,关于昌都分公司集团客户部办公房屋租赁项目_采购公告,https://b2b.10086.cn/b2b/main/viewNoticeContent.html?noticeBean.id=537330,2019-01-25
