采购单位,标题,链接,发标日期
在线服务公司,中移在线河北分公司2019年全网客服系统终端及办公设备代维服务项目_比选公告,https://b2b.10086.cn/b2b/main/viewNoticeContent.html?noticeBean.id=563400,2019-05-21
江苏移动,中国移动江苏公司中国移动江苏公司（苏州）汾湖数据中心一期2号机房楼小机电配套工程机房隔断请购项目_询价公告,https://b2b.10086.cn/b2b/main/viewNoticeContent.html?noticeBean.id=563431,2019-05-21
内蒙移动,中国移动内蒙古公司呼和浩特分公司2019年工程建设部农村家庭宽带租赁项目（第二批）-标段1_招标公告,https://b2b.10086.cn/b2b/main/viewNoticeContent.html?noticeBean.id=563455,2019-05-21
浙江移动,中国移动浙江公司网间流量深度优化服务项目_比选公告,https://b2b.10086.cn/b2b/main/viewNoticeContent.html?noticeBean.id=563465,2019-05-21
浙江移动,中国移动浙江公司2019-2021年分公司IT系统日常运营代维服务项目_比选公告,https://b2b.10086.cn/b2b/main/viewNoticeContent.html?noticeBean.id=563470,2019-05-21
湖南移动,湖南移动长沙分公司渠道交流平台升级项目_比选公告,https://b2b.10086.cn/b2b/main/viewNoticeContent.html?noticeBean.id=563481,2019-05-21
北京移动,马坊综合业务区2号业务汇聚区机房租赁项目_采购公告,https://b2b.10086.cn/b2b/main/viewNoticeContent.html?noticeBean.id=563489,2019-05-21
安徽移动,马鞍山移动2019-2022年和县交警违章抓拍系统平台支撑维护服务项目_采购公告,https://b2b.10086.cn/b2b/main/viewNoticeContent.html?noticeBean.id=563490,2019-05-21
福建移动,厦门分公司2019-2021年汇聚机房(含全业务机房、BBU池机房)动环系统技术支撑服务_比选公告,https://b2b.10086.cn/b2b/main/viewNoticeContent.html?noticeBean.id=563498,2019-05-21
北京移动,中国移动北京公司2019年集团客户与成员市场拓展运营数据分析支撑服务项目_比选公告,https://b2b.10086.cn/b2b/main/viewNoticeContent.html?noticeBean.id=563500,2019-05-21
浙江移动,中国移动浙江公司2019-2021年分公司IT系统智慧运营支撑服务项目_比选公告,https://b2b.10086.cn/b2b/main/viewNoticeContent.html?noticeBean.id=563507,2019-05-21
新疆移动,2019年乌分公司存量基站转供电改造技术服务_比选公告,https://b2b.10086.cn/b2b/main/viewNoticeContent.html?noticeBean.id=563508,2019-05-21
北京移动,中国移动北京公司市场营销体验洞察监测项目_比选公告,https://b2b.10086.cn/b2b/main/viewNoticeContent.html?noticeBean.id=563519,2019-05-21
设计院,2018年设计院信息能源所数字能源机柜产品研发与试点软件采购项目_询价公告,https://b2b.10086.cn/b2b/main/viewNoticeContent.html?noticeBean.id=563520,2019-05-21
物联网公司,路尚行业部标平台采购项目_比选公告,https://b2b.10086.cn/b2b/main/viewNoticeContent.html?noticeBean.id=563522,2019-05-21
设计院,2019年信息系统管理部内部门户、移动办公、文档格式校验系统维保服务项目_比选公告,https://b2b.10086.cn/b2b/main/viewNoticeContent.html?noticeBean.id=563524,2019-05-21
贵州移动,2019年网络部话音业务及短消息业务计费性能检测技术支撑项目（网管）_竞争性谈判采购公告,https://b2b.10086.cn/b2b/main/viewNoticeContent.html?noticeBean.id=563538,2019-05-21
黑龙江移动,黑龙江移动2019年哈尔滨数据中心电源维护用仪器仪表采购项目_比选公告,https://b2b.10086.cn/b2b/main/viewNoticeContent.html?noticeBean.id=563553,2019-05-21
江苏移动,中国移动江苏公司盐城移动工程维护部2019集团客户工程零星物资采购项目_询价公告,https://b2b.10086.cn/b2b/main/viewNoticeContent.html?noticeBean.id=563554,2019-05-21
浙江移动,中国移动浙江公司2019-2021年软件质量保障技术服务采购_比选公告,https://b2b.10086.cn/b2b/main/viewNoticeContent.html?noticeBean.id=563559,2019-05-21
