采购单位,标题,链接,发标日期
广东移动,中国移动广东公司2019年攻击溯源分析设备公开比选项目_比选公告,https://b2b.10086.cn/b2b/main/viewNoticeContent.html?noticeBean.id=620641,2019-12-12
吉林移动,中国移动通信集团有限公司吉林分公司2019年白城保胜路生产楼中低压系统扩容改造建设工程外电引入设计公开比选项目_比选公告,https://b2b.10086.cn/b2b/main/viewNoticeContent.html?noticeBean.id=620656,2019-12-12
安徽移动,合肥移动新媒体运营支撑服务采购_比选公告,https://b2b.10086.cn/b2b/main/viewNoticeContent.html?noticeBean.id=620675,2019-12-12
北京移动,中国移动北京公司2020-2021年合规管理支撑项目_比选公告,https://b2b.10086.cn/b2b/main/viewNoticeContent.html?noticeBean.id=620696,2019-12-12
西藏移动,中国移动西藏公司拉萨分公司2020年办公终端及视讯系统维护项目_比选公告,https://b2b.10086.cn/b2b/main/viewNoticeContent.html?noticeBean.id=620705,2019-12-12
政企分公司,陕西省中粮可口可乐饮料（陕西）有限公司云智慧单兵指挥调度开发服务（中移全通）采购项目_比选公告,https://b2b.10086.cn/b2b/main/viewNoticeContent.html?noticeBean.id=620711,2019-12-12
黑龙江移动,哈尔滨数据中心2019年空气滤芯更换服务采购项目_比选公告,https://b2b.10086.cn/b2b/main/viewNoticeContent.html?noticeBean.id=620715,2019-12-12
广西移动,2019-2020年集客市场流动式上门服务营销网点筹办项目_询价公告,https://b2b.10086.cn/b2b/main/viewNoticeContent.html?noticeBean.id=620719,2019-12-12
互联网公司,中移互联网有限公司2020年软件工作量与综合效益评估服务公开比选项目_比选公告,https://b2b.10086.cn/b2b/main/viewNoticeContent.html?noticeBean.id=620721,2019-12-12
云南移动,中国移动云南公司2019-2021年省公司仓库租赁及仓储管理服务项目_竞争性谈判采购公告,https://b2b.10086.cn/b2b/main/viewNoticeContent.html?noticeBean.id=620733,2019-12-12
云南移动,中国移动云南公司文山分公司2020-2021年IT代维项目_比选公告,https://b2b.10086.cn/b2b/main/viewNoticeContent.html?noticeBean.id=620746,2019-12-12
云南移动,中国移动云南公司楚雄分公司2019年和校园业务用品采购项目_比选公告,https://b2b.10086.cn/b2b/main/viewNoticeContent.html?noticeBean.id=620752,2019-12-12
咪咕公司,咪咕视讯集团广告平台五期工程慧屏广告平台升级定制开发软件项目_比选公告,https://b2b.10086.cn/b2b/main/viewNoticeContent.html?noticeBean.id=620761,2019-12-12
广西移动,中国移动广西公司贺州分公司2019年Web系统安全防护采购项目_询价公告,https://b2b.10086.cn/b2b/main/viewNoticeContent.html?noticeBean.id=620777,2019-12-12
移动学院,移动学院2019年教学支撑日常维修用品采购项目_采购公告,https://b2b.10086.cn/b2b/main/viewNoticeContent.html?noticeBean.id=620785,2019-12-12
重庆移动,2019  年彭水分公司彭水苗族土家族自治县职教中心校园网站开发及维保服务采购项目_比选公告,https://b2b.10086.cn/b2b/main/viewNoticeContent.html?noticeBean.id=620802,2019-12-12
江苏移动,中国移动江苏公司关于连云港分公司2020-2021年业务宣传物料项目采购方案的请示项目_比选公告,https://b2b.10086.cn/b2b/main/viewNoticeContent.html?noticeBean.id=620806,2019-12-12
铁通公司,中移铁通黑龙江分公司2019年维护工作安全防护用品采购项目_比选公告,https://b2b.10086.cn/b2b/main/viewNoticeContent.html?noticeBean.id=620814,2019-12-12
西藏移动,中国移动西藏日喀则分公司开展“畅想4G”营销活动项目_比选公告,https://b2b.10086.cn/b2b/main/viewNoticeContent.html?noticeBean.id=620818,2019-12-12
江苏移动,中国移动江苏公司中国移动江苏南京公司数据中心一期工程申请自动喷灌系统采购合同项目_比选公告,https://b2b.10086.cn/b2b/main/viewNoticeContent.html?noticeBean.id=620834,2019-12-12
