采购单位,标题,链接,发标日期
北京移动,兴隆庄业务收敛区业务汇聚机房租赁项目_采购变更公告(1),https://b2b.10086.cn/b2b/main/viewNoticeContent.html?noticeBean.id=571283,2019-06-19
山东移动,山东移动2019年济宁分公司泗水中医院一体化数字医院系统采购项目_比选公告,https://b2b.10086.cn/b2b/main/viewNoticeContent.html?noticeBean.id=571287,2019-06-19
江苏移动,中国移动江苏公司2019年市场营销物料项目采购项目_比选采购_变更公告_(1),https://b2b.10086.cn/b2b/main/viewNoticeContent.html?noticeBean.id=571291,2019-06-19
湖南移动,2019年常德分公司小区、商超业务促销服务项目_比选公告,https://b2b.10086.cn/b2b/main/viewNoticeContent.html?noticeBean.id=571296,2019-06-19
湖南移动,2019年常德分公司集团单位、农村市场业务促销服务项目_比选公告,https://b2b.10086.cn/b2b/main/viewNoticeContent.html?noticeBean.id=571297,2019-06-19
湖南移动,常德移动2019年全球通客户读物项目_比选公告,https://b2b.10086.cn/b2b/main/viewNoticeContent.html?noticeBean.id=571300,2019-06-19
政企分公司,中国移动云南公司红河分公司红河州“一部手机游云南”景区直播ICT系统集成服务（中移全通）采购项目_比选公告,https://b2b.10086.cn/b2b/main/viewNoticeContent.html?noticeBean.id=571301,2019-06-19
信息技术公司,2019-2021年基础平台部网络集成与安全系统维护服务（广州）项目_比选公告,https://b2b.10086.cn/b2b/main/viewNoticeContent.html?noticeBean.id=571303,2019-06-19
信息技术公司,AI能力应用项目_招标公告,https://b2b.10086.cn/b2b/main/viewNoticeContent.html?noticeBean.id=571316,2019-06-19
山东移动,山东移动聊城分公司2019年网络部家客装维录音平台采购项目_采购公告,https://b2b.10086.cn/b2b/main/viewNoticeContent.html?noticeBean.id=571318,2019-06-19
湖北移动,中国移动湖北公司2019-2020年行业终端供货平台采购_比选公告,https://b2b.10086.cn/b2b/main/viewNoticeContent.html?noticeBean.id=571324,2019-06-19
投资公司,舆情监测及投资动态研究采购项目_比选采购_变更公告_(1),https://b2b.10086.cn/b2b/main/viewNoticeContent.html?noticeBean.id=571335,2019-06-19
在线服务公司,中移在线云南分公司客服呼入业务众包服务项目_比选公告,https://b2b.10086.cn/b2b/main/viewNoticeContent.html?noticeBean.id=571337,2019-06-19
政企分公司,2019年云南移动曲靖分公司曲靖石化无线覆盖项目系统集成服务（中移全通）采购项目_比选公告,https://b2b.10086.cn/b2b/main/viewNoticeContent.html?noticeBean.id=571358,2019-06-19
终端公司,中国移动通信集团终端有限公司甘肃分公司2019年-2022年驾驶业务外包采购_比选公告,https://b2b.10086.cn/b2b/main/viewNoticeContent.html?noticeBean.id=571359,2019-06-19
陕西移动,勉县晏家湾三方宽带网元租凭项目_比选公告,https://b2b.10086.cn/b2b/main/viewNoticeContent.html?noticeBean.id=571360,2019-06-19
青海移动,2019年代维及三费报账接口开发_比选公告,https://b2b.10086.cn/b2b/main/viewNoticeContent.html?noticeBean.id=571369,2019-06-19
青海移动,2019年业支资产管理系统流程优化服务项目_比选公告,https://b2b.10086.cn/b2b/main/viewNoticeContent.html?noticeBean.id=571395,2019-06-19
青海移动,关于投诉前移支撑系统软件开发项目的采购申请_比选公告,https://b2b.10086.cn/b2b/main/viewNoticeContent.html?noticeBean.id=571396,2019-06-19
内蒙移动,中国移动（呼和浩特）数据中心2019年-2020年采购电梯维保单位项目_比选公告,https://b2b.10086.cn/b2b/main/viewNoticeContent.html?noticeBean.id=571401,2019-06-19
甘肃移动,中国移动甘肃公司平凉分公司2018年华亭市雪亮工程暨公共安全视频监控建设联网应用项目供应商选择项目_比选公告,https://b2b.10086.cn/b2b/main/viewNoticeContent.html?noticeBean.id=571402,2019-06-19
湖北移动,中国移动湖北公司武汉分公司2019年东菜园核心局楼高压系统改造项目_比选公告,https://b2b.10086.cn/b2b/main/viewNoticeContent.html?noticeBean.id=571404,2019-06-19
江苏移动,中国移动江苏公司2019年数据业务运营支撑服务(在线音乐会员权益)项目 项目_比选公告,https://b2b.10086.cn/b2b/main/viewNoticeContent.html?noticeBean.id=571419,2019-06-19
北京移动,关上业务收敛区业务汇聚机房租赁项目_采购变更公告(1),https://b2b.10086.cn/b2b/main/viewNoticeContent.html?noticeBean.id=571426,2019-06-19
北京移动,熊耳营业务收敛区业务汇聚机房租赁项目_采购变更公告(1),https://b2b.10086.cn/b2b/main/viewNoticeContent.html?noticeBean.id=571427,2019-06-19
咪咕公司,咪咕视讯监控管理系统一期工程服务器硬件监控管理系统软件采购项目_比选公告,https://b2b.10086.cn/b2b/main/viewNoticeContent.html?noticeBean.id=571434,2019-06-19
政企分公司,中移智行OSCAR业务支撑系统资源池一期项目VMware扩容软件采购项目_询价公告,https://b2b.10086.cn/b2b/main/viewNoticeContent.html?noticeBean.id=571435,2019-06-19
咪咕公司,咪咕视讯2019年CDN平台黑盒测试项目_比选采购_变更公告_(1),https://b2b.10086.cn/b2b/main/viewNoticeContent.html?noticeBean.id=571451,2019-06-19
重庆移动,酉阳分公司集团高价值客户和集团重要客户终端维修服务_比选公告,https://b2b.10086.cn/b2b/main/viewNoticeContent.html?noticeBean.id=571454,2019-06-19
