采购单位,标题,链接,发标日期
安徽移动,安徽移动2019年淮南数据中心2号楼机房配套工程用二次吊挂、钢制灯槽采购项目_询价公告,https://b2b.10086.cn/b2b/main/viewNoticeContent.html?noticeBean.id=584652,2019-08-05
湖南移动,湖南移动益阳分公司2019－2020年全球通客户生日观影服务项目_比选公告,https://b2b.10086.cn/b2b/main/viewNoticeContent.html?noticeBean.id=584688,2019-08-05
云南移动,中国移动云南公司互联网分公司2019年权益业务支撑项目_竞争性谈判采购公告,https://b2b.10086.cn/b2b/main/viewNoticeContent.html?noticeBean.id=584695,2019-08-05
广西移动,2019年土建技术咨询外包服务项目采购（第二次）_比选公告,https://b2b.10086.cn/b2b/main/viewNoticeContent.html?noticeBean.id=584702,2019-08-05
山东移动,山东移动菏泽分公司2019年南湖宾馆集团智慧酒店IPTV交互系统采购项目_比选公告,https://b2b.10086.cn/b2b/main/viewNoticeContent.html?noticeBean.id=584713,2019-08-05
安徽移动,马鞍山公司市区营销中心2019年部分自有房产招商项目_采购公告,https://b2b.10086.cn/b2b/main/viewNoticeContent.html?noticeBean.id=584740,2019-08-05
终端公司,终端公司2019年9月-2020年8月营销推广业务支撑服务商引入项目_比选公告,https://b2b.10086.cn/b2b/main/viewNoticeContent.html?noticeBean.id=584743,2019-08-05
甘肃移动,中国移动甘肃公司2019年智慧教育平台配套答题及接收器采购项目_比选公告,https://b2b.10086.cn/b2b/main/viewNoticeContent.html?noticeBean.id=584744,2019-08-05
青海移动,互联网线上活动交互设计支撑项目采购_比选公告,https://b2b.10086.cn/b2b/main/viewNoticeContent.html?noticeBean.id=584755,2019-08-05
甘肃移动,中国移动甘肃公司2019年智慧教育平台配套卡片采购项目_比选公告,https://b2b.10086.cn/b2b/main/viewNoticeContent.html?noticeBean.id=584756,2019-08-05
江苏移动,中国移动江苏公司2019年淮安分公司市场经营部校园宽带用路由器项目项目_询价公告,https://b2b.10086.cn/b2b/main/viewNoticeContent.html?noticeBean.id=584758,2019-08-05
黑龙江移动,黑龙江移动哈尔滨分公司移动警务终端和安全智能TF卡采购项目_询价公告,https://b2b.10086.cn/b2b/main/viewNoticeContent.html?noticeBean.id=584760,2019-08-05
新疆移动,犁州分公司2019年-2021年消防安防器材维护更换项目_询价公告,https://b2b.10086.cn/b2b/main/viewNoticeContent.html?noticeBean.id=584773,2019-08-05
