采购单位,标题,链接,发标日期
黑龙江移动,黑龙江移动2019-2021年数据中心发电机及配套设备维保采购项目_比选公告,https://b2b.10086.cn/b2b/main/viewNoticeContent.html?noticeBean.id=558446,2019-04-30
内蒙移动,中国移动通信集团内蒙古有限公司锡林郭勒分公司网络设备维护备品备件采购项目_询价公告,https://b2b.10086.cn/b2b/main/viewNoticeContent.html?noticeBean.id=558466,2019-04-30
内蒙移动,中国移动内蒙古公司2019年集团客户ICT业务短名单合作伙伴招募采购项目（公开招募）_比选公告,https://b2b.10086.cn/b2b/main/viewNoticeContent.html?noticeBean.id=558471,2019-04-30
甘肃移动,中国移动甘肃公司酒泉分公司2019年智能交通管理维护项目_比选公告,https://b2b.10086.cn/b2b/main/viewNoticeContent.html?noticeBean.id=558479,2019-04-30
政企分公司,中国移动5G规模组网建设及应用示范工程-5G民生服务与社会治理项目_招标公告,https://b2b.10086.cn/b2b/main/viewNoticeContent.html?noticeBean.id=558508,2019-04-30
政企分公司,中国移动政企分公司和视宝管理平台一期工程项目_招标公告,https://b2b.10086.cn/b2b/main/viewNoticeContent.html?noticeBean.id=558516,2019-04-30
贵州移动,2019年黔东南分公司政企业务运营支撑服务项目_比选公告,https://b2b.10086.cn/b2b/main/viewNoticeContent.html?noticeBean.id=558523,2019-04-30
山东移动,山东移动2019年济南分公司济南西客站广场无线网络管理平台采购项目_比选公告,https://b2b.10086.cn/b2b/main/viewNoticeContent.html?noticeBean.id=558533,2019-04-30
云南移动,中国移动云南公司2019-2022年机关车辆管理服务外包项目_比选公告,https://b2b.10086.cn/b2b/main/viewNoticeContent.html?noticeBean.id=558535,2019-04-30
广东移动,中国移动广东公司2019年中国移动（广东广州）数据中心一期二阶段机楼配套工程变压器采购公开招标项目（广州）_招标公告,https://b2b.10086.cn/b2b/main/viewNoticeContent.html?noticeBean.id=558543,2019-04-30
青海移动,青海移动2019年四轮十维质量管控软件采购_比选公告,https://b2b.10086.cn/b2b/main/viewNoticeContent.html?noticeBean.id=558556,2019-04-30
福建移动,中国移动福建公司厦门分公司南数据中心基础设施高级技术服务项目_比选采购_变更公告_(1),https://b2b.10086.cn/b2b/main/viewNoticeContent.html?noticeBean.id=558561,2019-04-30
江苏移动,中国移动江苏公司中国移动（江苏南京）数据中心二期工程环境影响评估咨询服务采购项目项目_采购公告,https://b2b.10086.cn/b2b/main/viewNoticeContent.html?noticeBean.id=558564,2019-04-30
辽宁移动,中国移动辽宁公司大连分公司2019年政企客户部会务服务采购项目_比选公告,https://b2b.10086.cn/b2b/main/viewNoticeContent.html?noticeBean.id=558584,2019-04-30
政企分公司,中国移动5G规模组网建设及应用示范工程智慧工厂AR应用及管理平台_招标公告,https://b2b.10086.cn/b2b/main/viewNoticeContent.html?noticeBean.id=558588,2019-04-30
政企分公司,中国移动5G规模组网建设及应用示范工程智慧工厂安防巡检机器人_招标公告,https://b2b.10086.cn/b2b/main/viewNoticeContent.html?noticeBean.id=558589,2019-04-30
总部,中国移动2019年班组建设标杆宣传推广支撑项目_比选公告,https://b2b.10086.cn/b2b/main/viewNoticeContent.html?noticeBean.id=558593,2019-04-30
在线服务公司,中移在线湖北分公司2019-2020年外拓产品客户交流活动支撑服务项目_比选公告,https://b2b.10086.cn/b2b/main/viewNoticeContent.html?noticeBean.id=558594,2019-04-30
政企分公司,中国移动5G规模组网建设及应用示范工程智慧工厂智能质检平台_招标公告,https://b2b.10086.cn/b2b/main/viewNoticeContent.html?noticeBean.id=558596,2019-04-30
咪咕公司,咪咕公司2019年研发及生产用苹果电脑二级集中采购项目_询价公告,https://b2b.10086.cn/b2b/main/viewNoticeContent.html?noticeBean.id=558599,2019-04-30
咪咕公司,咪咕音乐有限公司2019-2020年智能硬件客户端（SDK）开发项目_比选公告,https://b2b.10086.cn/b2b/main/viewNoticeContent.html?noticeBean.id=558601,2019-04-30
咪咕公司,2019 年咪咕音乐（维吾尔语，哈萨克语）版本客户端运营支撑项目_比选公告,https://b2b.10086.cn/b2b/main/viewNoticeContent.html?noticeBean.id=558611,2019-04-30
河南移动,河南移动2019年合作业务管理支撑服务项目_比选公告,https://b2b.10086.cn/b2b/main/viewNoticeContent.html?noticeBean.id=558616,2019-04-30
