采购单位,标题,链接,发标日期
成都研究院,中移（成都）信息通信科技有限公司2019年管理咨询服务项目项目(2)_比选公告,https://b2b.10086.cn/b2b/main/viewNoticeContent.html?noticeBean.id=577601,2019-07-11
成都研究院,中移（成都）信息通信科技有限公司《AI幼教机器人产品研发》项目子模块开发_比选公告,https://b2b.10086.cn/b2b/main/viewNoticeContent.html?noticeBean.id=577602,2019-07-11
山东移动,中国移动（山东济南）数据中心二期工程监理项目_采购公告,https://b2b.10086.cn/b2b/main/viewNoticeContent.html?noticeBean.id=577604,2019-07-11
福建移动,2019年云化转型业务中台一期软件开发研发项目产商品中心等四中心软件_招标公告,https://b2b.10086.cn/b2b/main/viewNoticeContent.html?noticeBean.id=577621,2019-07-11
安徽移动,枞阳县黄山初级中学智慧教室系统集成项目_询价公告,https://b2b.10086.cn/b2b/main/viewNoticeContent.html?noticeBean.id=577622,2019-07-11
福建移动,南平移动2019年智慧家庭体验馆家居安防设备采购项目_询价公告,https://b2b.10086.cn/b2b/main/viewNoticeContent.html?noticeBean.id=577627,2019-07-11
湖北移动,中国移动湖北公司CMNET路由可视化分析及流量保障调度系统采购_招标公告,https://b2b.10086.cn/b2b/main/viewNoticeContent.html?noticeBean.id=577634,2019-07-11
政企分公司,201906湖北武汉XJ0002项目大屏系统、辅材及集成服务（中移全通）采购项目_采购变更公告(1),https://b2b.10086.cn/b2b/main/viewNoticeContent.html?noticeBean.id=577646,2019-07-11
重庆移动,2019年信息系统建设及运维审计服务_比选公告,https://b2b.10086.cn/b2b/main/viewNoticeContent.html?noticeBean.id=577659,2019-07-11
四川移动,2019-2021年垃圾短信策略运营支撑服务项目_比选公告,https://b2b.10086.cn/b2b/main/viewNoticeContent.html?noticeBean.id=577662,2019-07-11
福建移动,宁德移动2019-2021年集团客户服务活动支撑单位采购项目_比选公告,https://b2b.10086.cn/b2b/main/viewNoticeContent.html?noticeBean.id=577668,2019-07-11
政企分公司,201906湖北武汉XJ0002项目桌面云及机房系统（中移全通）采购项目_采购公告,https://b2b.10086.cn/b2b/main/viewNoticeContent.html?noticeBean.id=577669,2019-07-11
政企分公司,青海省海东市治安智能卡口系统建设(中移全通)采购项目_比选公告,https://b2b.10086.cn/b2b/main/viewNoticeContent.html?noticeBean.id=577677,2019-07-11
天津移动,中国移动天津公司2019-2021年网管网络支撑与保障技术支持服务集中采购项目_比选公告,https://b2b.10086.cn/b2b/main/viewNoticeContent.html?noticeBean.id=577678,2019-07-11
江苏移动,中国移动江苏公司2019年盐城业务宣传物料采购项目项目_比选公告,https://b2b.10086.cn/b2b/main/viewNoticeContent.html?noticeBean.id=577683,2019-07-11
政企分公司,201906湖北武汉XJ0002项目信息化系统（中移全通）采购项目_采购公告,https://b2b.10086.cn/b2b/main/viewNoticeContent.html?noticeBean.id=577698,2019-07-11
北京移动,中国移动北京公司2019年平台生态部实时关联计算数据中台采购项目_招标公告,https://b2b.10086.cn/b2b/main/viewNoticeContent.html?noticeBean.id=577709,2019-07-11
西藏移动,中国移动西藏公司山南分公司行业信息化产品推荐会项目_比选公告,https://b2b.10086.cn/b2b/main/viewNoticeContent.html?noticeBean.id=577710,2019-07-11
新疆移动,昌吉分公司2019年微信平台运营采购项目_比选公告,https://b2b.10086.cn/b2b/main/viewNoticeContent.html?noticeBean.id=577725,2019-07-11
