采购单位,标题,链接,发标日期
信息技术公司,2019年IT领域安全网络安全攻防演练服务采购项目_比选公告,https://b2b.10086.cn/b2b/main/viewNoticeContent.html?noticeBean.id=573757,2019-06-27
苏州研发中心,苏州研发中心2019年人力资源系统二期项目模块外包服务_比选公告,https://b2b.10086.cn/b2b/main/viewNoticeContent.html?noticeBean.id=573778,2019-06-27
广西移动,中国移动广西公司2019年行业客户信息化交流会筹办采购项目 _比选公告,https://b2b.10086.cn/b2b/main/viewNoticeContent.html?noticeBean.id=573783,2019-06-27
河北移动,中国移动河北公司河北移动2019年至2021年全省微信公众号统一运营支撑项目项目_比选公告,https://b2b.10086.cn/b2b/main/viewNoticeContent.html?noticeBean.id=573784,2019-06-27
山东移动,山东移动2019年枣庄分公司烟草公司监控平台采购项目_比选公告,https://b2b.10086.cn/b2b/main/viewNoticeContent.html?noticeBean.id=573785,2019-06-27
互联网公司,中移互联网有限公司2019-2020年广告服务支撑公开比选项目_比选公告,https://b2b.10086.cn/b2b/main/viewNoticeContent.html?noticeBean.id=573789,2019-06-27
湖南移动,常德移动2019年全球通客户读物项目_比选公告,https://b2b.10086.cn/b2b/main/viewNoticeContent.html?noticeBean.id=573791,2019-06-27
新疆移动,乌分公司2019-2020年营销物品搬运及家具拆装服务项目_询价公告,https://b2b.10086.cn/b2b/main/viewNoticeContent.html?noticeBean.id=573811,2019-06-27
重庆移动,2019年南川分公司集团客户手机维修服务项目_比选公告,https://b2b.10086.cn/b2b/main/viewNoticeContent.html?noticeBean.id=573812,2019-06-27
四川移动,2019-2021年垃圾短信策略运营支撑服务项目_比选公告,https://b2b.10086.cn/b2b/main/viewNoticeContent.html?noticeBean.id=573819,2019-06-27
物联网公司,基于OneNET的NB网络分析平台委外研发项目_比选公告,https://b2b.10086.cn/b2b/main/viewNoticeContent.html?noticeBean.id=573829,2019-06-27
研究院,中国移动研究院2019-2021年度员工团体体检服务项目_比选公告,https://b2b.10086.cn/b2b/main/viewNoticeContent.html?noticeBean.id=573832,2019-06-27
贵州移动,2019年春、秋两季度高校营销活动现场系统维护项目_比选公告,https://b2b.10086.cn/b2b/main/viewNoticeContent.html?noticeBean.id=573839,2019-06-27
设计院,2019-2020年设计院湖南分院企业形象及业务宣传产品制作服务项目_比选公告,https://b2b.10086.cn/b2b/main/viewNoticeContent.html?noticeBean.id=573841,2019-06-27
湖南移动,湖南移动自治州分公司2019年引进第三方开展农村市场客户活动项目_比选公告,https://b2b.10086.cn/b2b/main/viewNoticeContent.html?noticeBean.id=573849,2019-06-27
山西移动,中国移动山西公司2019年省公司计划部全省政企云统一门户软件的采购项目_招标公告,https://b2b.10086.cn/b2b/main/viewNoticeContent.html?noticeBean.id=573851,2019-06-27
黑龙江移动,黑龙江移动网络管理部2019-2020年Citrix接入网关维保服务采购项目_比选公告,https://b2b.10086.cn/b2b/main/viewNoticeContent.html?noticeBean.id=573854,2019-06-27
广东移动,中国移动广东公司泛DC与IDC综合系统IPv6改造服务公开比选项目_比选公告,https://b2b.10086.cn/b2b/main/viewNoticeContent.html?noticeBean.id=573861,2019-06-27
信息技术公司,2019年企业致信应用项目_招标公告,https://b2b.10086.cn/b2b/main/viewNoticeContent.html?noticeBean.id=573864,2019-06-27
广东移动,中国移动广东公司2019年战略实务和质量管理支撑服务公开比选项目_比选公告,https://b2b.10086.cn/b2b/main/viewNoticeContent.html?noticeBean.id=573878,2019-06-27
