采购单位,标题,链接,发标日期
广西移动,中国移动广西公司桂林市七星区育才接入区业务汇聚机房2购置采购项目（TD公司） _采购变更公告(1),https://b2b.10086.cn/b2b/main/viewNoticeContent.html?noticeBean.id=622796,2019-12-18
四川移动,中国移动四川公司乐山分公司2019年至2021年业务用品配送服务项目2020年续签合同_采购公告,https://b2b.10086.cn/b2b/main/viewNoticeContent.html?noticeBean.id=622817,2019-12-18
终端公司,中国移动通信集团终端有限公司宁夏分公司开展2020年1月～2020年12月零售类业务外包服务采购项目_比选公告,https://b2b.10086.cn/b2b/main/viewNoticeContent.html?noticeBean.id=622844,2019-12-18
政企分公司,四川省自贡移动信息化系统升级服务（中移全通）采购项目_比选公告,https://b2b.10086.cn/b2b/main/viewNoticeContent.html?noticeBean.id=622876,2019-12-18
政企分公司,重庆市智慧园区信息化系统软件开发服务（中移全通）采购项目_比选公告,https://b2b.10086.cn/b2b/main/viewNoticeContent.html?noticeBean.id=622879,2019-12-18
福建移动,2019年泉州移动营业厅液晶显示器及液晶拼接大屏幕显示系统公开询价_询价公告,https://b2b.10086.cn/b2b/main/viewNoticeContent.html?noticeBean.id=622887,2019-12-18
福建移动,龙岩政企客户体验厅项目_比选公告,https://b2b.10086.cn/b2b/main/viewNoticeContent.html?noticeBean.id=622888,2019-12-18
江苏移动,中国移动江苏公司泾和苑综合业务接入区汇聚机房购置项目项目_采购变更公告(1),https://b2b.10086.cn/b2b/main/viewNoticeContent.html?noticeBean.id=622894,2019-12-18
广西移动,中国移动广西公司玉林分公司陆川中心机房接入区御景园业务汇聚机房购置采购项目（TD投资）_采购公告,https://b2b.10086.cn/b2b/main/viewNoticeContent.html?noticeBean.id=622896,2019-12-18
广西移动,中国移动广西公司贺州分公司2019年Web系统安全防护采购项目_询价公告,https://b2b.10086.cn/b2b/main/viewNoticeContent.html?noticeBean.id=622946,2019-12-18
江苏移动,中国移动江苏公司2020-2021年盐城业务宣传物料集中采购项目项目_比选公告,https://b2b.10086.cn/b2b/main/viewNoticeContent.html?noticeBean.id=622962,2019-12-18
终端公司,云南分公司2020-2021年开展车辆驾驶业务外包项目_比选公告,https://b2b.10086.cn/b2b/main/viewNoticeContent.html?noticeBean.id=622984,2019-12-18
江苏移动,中国移动江苏公司2020-2021年镇江分公司业务宣传物料项目项目_比选公告,https://b2b.10086.cn/b2b/main/viewNoticeContent.html?noticeBean.id=622986,2019-12-18
在线服务公司,中移在线服务有限公司内蒙古分公司室外停车场管理系统项目_采购公告,https://b2b.10086.cn/b2b/main/viewNoticeContent.html?noticeBean.id=622995,2019-12-18
黑龙江移动,黑龙江移动2019年哈尔滨数据中心消防检测服务采购项目_比选公告,https://b2b.10086.cn/b2b/main/viewNoticeContent.html?noticeBean.id=623002,2019-12-18
黑龙江移动,哈尔滨数据中心2019年空气滤芯更换服务采购项目_比选公告,https://b2b.10086.cn/b2b/main/viewNoticeContent.html?noticeBean.id=623020,2019-12-18
