采购单位,标题,链接,发标日期
安徽移动,安徽移动2020-2022年度省本部科技大厦、科技园园区及宣城分公司物业管理服务采购项目_比选公告,https://b2b.10086.cn/b2b/main/viewNoticeContent.html?noticeBean.id=609236,2019-11-08
湖南移动,衡阳移动ICT项目售前支撑项目_比选公告,https://b2b.10086.cn/b2b/main/viewNoticeContent.html?noticeBean.id=609241,2019-11-08
山东移动,山东移动菏泽分公司2019年经开区劳动人事局云办公平台系统项目_采购变更公告(1),https://b2b.10086.cn/b2b/main/viewNoticeContent.html?noticeBean.id=609243,2019-11-08
重庆移动,城一分公司2019年有线宽带选址服务_询价公告,https://b2b.10086.cn/b2b/main/viewNoticeContent.html?noticeBean.id=609245,2019-11-08
安徽移动,淮北公司市场部宣传营销用马甲采购项目_采购公告,https://b2b.10086.cn/b2b/main/viewNoticeContent.html?noticeBean.id=609246,2019-11-08
北京移动,中国移动北京公司网运中心2020年1月—2020年12月电信业务云资源池及周边系统技术支持服务项目_比选公告,https://b2b.10086.cn/b2b/main/viewNoticeContent.html?noticeBean.id=609253,2019-11-08
终端公司,中国移动通信集团终端有限公司江苏分公司2020年1月至2022年1月售后业务外包服务供应商引入项目_比选公告,https://b2b.10086.cn/b2b/main/viewNoticeContent.html?noticeBean.id=609258,2019-11-08
内蒙移动,中国移动内蒙古公司呼和浩特分公司购置博尔顿等14个小区家宽接入资源项目_招标公告,https://b2b.10086.cn/b2b/main/viewNoticeContent.html?noticeBean.id=609261,2019-11-08
上海移动,中国移动上海公司上海戏剧学院浦江校区信息化服务项目_比选公告,https://b2b.10086.cn/b2b/main/viewNoticeContent.html?noticeBean.id=609271,2019-11-08
铁通公司,中移铁通有限公司安徽分公司上海铁路公安局蚌埠公安处看守所视频监控系统维修补强ICT项目_询价公告,https://b2b.10086.cn/b2b/main/viewNoticeContent.html?noticeBean.id=609290,2019-11-08
广东移动,中国移动广东公司2019-2020年中国移动“移动云”产品优化及售前支撑服务公开比选项目（南方基地）_比选公告,https://b2b.10086.cn/b2b/main/viewNoticeContent.html?noticeBean.id=609296,2019-11-08
贵州移动,中国移动通信集团贵州有限公司2019-2020年（12个月）新媒体传播支撑项目_比选公告,https://b2b.10086.cn/b2b/main/viewNoticeContent.html?noticeBean.id=609303,2019-11-08
铁通公司,中移铁通有限公司安徽分公司蚌埠基层党建平台集成三期ICT项目_询价公告,https://b2b.10086.cn/b2b/main/viewNoticeContent.html?noticeBean.id=609306,2019-11-08
安徽移动,滁州移动2019-2021年度气体灭火系统钢瓶零星检测充装选型_比选公告,https://b2b.10086.cn/b2b/main/viewNoticeContent.html?noticeBean.id=609307,2019-11-08
铁通公司,中移铁通安徽分公司肥西县官亭安置小区等14处信息采集系统集成ICT服务项目_询价公告,https://b2b.10086.cn/b2b/main/viewNoticeContent.html?noticeBean.id=609309,2019-11-08
铁通公司,中移铁通有限公司安徽分公司蚌埠基层党建平台集成二期ICT项目_询价公告,https://b2b.10086.cn/b2b/main/viewNoticeContent.html?noticeBean.id=609311,2019-11-08
山东移动,山东移动2019年临沂分公司公安局移动警务平台软件升级项目_比选公告,https://b2b.10086.cn/b2b/main/viewNoticeContent.html?noticeBean.id=609312,2019-11-08
咪咕公司,咪咕视讯中国大学生3×3篮球联赛赛事数据采集执行服务项目_比选公告,https://b2b.10086.cn/b2b/main/viewNoticeContent.html?noticeBean.id=609320,2019-11-08
终端公司,云南分公司曲靖营销中心2020年物业管理服务项目_采购公告,https://b2b.10086.cn/b2b/main/viewNoticeContent.html?noticeBean.id=609328,2019-11-08
上海移动,中国移动上海公司2019年有线宽带终端整新服务项目_比选公告,https://b2b.10086.cn/b2b/main/viewNoticeContent.html?noticeBean.id=609338,2019-11-08
移动学院,移动学院2019年发电机组维护保养服务采购项目_采购变更公告,https://b2b.10086.cn/b2b/main/viewNoticeContent.html?noticeBean.id=609347,2019-11-08
新疆移动,2020年迎宾路客户活动中心健身区域客户服务_比选公告,https://b2b.10086.cn/b2b/main/viewNoticeContent.html?noticeBean.id=609366,2019-11-08
湖南移动,衡阳移动ICT项目售前支撑项目_比选采购_变更公告_(1),https://b2b.10086.cn/b2b/main/viewNoticeContent.html?noticeBean.id=609371,2019-11-08
新疆移动,中国移动新疆公司博州分公司2019-2020年政企部信息化项目维护服务采购_比选公告,https://b2b.10086.cn/b2b/main/viewNoticeContent.html?noticeBean.id=609380,2019-11-08
新疆移动,网络管理中心2019年广告宣传设计服务_比选公告,https://b2b.10086.cn/b2b/main/viewNoticeContent.html?noticeBean.id=609383,2019-11-08
吉林移动,通化市分公司电梯维护保养采购项目(2019-2022)_采购公告,https://b2b.10086.cn/b2b/main/viewNoticeContent.html?noticeBean.id=609396,2019-11-08
四川移动,中国移动四川公司2019年企业级大数据中心扩容改造工程（商业大数据短信服务平台应用软件）_比选公告,https://b2b.10086.cn/b2b/main/viewNoticeContent.html?noticeBean.id=609399,2019-11-08
山东移动,山东移动2019年潍坊分公司青州市场监管移动执法平台采购项目_比选公告,https://b2b.10086.cn/b2b/main/viewNoticeContent.html?noticeBean.id=609400,2019-11-08
陕西移动,2019年研发费加计扣除税务服务项目_比选公告,https://b2b.10086.cn/b2b/main/viewNoticeContent.html?noticeBean.id=609411,2019-11-08
山东移动,山东移动菏泽分公司2019年菏泽京环垃圾中转站监测平台项目采购项目_采购变更公告(1),https://b2b.10086.cn/b2b/main/viewNoticeContent.html?noticeBean.id=609421,2019-11-08
河北移动,中国移动河北公司中国移动通信集团河北有限公司唐山分公司2019年11月ICT业务合作商招募项目项目_采购公告,https://b2b.10086.cn/b2b/main/viewNoticeContent.html?noticeBean.id=609426,2019-11-08
贵州移动,中国移动通信集团贵州有限公司2019年贵安数据中心空调系统投资后评估项目_竞争性谈判采购公告,https://b2b.10086.cn/b2b/main/viewNoticeContent.html?noticeBean.id=609428,2019-11-08
陕西移动,汉中移动2019年南郑保卫村等3处三方宽带网元租赁项目_比选公告,https://b2b.10086.cn/b2b/main/viewNoticeContent.html?noticeBean.id=609429,2019-11-08
四川移动,中国移动四川公司2019年企业级大数据中心扩容改造工程（政企微信公众号营销工具应用软件）_比选公告,https://b2b.10086.cn/b2b/main/viewNoticeContent.html?noticeBean.id=609431,2019-11-08
总部,中国移动2019年集中网络云资源池二期工程数据中心交换机集中采购项目_招标公告,https://b2b.10086.cn/b2b/main/viewNoticeContent.html?noticeBean.id=609441,2019-11-08
政企分公司,河南驻马店上蔡县河长制智慧平台(中移全通)采购项目_比选公告,https://b2b.10086.cn/b2b/main/viewNoticeContent.html?noticeBean.id=609452,2019-11-08
江苏移动,中国移动江苏公司扬州分公司95精确计费及客户侧监控管理软件Solarwinds项目_询价公告,https://b2b.10086.cn/b2b/main/viewNoticeContent.html?noticeBean.id=609459,2019-11-08
