采购单位,标题,链接,发标日期
铁通公司,中移铁通有限公司上海分公司2019年传输线路组网支撑服务采购项目_比选公告,https://b2b.10086.cn/b2b/main/viewNoticeContent.html?noticeBean.id=600983,2019-10-09
江西移动,上饶移动公司档案管理技术服务项目_询价公告,https://b2b.10086.cn/b2b/main/viewNoticeContent.html?noticeBean.id=600986,2019-10-09
铁通公司,中移铁通有限公司海南分公司2019-2020年家宽安全隐患整改项目_比选公告,https://b2b.10086.cn/b2b/main/viewNoticeContent.html?noticeBean.id=600992,2019-10-09
总部,中国移动2019年至2020年NFV智能网SCP AS设备集中采购_招标公告,https://b2b.10086.cn/b2b/main/viewNoticeContent.html?noticeBean.id=601009,2019-10-09
总部,中国移动2019年国际国内电信市场信息收集项目采购_比选公告,https://b2b.10086.cn/b2b/main/viewNoticeContent.html?noticeBean.id=601026,2019-10-09
上海移动,中国移动上海公司嘉定联勤移动工作平台项目_比选公告,https://b2b.10086.cn/b2b/main/viewNoticeContent.html?noticeBean.id=601028,2019-10-09
政企分公司,2019年雄研院面向垂直行业的室内定位产品开发采购项目_比选公告,https://b2b.10086.cn/b2b/main/viewNoticeContent.html?noticeBean.id=601030,2019-10-09
山东移动,山东移动2019年B域安全平台改造工程第二批采购项目_比选公告,https://b2b.10086.cn/b2b/main/viewNoticeContent.html?noticeBean.id=601052,2019-10-09
湖南移动,湖南移动自治州分公司2019年－2021年全州网吧支撑服务项目_比选公告,https://b2b.10086.cn/b2b/main/viewNoticeContent.html?noticeBean.id=601059,2019-10-09
北京移动,中国移动北京公司朝阳区电子政务平台项目设备代采ICT项目_比选公告,https://b2b.10086.cn/b2b/main/viewNoticeContent.html?noticeBean.id=601060,2019-10-09
政企分公司,中国移动河北网厅第三方维护服务（中移全通）采购项目_比选公告,https://b2b.10086.cn/b2b/main/viewNoticeContent.html?noticeBean.id=601068,2019-10-09
物联网公司,广东区域2020-2021年业务合作支撑采购项目_比选公告,https://b2b.10086.cn/b2b/main/viewNoticeContent.html?noticeBean.id=601081,2019-10-09
内蒙移动,2019年呼伦贝尔分公司微信平台运营支撑项目_比选公告,https://b2b.10086.cn/b2b/main/viewNoticeContent.html?noticeBean.id=601088,2019-10-09
内蒙移动,中国移动（呼和浩特）数据中心二期一阶段机电配套工程（B05空调系统安装工程、B05机房及制冷站配套集成工程）设备采购项目招标公告,https://b2b.10086.cn/b2b/main/viewNoticeContent.html?noticeBean.id=601095,2019-10-09
广西移动,中国移动广西有限公司2019年网络关键数据管控服务采购项目_比选公告,https://b2b.10086.cn/b2b/main/viewNoticeContent.html?noticeBean.id=601098,2019-10-09
新疆移动,和田分公司2019年局用动力配套系统技术服务项目_比选公告,https://b2b.10086.cn/b2b/main/viewNoticeContent.html?noticeBean.id=601114,2019-10-09
江苏移动,中国移动江苏公司2019年苏州分公司常熟重点公共场所人像卡口和车辆智能抓拍系统项目_比选公告,https://b2b.10086.cn/b2b/main/viewNoticeContent.html?noticeBean.id=601115,2019-10-09
铁通公司,中移铁通有限公司2019年信息服务体系研究咨询服务采购项目_比选公告,https://b2b.10086.cn/b2b/main/viewNoticeContent.html?noticeBean.id=601120,2019-10-09
咪咕公司,咪咕公司数据防泄漏一期工程_比选公告,https://b2b.10086.cn/b2b/main/viewNoticeContent.html?noticeBean.id=601127,2019-10-09
河南移动,河南移动资源管理系统（IRMS）八期建设工程采购项目_招标公告,https://b2b.10086.cn/b2b/main/viewNoticeContent.html?noticeBean.id=601132,2019-10-09
陕西移动,陕西移动2020-2022年超六类数据线缆产品化采购项目_招标公告,https://b2b.10086.cn/b2b/main/viewNoticeContent.html?noticeBean.id=601149,2019-10-09
