采购单位,标题,链接,发标日期
广东移动,中国移动广东公司2019-2021年档案整理支撑公开比选项目（云浮）_比选公告,https://b2b.10086.cn/b2b/main/viewNoticeContent.html?noticeBean.id=553239,2019-04-11
河北移动,中国移动河北公司2019年第一次集团客户业务合作伙伴招募项目_采购公告,https://b2b.10086.cn/b2b/main/viewNoticeContent.html?noticeBean.id=553250,2019-04-11
四川移动,中国移动四川公司凉山分公司2019年党务个性化支撑系统“党建宝”技术支撑服务项目_比选公告,https://b2b.10086.cn/b2b/main/viewNoticeContent.html?noticeBean.id=553251,2019-04-11
苏州研发中心,苏州研发中心2019-2021公司市场宣传活动支撑服务框架项目_比选公告,https://b2b.10086.cn/b2b/main/viewNoticeContent.html?noticeBean.id=553257,2019-04-11
广西移动,中国移动广西玉林分公司网络运营中心2019年LTE测试终端采购项目_采购变更公告(1),https://b2b.10086.cn/b2b/main/viewNoticeContent.html?noticeBean.id=553264,2019-04-11
黑龙江移动,黑龙江移动鸡西分公司2019年框选集采外网络维护耗材采购项目_比选公告,https://b2b.10086.cn/b2b/main/viewNoticeContent.html?noticeBean.id=553266,2019-04-11
山东移动,山东移动威海分公司2019年高区环卫处对讲平台接口开发采购项目_采购公告,https://b2b.10086.cn/b2b/main/viewNoticeContent.html?noticeBean.id=553272,2019-04-11
陕西移动,2019年西咸公司收入管控支撑项目_比选公告,https://b2b.10086.cn/b2b/main/viewNoticeContent.html?noticeBean.id=553293,2019-04-11
总部,中国移动2019年5G行业需求调研和产品研究项目采购_比选公告,https://b2b.10086.cn/b2b/main/viewNoticeContent.html?noticeBean.id=553299,2019-04-11
福建移动,中国移动福建公司直属中心六频合路组合无源互调测试系统公开比选采购项目_比选公告,https://b2b.10086.cn/b2b/main/viewNoticeContent.html?noticeBean.id=553308,2019-04-11
福建移动,2019-2021年厦门移动业务支撑网技术服务项目_比选公告,https://b2b.10086.cn/b2b/main/viewNoticeContent.html?noticeBean.id=553316,2019-04-11
安徽移动,中国移动安徽滁州凤阳县分公司车牌识别系统_询价公告,https://b2b.10086.cn/b2b/main/viewNoticeContent.html?noticeBean.id=553321,2019-04-11
上海移动,中国移动上海公司2019-2020年管线系统维保技术服务_询价公告,https://b2b.10086.cn/b2b/main/viewNoticeContent.html?noticeBean.id=553327,2019-04-11
上海移动,中国移动上海公司2019-2020年管线系统日常优化技术服务_询价公告,https://b2b.10086.cn/b2b/main/viewNoticeContent.html?noticeBean.id=553328,2019-04-11
浙江移动,中国移动衢州分公司2019-2020年度集团客户生日关怀鲜花采购项目_比选公告,https://b2b.10086.cn/b2b/main/viewNoticeContent.html?noticeBean.id=553355,2019-04-11
