采购单位,标题,链接,发标日期
江苏移动,中国移动江苏公司镇江移动2019年新媒体平台及数字化业务运营服务项目_比选公告,https://b2b.10086.cn/b2b/main/viewNoticeContent.html?noticeBean.id=545748,2019-03-12
浙江移动,中国移动浙江公司营业厅智慧运营平台采购单项_招标公告,https://b2b.10086.cn/b2b/main/viewNoticeContent.html?noticeBean.id=545765,2019-03-12
在线服务公司,中移在线服务有限公司北京分公司2019年飞信公众号运营支撑项目_比选公告,https://b2b.10086.cn/b2b/main/viewNoticeContent.html?noticeBean.id=545796,2019-03-12
内蒙移动,中国移动内蒙古包头分公司2018年青山正翔国际二期小区宽带资源购置项目_竞争性谈判采购公告,https://b2b.10086.cn/b2b/main/viewNoticeContent.html?noticeBean.id=545807,2019-03-12
贵州移动,2019年信息技术部云计算运维技术支撑服务项目_比选公告,https://b2b.10086.cn/b2b/main/viewNoticeContent.html?noticeBean.id=545809,2019-03-12
福建移动,宁德移动2019-2021年LMDCN网络数据支持服务采购项目_比选公告,https://b2b.10086.cn/b2b/main/viewNoticeContent.html?noticeBean.id=545812,2019-03-12
内蒙移动,中国移动（呼和浩特）数据中心IDC机房ISO国际认证2019年度服务项目_询价公告,https://b2b.10086.cn/b2b/main/viewNoticeContent.html?noticeBean.id=545813,2019-03-12
黑龙江移动,黑龙江移动伊春分公2019年市场经营部购买外呼话机采购项目_询价公告,https://b2b.10086.cn/b2b/main/viewNoticeContent.html?noticeBean.id=545825,2019-03-12
福建移动,2019年云化运维运营支撑工具（二次）_比选公告,https://b2b.10086.cn/b2b/main/viewNoticeContent.html?noticeBean.id=545829,2019-03-12
广东移动,中国移动广东公司2019年地市业务支撑域安全审计服务公开比选项目_比选公告,https://b2b.10086.cn/b2b/main/viewNoticeContent.html?noticeBean.id=545839,2019-03-12
福建移动,福建移动合营云平台安全三级等保评测项目_比选公告,https://b2b.10086.cn/b2b/main/viewNoticeContent.html?noticeBean.id=545840,2019-03-12
咪咕公司,光明网核心价值观百场讲坛项目综合服务支撑_比选公告,https://b2b.10086.cn/b2b/main/viewNoticeContent.html?noticeBean.id=545843,2019-03-12
咪咕公司,咪咕公司全网统一监测平台_招标公告,https://b2b.10086.cn/b2b/main/viewNoticeContent.html?noticeBean.id=545847,2019-03-12
湖北移动,中国移动湖北公司互联网电视增值平台(第二次)_招标公告,https://b2b.10086.cn/b2b/main/viewNoticeContent.html?noticeBean.id=545851,2019-03-12
北京移动,中国移动北京公司2019-2020年市场营销及资费运营监测项目_比选公告,https://b2b.10086.cn/b2b/main/viewNoticeContent.html?noticeBean.id=545858,2019-03-12
重庆移动,2019年城二分公司集团客户手机维修服务项目_比选公告,https://b2b.10086.cn/b2b/main/viewNoticeContent.html?noticeBean.id=545865,2019-03-12
河南移动,中国移动河南公司焦作分公司焦作市质量技术监督检验测试中心智慧实验室综合信息管理系统合作伙伴引入项目_比选公告,https://b2b.10086.cn/b2b/main/viewNoticeContent.html?noticeBean.id=545877,2019-03-12
辽宁移动,中国移动通信集团辽宁有限公司2019年4G网络客户感知监测项目_比选公告,https://b2b.10086.cn/b2b/main/viewNoticeContent.html?noticeBean.id=545891,2019-03-12
