采购单位,标题,链接,发标日期
黑龙江移动,黑龙江移动2020年-2022年IP网络接入集成维护服务采购项目_比选公告,https://b2b.10086.cn/b2b/main/viewNoticeContent.html?noticeBean.id=624955,2019-12-24
互联网公司,中移互联网有限公司2020-2021年MM深度运营支撑服务公开比选项目_比选公告,https://b2b.10086.cn/b2b/main/viewNoticeContent.html?noticeBean.id=624970,2019-12-24
内蒙移动,2019年巴彦淖尔分公司杭后金鼎世纪城一、二期、瑞丰园A区二期宽带三方合作项目_二次公告,https://b2b.10086.cn/b2b/main/viewNoticeContent.html?noticeBean.id=624992,2019-12-24
广东移动,中国移动广东公司2020年集团客户服务活动公开比选项目（汕头）_比选公告,https://b2b.10086.cn/b2b/main/viewNoticeContent.html?noticeBean.id=625000,2019-12-24
安徽移动,安徽移动淮南数据中心2020-2021年度绿植租赁服务采购项目_询价公告,https://b2b.10086.cn/b2b/main/viewNoticeContent.html?noticeBean.id=625022,2019-12-24
河南移动,中国移动河南公司濮阳分公司2020-2023年濮阳县渠村、文留两个营销中心，户部寨等四个营业厅租赁项目_采购公告,https://b2b.10086.cn/b2b/main/viewNoticeContent.html?noticeBean.id=625032,2019-12-24
江苏移动,中国移动江苏公司川埠综合业务接入区汇聚机房购置项目项目_采购公告,https://b2b.10086.cn/b2b/main/viewNoticeContent.html?noticeBean.id=625033,2019-12-24
陕西移动,2019年互联网标记数据同步服务项目_比选公告,https://b2b.10086.cn/b2b/main/viewNoticeContent.html?noticeBean.id=625035,2019-12-24
黑龙江移动,黑龙江移动2020年-2022年数据中心空调冷机维保服务采购项目_比选公告,https://b2b.10086.cn/b2b/main/viewNoticeContent.html?noticeBean.id=625037,2019-12-24
设计院,2019年设计院陕西区域机房高低压变配电系统报建服务采购项目_比选公告,https://b2b.10086.cn/b2b/main/viewNoticeContent.html?noticeBean.id=625068,2019-12-24
成都研究院,中移（成都）信息通信科技有限公司零售门店管理云平台一期工程建设项目_比选公告,https://b2b.10086.cn/b2b/main/viewNoticeContent.html?noticeBean.id=625085,2019-12-24
上海移动,中国移动上海公司2020-2022年度自有楼宇外立面幕墙维护服务_比选公告,https://b2b.10086.cn/b2b/main/viewNoticeContent.html?noticeBean.id=625091,2019-12-24
湖北移动,中国移动湖北公司襄阳云计算中心2020-2021年电梯维护保养服务_比选公告,https://b2b.10086.cn/b2b/main/viewNoticeContent.html?noticeBean.id=625137,2019-12-24
江苏移动,中国移动江苏公司信息通信集成运营中心江苏省财政厅公有云二期项目配套安全产品采购项目_比选公告,https://b2b.10086.cn/b2b/main/viewNoticeContent.html?noticeBean.id=625156,2019-12-24
