采购单位,标题,链接,发标日期
信息技术公司,2020-2021年仓储管理服务采购项目_比选公告,https://b2b.10086.cn/b2b/main/viewNoticeContent.html?noticeBean.id=611360,2019-11-15
天津移动,中国移动天津公司2019年基于多数据源的用户感知分析支撑服务采购项目_比选公告,https://b2b.10086.cn/b2b/main/viewNoticeContent.html?noticeBean.id=611384,2019-11-15
浙江移动,中国移动嘉兴分公司2019年营销服务户外防风、防寒服套装采购项目_比选公告,https://b2b.10086.cn/b2b/main/viewNoticeContent.html?noticeBean.id=611401,2019-11-15
广西移动,中国移动广西公司钦州分公司2019年对讲机业务需求项目_询价公告,https://b2b.10086.cn/b2b/main/viewNoticeContent.html?noticeBean.id=611408,2019-11-15
研究院,SD-CPE原型系统开发_比选公告,https://b2b.10086.cn/b2b/main/viewNoticeContent.html?noticeBean.id=611410,2019-11-15
安徽移动,六安市公安局金安分局治安视频防控人像抓拍系统设备采购项目_询价公告,https://b2b.10086.cn/b2b/main/viewNoticeContent.html?noticeBean.id=611417,2019-11-15
总部,中国移动2020年GTI国际产业峰会会务支撑_比选公告,https://b2b.10086.cn/b2b/main/viewNoticeContent.html?noticeBean.id=611426,2019-11-15
上海研究院,中移（上海）产业研究院2019年CPE设备采购_询价公告,https://b2b.10086.cn/b2b/main/viewNoticeContent.html?noticeBean.id=611428,2019-11-15
浙江移动,中国移动浙江公司2019年度全省公路高架、隧道红线内专项维护服务采购_比选公告,https://b2b.10086.cn/b2b/main/viewNoticeContent.html?noticeBean.id=611432,2019-11-15
新疆移动,奎屯分公司2019年维稳类集成维护服务框架项目_比选公告,https://b2b.10086.cn/b2b/main/viewNoticeContent.html?noticeBean.id=611436,2019-11-15
上海研究院,中移（上海）产业研究院实验室一期项目集成服务_比选公告,https://b2b.10086.cn/b2b/main/viewNoticeContent.html?noticeBean.id=611437,2019-11-15
内蒙移动,鄂尔多斯分公司关于集团客户部申请项目管理平台服务项目_采购公告,https://b2b.10086.cn/b2b/main/viewNoticeContent.html?noticeBean.id=611450,2019-11-15
黑龙江移动,黑龙江移动2019年双星授时同步系统采购项目_招标公告,https://b2b.10086.cn/b2b/main/viewNoticeContent.html?noticeBean.id=611453,2019-11-15
云南移动,中国移动云南公司2019年安全大数据应用分析支撑服务项目_比选公告,https://b2b.10086.cn/b2b/main/viewNoticeContent.html?noticeBean.id=611456,2019-11-15
辽宁移动,中国移动辽宁公司2019年MDCN网络优化改造项目（系统集成服务）_比选公告,https://b2b.10086.cn/b2b/main/viewNoticeContent.html?noticeBean.id=611478,2019-11-15
湖南移动,湖南邵阳市烟草公司“一卡通”人脸识别系统ICT服务项目_比选公告,https://b2b.10086.cn/b2b/main/viewNoticeContent.html?noticeBean.id=611484,2019-11-15
苏州研发中心,苏州研发中心2019年档案库房用密集架采购项目_比选公告,https://b2b.10086.cn/b2b/main/viewNoticeContent.html?noticeBean.id=611487,2019-11-15
苏州研发中心,苏州研发中心2020-2021年员工补充医疗保险管理服务采购_比选公告,https://b2b.10086.cn/b2b/main/viewNoticeContent.html?noticeBean.id=611495,2019-11-15
陕西移动,陕西移动2019年全网资源集中维护服务项目_比选公告,https://b2b.10086.cn/b2b/main/viewNoticeContent.html?noticeBean.id=611498,2019-11-15
陕西移动,陕西移动2019年CMNET数据智能化管理服务项目_比选公告,https://b2b.10086.cn/b2b/main/viewNoticeContent.html?noticeBean.id=611499,2019-11-15
陕西移动,陕西移动2019年互联网业务质量管理优化专项服务项目_比选公告,https://b2b.10086.cn/b2b/main/viewNoticeContent.html?noticeBean.id=611500,2019-11-15
政企分公司,河南省漯河市人防办专用4G现场通信系统和无人机系统集成服务（中移全通）采购项目_比选公告,https://b2b.10086.cn/b2b/main/viewNoticeContent.html?noticeBean.id=611504,2019-11-15
江苏移动,中国移动江苏公司2019年分公司内容资源网络运营支撑服务项目_比选公告,https://b2b.10086.cn/b2b/main/viewNoticeContent.html?noticeBean.id=611506,2019-11-15
政企分公司,贵州移动政企客户分公司州检察院检查工作网及云桌面技术支撑服务（中移全通）采购项目_比选公告,https://b2b.10086.cn/b2b/main/viewNoticeContent.html?noticeBean.id=611508,2019-11-15
吉林移动,中国移动吉林公司通化市分公司2019-2021年客户营销活动支撑服务公开比选项目_比选公告,https://b2b.10086.cn/b2b/main/viewNoticeContent.html?noticeBean.id=611510,2019-11-15
苏州研发中心,苏州研发中心2019-2021年度移动云ISO系列资质认证服务项目_比选公告,https://b2b.10086.cn/b2b/main/viewNoticeContent.html?noticeBean.id=611511,2019-11-15
陕西移动,陕西移动2019年缓存运营优化服务项目_比选公告,https://b2b.10086.cn/b2b/main/viewNoticeContent.html?noticeBean.id=611512,2019-11-15
陕西移动,陕西移动2019年VoLTE核心网健康管理项目_比选公告,https://b2b.10086.cn/b2b/main/viewNoticeContent.html?noticeBean.id=611513,2019-11-15
重庆移动,2019年度综合部舆情监测_比选公告,https://b2b.10086.cn/b2b/main/viewNoticeContent.html?noticeBean.id=611515,2019-11-15
政企分公司,安徽淮南凤台县国土资源局监控平台相关设备和服务（中移全通）采购项目_比选公告,https://b2b.10086.cn/b2b/main/viewNoticeContent.html?noticeBean.id=611519,2019-11-15
内蒙移动,中国移动（呼和浩特）数据中心二期一阶段机电配套工程B04、B05、B06高压配电及油机工程和B05空调及配套工程监理项目（2）_采购变更公告,https://b2b.10086.cn/b2b/main/viewNoticeContent.html?noticeBean.id=611521,2019-11-15
