采购单位,标题,链接,发标日期
苏州研发中心,苏州研发中心2019年“十四五”发展策略咨询服务项目_比选公告,https://b2b.10086.cn/b2b/main/viewNoticeContent.html?noticeBean.id=570436,2019-06-16
安徽移动,2019年秋季高校迎新及日常宽带营销物资采购项目_采购公告,https://b2b.10086.cn/b2b/main/viewNoticeContent.html?noticeBean.id=570449,2019-06-17
安徽移动,铜陵有色建安钢构公司门户网站开发项目_采购公告,https://b2b.10086.cn/b2b/main/viewNoticeContent.html?noticeBean.id=570450,2019-06-17
安徽移动,马鞍山移动2019-2020年和商务直播支撑服务采购项目_采购公告,https://b2b.10086.cn/b2b/main/viewNoticeContent.html?noticeBean.id=570452,2019-06-17
安徽移动,铜陵铜冠建安新型环保建材科技有限公司新增视频监控系统集成项目_采购公告,https://b2b.10086.cn/b2b/main/viewNoticeContent.html?noticeBean.id=570458,2019-06-17
广东移动,中国移动广东公司2019年工程建设中心集客业务发展及网络建设支撑公开比选项目_比选公告,https://b2b.10086.cn/b2b/main/viewNoticeContent.html?noticeBean.id=570473,2019-06-17
江西移动,吉安移动2019年第二批C类及乡镇厅店业务外包合作商引入项目_采购公告,https://b2b.10086.cn/b2b/main/viewNoticeContent.html?noticeBean.id=570520,2019-06-17
江西移动,崇仁移动综合楼火灾自动报警系统施工项目_采购公告,https://b2b.10086.cn/b2b/main/viewNoticeContent.html?noticeBean.id=570522,2019-06-17
安徽移动,2019年芜湖移动政企市场终端供货招商代发公告_采购变更公告(1),https://b2b.10086.cn/b2b/main/viewNoticeContent.html?noticeBean.id=570534,2019-06-17
江苏移动,中国移动江苏公司镇江移动公司物联网产业大厦新业务体验厅项目_比选公告,https://b2b.10086.cn/b2b/main/viewNoticeContent.html?noticeBean.id=570540,2019-06-17
山东移动,山东移动2019年微信公众平台运营支撑服务采购项目_比选公告,https://b2b.10086.cn/b2b/main/viewNoticeContent.html?noticeBean.id=570546,2019-06-17
江西移动,集客部探针无线管控平台项目_询价公告,https://b2b.10086.cn/b2b/main/viewNoticeContent.html?noticeBean.id=570563,2019-06-17
山东移动,山东移动2019年德州分公司平原县党政视频会议系统采购项目_比选公告,https://b2b.10086.cn/b2b/main/viewNoticeContent.html?noticeBean.id=570567,2019-06-17
北京移动,中国移动北京公司网管中心性能管理域volte信令监测定制开发_比选公告,https://b2b.10086.cn/b2b/main/viewNoticeContent.html?noticeBean.id=570586,2019-06-17
北京移动,中国移动北京公司B1927487 2019年互联网电视业务管理平台扩容工程-----防病毒软件_比选公告,https://b2b.10086.cn/b2b/main/viewNoticeContent.html?noticeBean.id=570604,2019-06-17
新疆移动,乌分公司2019年外聘法律顾问服务（日常法律咨询、培训服务）项目_比选公告,https://b2b.10086.cn/b2b/main/viewNoticeContent.html?noticeBean.id=570612,2019-06-17
