采购单位,标题,链接,发标日期
山东移动,山东移动菏泽分公司2019年巨野县陶庙镇天网监控平台管理系统采购项目_采购公告,https://b2b.10086.cn/b2b/main/viewNoticeContent.html?noticeBean.id=585787,2019-08-08
云南移动,中国移动云南公司曲靖分公司2019年高校市场服务外包项目_比选公告,https://b2b.10086.cn/b2b/main/viewNoticeContent.html?noticeBean.id=585799,2019-08-08
信息技术公司,2019-2021年社会招聘支撑服务采购项目_比选公告,https://b2b.10086.cn/b2b/main/viewNoticeContent.html?noticeBean.id=585800,2019-08-08
河北移动,中国移动河北公司2019-2021年媒介监测与广告效果评估项目采购项目_比选公告,https://b2b.10086.cn/b2b/main/viewNoticeContent.html?noticeBean.id=585809,2019-08-08
铁通公司,中移铁通湖南分公司2019年智能门锁技术项目_竞争性谈判采购公告,https://b2b.10086.cn/b2b/main/viewNoticeContent.html?noticeBean.id=585810,2019-08-08
辽宁移动,中国移动辽宁公司2019年电子渠道运营支撑项目_比选公告,https://b2b.10086.cn/b2b/main/viewNoticeContent.html?noticeBean.id=585818,2019-08-08
湖北移动,中国移动湖北公司2019年PON流量监控系统技术支撑服务_比选公告,https://b2b.10086.cn/b2b/main/viewNoticeContent.html?noticeBean.id=585845,2019-08-08
浙江移动,中国移动浙江公司2019年度全省公路高架、隧道红线内统一专项维护服务采购_比选公告,https://b2b.10086.cn/b2b/main/viewNoticeContent.html?noticeBean.id=585867,2019-08-08
安徽移动,安徽移动业务云七期一阶段工程VPN网关等安全设备采购_询价公告,https://b2b.10086.cn/b2b/main/viewNoticeContent.html?noticeBean.id=585875,2019-08-08
北京移动,中国移动北京公司2019-2020年手机支付省平台运营支撑项目_比选公告,https://b2b.10086.cn/b2b/main/viewNoticeContent.html?noticeBean.id=585878,2019-08-08
江苏移动,中国移动江苏公司2019年苏州分公司张家港、吴江分公司综合楼道闸系统采购项目_询价公告,https://b2b.10086.cn/b2b/main/viewNoticeContent.html?noticeBean.id=585896,2019-08-08
互联网公司,中移互联网有限公司2019年彩云智能会议定制终端试点采购公开比选项目_比选公告,https://b2b.10086.cn/b2b/main/viewNoticeContent.html?noticeBean.id=585898,2019-08-08
北京移动,中国移动北京公司2019年平谷分公司中小企业信息化产品推介会_比选公告,https://b2b.10086.cn/b2b/main/viewNoticeContent.html?noticeBean.id=585906,2019-08-08
北京移动,中国移动北京公司直门消防系统升级改造项目_竞争性谈判采购公告,https://b2b.10086.cn/b2b/main/viewNoticeContent.html?noticeBean.id=585908,2019-08-08
