采购单位,标题,链接,发标日期
甘肃移动,中国移动甘肃公司临夏分公司和政县智慧旅游平台项目_比选公告,https://b2b.10086.cn/b2b/main/viewNoticeContent.html?noticeBean.id=539645,2019-02-12
在线服务公司,中移在线全链路智能化系统研发项目_招标公告,https://b2b.10086.cn/b2b/main/viewNoticeContent.html?noticeBean.id=539649,2019-02-12
山东移动,山东移动2019年大数据人工智能平台基础框架采购项目_比选公告,https://b2b.10086.cn/b2b/main/viewNoticeContent.html?noticeBean.id=539685,2019-02-12
政企分公司,湖南省望城区城管局视频监控业务项目（中移全通）采购项目_比选公告,https://b2b.10086.cn/b2b/main/viewNoticeContent.html?noticeBean.id=539686,2019-02-12
福建移动,2019年福州分公司哑资源运维能力和管理效率提升服务项目_比选公告,https://b2b.10086.cn/b2b/main/viewNoticeContent.html?noticeBean.id=539695,2019-02-12
上海移动,中国移动上海公司2018-19年营业厅平安排队机设备维护技术服务_询价公告,https://b2b.10086.cn/b2b/main/viewNoticeContent.html?noticeBean.id=539703,2019-02-12
山东移动,山东移动2018年云服务信息安全系统建设工程采购项目_招标公告,https://b2b.10086.cn/b2b/main/viewNoticeContent.html?noticeBean.id=539714,2019-02-12
政企分公司,中国移动福建公司2018-2019年ICT技术支撑服务（中移全通）采购项目_比选公告,https://b2b.10086.cn/b2b/main/viewNoticeContent.html?noticeBean.id=539722,2019-02-12
上海移动,中国移动上海公司政企客户信息化支撑服务采购_比选公告,https://b2b.10086.cn/b2b/main/viewNoticeContent.html?noticeBean.id=539726,2019-02-12
安徽移动,中移服务分公司业务二部2018年第四季度终端设备电源采购_比选公告,https://b2b.10086.cn/b2b/main/viewNoticeContent.html?noticeBean.id=539732,2019-02-12
政企分公司,云南省一部手机游云南项目智慧厕所ICT业务服务(中移全通)采购项目_比选公告,https://b2b.10086.cn/b2b/main/viewNoticeContent.html?noticeBean.id=539737,2019-02-12
政企分公司,天津创业环保集团股份有限公司官网平台建设（中移全通）采购项目_比选公告,https://b2b.10086.cn/b2b/main/viewNoticeContent.html?noticeBean.id=539738,2019-02-12
江苏移动,中国移动江苏公司城南云数据中心办公区域监控系统采购项目_采购公告,https://b2b.10086.cn/b2b/main/viewNoticeContent.html?noticeBean.id=539739,2019-02-12
咪咕公司,咪咕音乐有限公司2019年省彩铃平台硬件优化服务项目_比选公告,https://b2b.10086.cn/b2b/main/viewNoticeContent.html?noticeBean.id=539740,2019-02-12
云南移动,中国移动云南公司临沧分公司2018年暖心工程一卡通门禁系统及视频监控系统采购项目_招标公告,https://b2b.10086.cn/b2b/main/viewNoticeContent.html?noticeBean.id=539754,2019-02-12
云南移动,中国移动云南公司德宏分公司2018年德宏电视节目推送互联网电视平台编转码设备建设项目_竞争性谈判采购公告,https://b2b.10086.cn/b2b/main/viewNoticeContent.html?noticeBean.id=539769,2019-02-12
宁夏移动,中国移动宁夏公司2019年全区集团客户服务活动支撑供应商采购项目_比选公告,https://b2b.10086.cn/b2b/main/viewNoticeContent.html?noticeBean.id=539773,2019-02-12
福建移动,中国移动福建公司2019年大数据应用支撑服务公开比选采购项目（第二批）_比选公告,https://b2b.10086.cn/b2b/main/viewNoticeContent.html?noticeBean.id=539792,2019-02-12
山东移动,山东移动潍坊分公司2019年综合办公楼会议系统采购项目 _比选公告,https://b2b.10086.cn/b2b/main/viewNoticeContent.html?noticeBean.id=539806,2019-02-12
