采购单位,标题,链接,发标日期
安徽移动,合肥移动2019年合肥银联商务等客户IMS设备购置工程融合视讯网关采购项目_采购公告,https://b2b.10086.cn/b2b/main/viewNoticeContent.html?noticeBean.id=586518,2019-08-12
北京移动,中国移动北京公司城一分公司政企中心2019年集团客户活动采购项目_比选公告,https://b2b.10086.cn/b2b/main/viewNoticeContent.html?noticeBean.id=586585,2019-08-12
浙江移动,中国移动浙江公司2019-2020年全省EAP职业幸福感建设咨询服务_比选公告,https://b2b.10086.cn/b2b/main/viewNoticeContent.html?noticeBean.id=586595,2019-08-12
四川移动,中国移动四川公司2019-2021年全业务支撑中心网络与信息安全技术支持服务项目_比选公告,https://b2b.10086.cn/b2b/main/viewNoticeContent.html?noticeBean.id=586610,2019-08-12
内蒙移动,中国移动通信集团内蒙古有限公司赤峰分公司阿旗新建生产调度中心楼、附属房及室外工程造价咨询项目_比选公告,https://b2b.10086.cn/b2b/main/viewNoticeContent.html?noticeBean.id=586625,2019-08-12
四川移动,中国移动四川公司2019年-2020年渠道三方监测服务项目_比选公告,https://b2b.10086.cn/b2b/main/viewNoticeContent.html?noticeBean.id=586632,2019-08-12
甘肃移动,中国移动甘肃公司嘉峪关分公司人民商城数字化监控信息系统项目售前合作伙伴选择项目_比选公告,https://b2b.10086.cn/b2b/main/viewNoticeContent.html?noticeBean.id=586637,2019-08-12
西藏移动,中国移动西藏公司拉萨分公司2019年4G座机采购（第一批）项目_比选公告,https://b2b.10086.cn/b2b/main/viewNoticeContent.html?noticeBean.id=586652,2019-08-12
安徽移动,铜陵移动2019年秋季高校迎新及日常宽带营销活动帐篷采购项目_采购公告,https://b2b.10086.cn/b2b/main/viewNoticeContent.html?noticeBean.id=586654,2019-08-12
江苏移动,中国移动江苏公司扬州分公司江都交巡警320设备维护备件项目项目_询价公告,https://b2b.10086.cn/b2b/main/viewNoticeContent.html?noticeBean.id=586668,2019-08-12
