采购单位,标题,链接,发标日期
内蒙移动,2019年巴彦淖尔分公司杭后庆丰3社等农村村社宽带三方合作项目_采购变更公告(1),https://b2b.10086.cn/b2b/main/viewNoticeContent.html?noticeBean.id=583116,2019-07-30
湖南移动,湖南移动2019自维机楼零星维护抢修材料采购项目_比选公告,https://b2b.10086.cn/b2b/main/viewNoticeContent.html?noticeBean.id=583125,2019-07-30
江苏移动,中国移动江苏公司集团客户IPTV业务支撑软件公开招标项目_招标公告,https://b2b.10086.cn/b2b/main/viewNoticeContent.html?noticeBean.id=583130,2019-07-30
政企分公司,中移智行OSCAR业务支撑系统资源池一期工程硬件集成服务（中移全通）采购项目_比选公告,https://b2b.10086.cn/b2b/main/viewNoticeContent.html?noticeBean.id=583160,2019-07-30
安徽移动,淮北分公司市场部人民路营业厅5G演示区液晶电视采购项目_询价公告,https://b2b.10086.cn/b2b/main/viewNoticeContent.html?noticeBean.id=583164,2019-07-30
广西移动,中国移动广西公司柳州分公司集团优质客户体验手机终端框架采购项目_询价公告,https://b2b.10086.cn/b2b/main/viewNoticeContent.html?noticeBean.id=583186,2019-07-30
湖南移动,湖南移动自治州分公司远程发电系统维护项目_比选公告,https://b2b.10086.cn/b2b/main/viewNoticeContent.html?noticeBean.id=583187,2019-07-30
贵州移动,2019年网络部网络安全监控可视化技术支撑服务项目（网管）_比选公告,https://b2b.10086.cn/b2b/main/viewNoticeContent.html?noticeBean.id=583205,2019-07-30
总部,中国移动自主度评估标准及管理体系研究项目采购_比选公告,https://b2b.10086.cn/b2b/main/viewNoticeContent.html?noticeBean.id=583206,2019-07-30
河南移动,济源分公司政企客户部标书制作采购项目_采购公告,https://b2b.10086.cn/b2b/main/viewNoticeContent.html?noticeBean.id=583215,2019-07-30
江苏移动,中国移动江苏公司集团客户部2019-2021年互联网不良内容监控服务项目_比选公告,https://b2b.10086.cn/b2b/main/viewNoticeContent.html?noticeBean.id=583223,2019-07-30
政企分公司,河南焦作师范高等专科学校数据中心私有云服务(中移全通)采购项目_比选公告,https://b2b.10086.cn/b2b/main/viewNoticeContent.html?noticeBean.id=583227,2019-07-30
黑龙江移动,黑龙江移动2019年电子运维系统业务变更与优化服务采购项目_比选公告,https://b2b.10086.cn/b2b/main/viewNoticeContent.html?noticeBean.id=583228,2019-07-30
广西移动,中国移动广西公司2019-2020年市场信息调查咨询采购项目（流标后重招-标包1）_比选公告,https://b2b.10086.cn/b2b/main/viewNoticeContent.html?noticeBean.id=583230,2019-07-30
辽宁移动,中国移动辽宁公司2019年政企集中化支撑系统建设项目_招标公告,https://b2b.10086.cn/b2b/main/viewNoticeContent.html?noticeBean.id=583233,2019-07-30
咪咕公司,咪咕视讯2019年-2021年业务网管（二期）开发技术支撑项目_比选公告,https://b2b.10086.cn/b2b/main/viewNoticeContent.html?noticeBean.id=583238,2019-07-30
咪咕公司,咪咕视讯2019年-2021年海外大屏开发技术支撑项目_比选公告,https://b2b.10086.cn/b2b/main/viewNoticeContent.html?noticeBean.id=583239,2019-07-30
咪咕公司,咪咕文化及咪咕动漫MCN支撑服务项目_比选公告,https://b2b.10086.cn/b2b/main/viewNoticeContent.html?noticeBean.id=583243,2019-07-30
四川移动,中国移动四川公司自贡分公司2019年4G七期第三批室分配套交流引入施工服务（补充）采购项目_比选公告,https://b2b.10086.cn/b2b/main/viewNoticeContent.html?noticeBean.id=583249,2019-07-30
