采购单位,标题,链接,发标日期
铁通公司,中移建设黑龙江分公司2019年度铁塔维护劳务分包项目_比选公告,https://b2b.10086.cn/b2b/main/viewNoticeContent.html?noticeBean.id=544653,2019-03-07
上海移动,中国移动上海公司北区分公司五角场厅物业管理费_采购公告,https://b2b.10086.cn/b2b/main/viewNoticeContent.html?noticeBean.id=544666,2019-03-07
政企分公司,一部手机游云南数据接入（第二批）鸡飞景区名片数据采集支撑服务（中移全通）采购项目_比选公告,https://b2b.10086.cn/b2b/main/viewNoticeContent.html?noticeBean.id=544669,2019-03-07
设计院,2019年监理公司江苏地区招标代理业务支撑服务项目_比选公告,https://b2b.10086.cn/b2b/main/viewNoticeContent.html?noticeBean.id=544670,2019-03-07
贵州移动,中国移动通信集团贵州有限公司2019年信息技术部应用系统代码审计技术支撑服务_比选公告,https://b2b.10086.cn/b2b/main/viewNoticeContent.html?noticeBean.id=544683,2019-03-07
广西移动,中国移动广西桂林分公司5G体验VR设备及配套软件开发采购项目_比选公告,https://b2b.10086.cn/b2b/main/viewNoticeContent.html?noticeBean.id=544691,2019-03-07
设计院,2019-2021年陕西分院IT办公设备维保服务采购项目_比选公告,https://b2b.10086.cn/b2b/main/viewNoticeContent.html?noticeBean.id=544692,2019-03-07
政企分公司,四川省达州市网吧业务分流优化提升服务（中移全通）采购项目_比选公告,https://b2b.10086.cn/b2b/main/viewNoticeContent.html?noticeBean.id=544697,2019-03-07
江西移动,宜春移动创咖空间音频系统采购项目_询价公告,https://b2b.10086.cn/b2b/main/viewNoticeContent.html?noticeBean.id=544716,2019-03-07
北京移动,中国移动北京公司北京公司2019年4月-2021年3月客户侧设备维保服务项目_比选公告,https://b2b.10086.cn/b2b/main/viewNoticeContent.html?noticeBean.id=544719,2019-03-07
江西移动,南昌市湾里区机关事务局采购人脸识别系统项目_比选公告,https://b2b.10086.cn/b2b/main/viewNoticeContent.html?noticeBean.id=544739,2019-03-07
安徽移动,池州移动2019-2021年全市过境短信服务平台新增开发和在用维保服务的采购项目_询价公告,https://b2b.10086.cn/b2b/main/viewNoticeContent.html?noticeBean.id=544742,2019-03-07
上海移动,中国移动上海公司临港数据中心二期土建工程基建图纸审查服务_比选公告,https://b2b.10086.cn/b2b/main/viewNoticeContent.html?noticeBean.id=544743,2019-03-07
贵州移动,中国移动通信集团贵州有限公司2019-2021年（36个月）省公司及贵阳分公司土建类工程建设及维护项目采购代理服务_比选公告,https://b2b.10086.cn/b2b/main/viewNoticeContent.html?noticeBean.id=544745,2019-03-07
