采购单位,标题,链接,发标日期
在线服务公司,中移在线甘肃分公司2019年全网客服系统终端及办公设备代维服务项目_比选公告,https://b2b.10086.cn/b2b/main/viewNoticeContent.html?noticeBean.id=566407,2019-05-31
苏州研发中心,苏州研发中心2019-2021年EAP服务框架项目_比选公告,https://b2b.10086.cn/b2b/main/viewNoticeContent.html?noticeBean.id=566409,2019-05-31
在线服务公司,中移在线新疆“九大场景”智能化系统实施交付项目二期_招标公告,https://b2b.10086.cn/b2b/main/viewNoticeContent.html?noticeBean.id=566428,2019-05-31
内蒙移动,2019年呼伦贝尔分公司市场经营部经理人员周转住房租赁项目_采购公告,https://b2b.10086.cn/b2b/main/viewNoticeContent.html?noticeBean.id=566439,2019-05-31
杭州研发中心,中移（杭州）信息技术有限公司2019年数字家庭西溪汇会展服务采购项目_比选公告,https://b2b.10086.cn/b2b/main/viewNoticeContent.html?noticeBean.id=566443,2019-05-31
政企分公司,中国移动政企分公司2019年移动云三期资源池客户迁移（中移全通）采购项目_比选公告,https://b2b.10086.cn/b2b/main/viewNoticeContent.html?noticeBean.id=566462,2019-05-31
杭州研发中心,中移（杭州）信息技术有限公司2019年数字家庭创客马拉松大赛活动支撑服务采购项目_比选公告,https://b2b.10086.cn/b2b/main/viewNoticeContent.html?noticeBean.id=566465,2019-05-31
湖北移动,中国移动湖北公司武汉分公司存量客户精细化运营支撑技术服务项目_比选公告,https://b2b.10086.cn/b2b/main/viewNoticeContent.html?noticeBean.id=566483,2019-05-31
贵州移动,中国移动通信集团贵州有限公司2019年工程建设部物资管理支撑服务项目_比选公告,https://b2b.10086.cn/b2b/main/viewNoticeContent.html?noticeBean.id=566484,2019-05-31
湖北移动,中国移动湖北公司2019-2021员工帮助计划（EAP）咨询采购项目_比选公告,https://b2b.10086.cn/b2b/main/viewNoticeContent.html?noticeBean.id=566504,2019-05-31
安徽移动,滁州移动2019-2021年电梯维护保养及维修项目_询价公告,https://b2b.10086.cn/b2b/main/viewNoticeContent.html?noticeBean.id=566511,2019-05-31
四川移动,中国移动四川公司2018年企业级大数据中心扩容改造工程（行业大数据应用软件）项目_招标公告,https://b2b.10086.cn/b2b/main/viewNoticeContent.html?noticeBean.id=566512,2019-05-31
江苏移动,中国移动江苏公司数据部｜数据业务运营中心2019年游戏加速服务项目_比选公告,https://b2b.10086.cn/b2b/main/viewNoticeContent.html?noticeBean.id=566514,2019-05-31
安徽移动,滁州移动七楼会议室会议系统采购_询价公告,https://b2b.10086.cn/b2b/main/viewNoticeContent.html?noticeBean.id=566523,2019-05-31
安徽移动,宿州移动2019-2020年维护用升高帽选型采购项目_询价公告,https://b2b.10086.cn/b2b/main/viewNoticeContent.html?noticeBean.id=566525,2019-05-31
四川移动,中国移动四川公司2018年企业级大数据中心扩容改造工程（MPP数据库软件）项目_比选公告,https://b2b.10086.cn/b2b/main/viewNoticeContent.html?noticeBean.id=566526,2019-05-31
河南移动,河南移动2019年互联网暴露面资产安全监测服务项目_比选公告,https://b2b.10086.cn/b2b/main/viewNoticeContent.html?noticeBean.id=566535,2019-05-31
福建移动,2019年福州移动本部及四个区营销中心公务用车定点洗车服务项目3_询价公告,https://b2b.10086.cn/b2b/main/viewNoticeContent.html?noticeBean.id=566536,2019-05-31
内蒙移动,中国移动通信集团内蒙古有限公司鄂尔多斯分公司2019年本地集团客户ICT业务短名单合作伙伴招募采购项目_比选公告,https://b2b.10086.cn/b2b/main/viewNoticeContent.html?noticeBean.id=566540,2019-05-31
河南移动,河南移动CRM系统十一期建设工程GIS能力开放平台功能采购项目_比选公告,https://b2b.10086.cn/b2b/main/viewNoticeContent.html?noticeBean.id=566542,2019-05-31
重庆移动,2019年基站电磁辐射环境监测服务项目_比选公告,https://b2b.10086.cn/b2b/main/viewNoticeContent.html?noticeBean.id=566556,2019-05-31
