采购单位,标题,链接,发标日期
湖北移动,中国移动湖北公司武汉分公司江岸01A业务区普通传输汇聚机房购置项目_采购公告（二次）,https://b2b.10086.cn/b2b/main/viewNoticeContent.html?noticeBean.id=589485,2019-08-22
青海移动,2019年全省网络传输维护仪表采购_招标公告,https://b2b.10086.cn/b2b/main/viewNoticeContent.html?noticeBean.id=589524,2019-08-22
湖南移动,中国移动湖南公司邵阳分公司市本部（含城区营销中心）及邵阳县、邵东、新邵等10个单位员工食堂食材项目_比选公告,https://b2b.10086.cn/b2b/main/viewNoticeContent.html?noticeBean.id=589529,2019-08-22
山西移动,中国移动山西公司2019年信息技术部法务信息平台的采购项目_比选公告,https://b2b.10086.cn/b2b/main/viewNoticeContent.html?noticeBean.id=589531,2019-08-22
江西移动,兴国生产调度楼建筑智能化施工单位采购项目_比选公告,https://b2b.10086.cn/b2b/main/viewNoticeContent.html?noticeBean.id=589534,2019-08-22
研究院,2019年移动研究院研发类笔记本及台式机采购项目(2)_询价公告,https://b2b.10086.cn/b2b/main/viewNoticeContent.html?noticeBean.id=589566,2019-08-22
新疆移动,吐鲁番分公司集团乐播系统项目_比选公告,https://b2b.10086.cn/b2b/main/viewNoticeContent.html?noticeBean.id=589571,2019-08-22
政企分公司,广西柳州移动2019年度集团信息化售前支撑服务（中移全通）采购项目_比选公告,https://b2b.10086.cn/b2b/main/viewNoticeContent.html?noticeBean.id=589572,2019-08-22
云南移动,中国移动云南公司文山分公司2019-2020年一卡通维护服务项目_竞争性谈判采购公告,https://b2b.10086.cn/b2b/main/viewNoticeContent.html?noticeBean.id=589586,2019-08-22
河南移动,河南移动IT云资源池建设工程系统集成服务采购项目_招标采购_变更公告_(1),https://b2b.10086.cn/b2b/main/viewNoticeContent.html?noticeBean.id=589590,2019-08-22
苏州研发中心,苏州研发中心2019年网络安全防护一期工程配置基线核查系统采购项目_比选公告,https://b2b.10086.cn/b2b/main/viewNoticeContent.html?noticeBean.id=589619,2019-08-22
物联网公司,2019贵州智能门锁安装服务_比选公告,https://b2b.10086.cn/b2b/main/viewNoticeContent.html?noticeBean.id=589636,2019-08-22
总部,中国移动2019年面向下一代网络的网业协同体系及客响机制研究项目采购_比选公告,https://b2b.10086.cn/b2b/main/viewNoticeContent.html?noticeBean.id=589655,2019-08-22
