采购单位,标题,链接,发标日期
黑龙江移动,黑龙江移动2020年哈尔滨数据中心空调系统备品备件采购项目_比选公告,https://b2b.10086.cn/b2b/main/viewNoticeContent.html?noticeBean.id=625945,2019-12-26
重庆移动,2020年西南大区物流基地卸货平台和提升门维修及保养_比选公告,https://b2b.10086.cn/b2b/main/viewNoticeContent.html?noticeBean.id=625964,2019-12-26
福建移动,2019-2020年一线支撑服务台运营支撑服务项目_比选公告,https://b2b.10086.cn/b2b/main/viewNoticeContent.html?noticeBean.id=625972,2019-12-26
销售分公司,中国移动销售分公司2020年用户页面访问行为数据采集与分析支撑服务采购项目_比选公告,https://b2b.10086.cn/b2b/main/viewNoticeContent.html?noticeBean.id=625974,2019-12-26
政企分公司,智能网联汽车与智慧交通应用示范区智能基础设施及应用平台建设项目交管侧传输设备集成服务（中移全通）采购项目_比选公告,https://b2b.10086.cn/b2b/main/viewNoticeContent.html?noticeBean.id=625979,2019-12-26
江苏移动,中国移动江苏公司 宿迁分公司电子渠道运营支撑服务采购项目_比选公告,https://b2b.10086.cn/b2b/main/viewNoticeContent.html?noticeBean.id=625981,2019-12-26
江苏移动,中国移动江苏公司盛世天下综合业务接入区汇聚机房购置项目项目_采购公告,https://b2b.10086.cn/b2b/main/viewNoticeContent.html?noticeBean.id=625983,2019-12-26
上海移动,中国移动上海公司临港IDC研发与产业化基地二期土建工程防雷检测服务_比选公告,https://b2b.10086.cn/b2b/main/viewNoticeContent.html?noticeBean.id=626008,2019-12-26
河南移动,河南移动2019年动环监控系统研发项目_招标公告,https://b2b.10086.cn/b2b/main/viewNoticeContent.html?noticeBean.id=626029,2019-12-26
河南移动,河南移动开封市电子政务外网云平台三期云平台管理软件采购项目_比选公告,https://b2b.10086.cn/b2b/main/viewNoticeContent.html?noticeBean.id=626030,2019-12-26
终端公司,中国移动通信集团终端有限公司宁夏分公司开展2020年1月～2020年12月零售类业务外包服务采购项目_比选公告,https://b2b.10086.cn/b2b/main/viewNoticeContent.html?noticeBean.id=626031,2019-12-26
黑龙江移动,黑龙江移动哈尔滨分公司2019-2021年度WLAN系统AC设备维保服务项目_比选公告,https://b2b.10086.cn/b2b/main/viewNoticeContent.html?noticeBean.id=626033,2019-12-26
信息技术公司,2019-2020年基础设施安全防护及安全监测检测类设备二级集中采购项目蜜罐采购_招标公告,https://b2b.10086.cn/b2b/main/viewNoticeContent.html?noticeBean.id=626044,2019-12-26
贵州移动,2019年遵义分公司应急通信平台非视距数字微波租赁服务项目_比选公告,https://b2b.10086.cn/b2b/main/viewNoticeContent.html?noticeBean.id=626046,2019-12-26
北京移动,中国移动北京公司2020-2022年全渠道运营中心物流服务项目_比选公告,https://b2b.10086.cn/b2b/main/viewNoticeContent.html?noticeBean.id=626052,2019-12-26
信息技术公司,2019-2020年基础设施安全防护及安全监测检测类设备二级集中采购项目网络安全防护管理系统采购_招标公告,https://b2b.10086.cn/b2b/main/viewNoticeContent.html?noticeBean.id=626055,2019-12-26
信息技术公司,2019-2020年基础设施安全防护及安全监测检测类设备二级集中采购项目安全缺陷检查工具采购_招标公告,https://b2b.10086.cn/b2b/main/viewNoticeContent.html?noticeBean.id=626056,2019-12-26
浙江移动,中国移动浙江公司2020-2021年浙东产业园110kV（含10KV）电缆代维护与变电站预防性试验服务采购项目_比选公告,https://b2b.10086.cn/b2b/main/viewNoticeContent.html?noticeBean.id=626066,2019-12-26
