采购单位,标题,链接,发标日期
北京移动,中国移动北京公司2019年业务网手机上网智能加速平台采购项目_比选公告,https://b2b.10086.cn/b2b/main/viewNoticeContent.html?noticeBean.id=602281,2019-10-14
江苏移动,中国移动江苏公司2020-2021年电渠和生活平台运营支撑服务项目_比选公告,https://b2b.10086.cn/b2b/main/viewNoticeContent.html?noticeBean.id=602283,2019-10-14
江苏移动,中国移动江苏公司2020-2021年12590平台运营支撑服务项目_比选公告,https://b2b.10086.cn/b2b/main/viewNoticeContent.html?noticeBean.id=602294,2019-10-14
终端公司,华为MATE20双系统公安版(套装)(HMA-AL00)(6+128G)_单一来源谈判邀请文件,https://b2b.10086.cn/b2b/main/viewNoticeContent.html?noticeBean.id=602302,2019-10-14
黑龙江移动,黑龙江移动省级政务服务一体化平台采购项目_招标公告,https://b2b.10086.cn/b2b/main/viewNoticeContent.html?noticeBean.id=602310,2019-10-14
浙江移动,中国移动浙江公司2019年-2020年5G XR业务运营支撑服务集中采购项目_比选公告,https://b2b.10086.cn/b2b/main/viewNoticeContent.html?noticeBean.id=602320,2019-10-14
黑龙江移动,黑龙江移动2019-2020年宽带客户感知技术支撑服务购项目_比选公告,https://b2b.10086.cn/b2b/main/viewNoticeContent.html?noticeBean.id=602331,2019-10-14
物联网公司,行业解决方案驻点支撑服务（地区一）项目_比选公告,https://b2b.10086.cn/b2b/main/viewNoticeContent.html?noticeBean.id=602335,2019-10-14
湖南移动,中国移动湖南公司怀化分公司感应门维护及配件采购项目_比选公告,https://b2b.10086.cn/b2b/main/viewNoticeContent.html?noticeBean.id=602354,2019-10-14
苏州研发中心,苏州研发中心2019年票据智能处理机器人组装用元器件及配件项目_询价公告,https://b2b.10086.cn/b2b/main/viewNoticeContent.html?noticeBean.id=602357,2019-10-14
湖南移动,衡阳移动客户价值管理及智能营销服务项目（2019-2020年度）_比选公告,https://b2b.10086.cn/b2b/main/viewNoticeContent.html?noticeBean.id=602379,2019-10-14
贵州移动,中国移动通信集团贵州有限公司2019年5G应用示范车辆购置项目_竞争性谈判采购_变更公告_(1),https://b2b.10086.cn/b2b/main/viewNoticeContent.html?noticeBean.id=602382,2019-10-14
设计院,全球专利检索系统使用及其相关集成服务_比选公告,https://b2b.10086.cn/b2b/main/viewNoticeContent.html?noticeBean.id=602411,2019-10-14
江苏移动,中国移动江苏公司浦口7-2-CRAN1或浦口9-2-CRAN2业务区机房购置项目_采购公告,https://b2b.10086.cn/b2b/main/viewNoticeContent.html?noticeBean.id=602412,2019-10-14
江苏移动,中国移动江苏公司浦口7-1业务区机房购置项目_采购公告,https://b2b.10086.cn/b2b/main/viewNoticeContent.html?noticeBean.id=602413,2019-10-14
福建移动,2019-2022年厦门市公路局4G无线车载路面巡检调度系统项目_询价公告,https://b2b.10086.cn/b2b/main/viewNoticeContent.html?noticeBean.id=602415,2019-10-14
