采购单位,标题,链接,发标日期
甘肃移动,中国移动甘肃公司兰州分公司2018年政法学院智能寄存柜及直饮水工程设备采购项目_比选公告,https://b2b.10086.cn/b2b/main/viewNoticeContent.html?noticeBean.id=585404,2019-08-07
山东移动,山东移动淄博分公司南定淄博煜鑫置业有限公司智能安防采购项目_采购公告,https://b2b.10086.cn/b2b/main/viewNoticeContent.html?noticeBean.id=585409,2019-08-07
湖南移动,2019年常德分公司市场类物资搬运项目第二次_比选公告,https://b2b.10086.cn/b2b/main/viewNoticeContent.html?noticeBean.id=585426,2019-08-07
福建移动,漳州分公司市政府办公室OA短信应用系统迁移服务项目_采购公告,https://b2b.10086.cn/b2b/main/viewNoticeContent.html?noticeBean.id=585455,2019-08-07
铁通公司,就中移铁通北京分公司2019-2021年维护、销售劳务分包采购项目_比选公告,https://b2b.10086.cn/b2b/main/viewNoticeContent.html?noticeBean.id=585461,2019-08-07
天津移动,中国移动天津公司2019年新零售营业厅数据业务演示终端框架采购_询价公告,https://b2b.10086.cn/b2b/main/viewNoticeContent.html?noticeBean.id=585474,2019-08-07
浙江移动,中国移动浙江公司2019年度财务部新租赁准则实施影响与场景研究咨询服务_比选公告,https://b2b.10086.cn/b2b/main/viewNoticeContent.html?noticeBean.id=585477,2019-08-07
云南移动,中国移动云南公司思茅区分公司2019-2020年高校市场服务外包项目_竞争性谈判采购公告,https://b2b.10086.cn/b2b/main/viewNoticeContent.html?noticeBean.id=585487,2019-08-07
总部,2019至2020年通信市场资费监测项目_比选公告,https://b2b.10086.cn/b2b/main/viewNoticeContent.html?noticeBean.id=585494,2019-08-07
北京移动,中国移动北京公司2019年无源波分系统采购项目_招标公告,https://b2b.10086.cn/b2b/main/viewNoticeContent.html?noticeBean.id=585508,2019-08-07
贵州移动,2019-2021年（24月）黔西南分公司和商务直播现场拍摄导播技术支撑服务项目_比选公告,https://b2b.10086.cn/b2b/main/viewNoticeContent.html?noticeBean.id=585514,2019-08-07
西藏移动,中国移动西藏公司阿里分公司综合部2019年办公设备及会议系统维修维保项目_比选公告,https://b2b.10086.cn/b2b/main/viewNoticeContent.html?noticeBean.id=585522,2019-08-07
湖南移动,湖南移动娄底分公司2019年网吧支撑服务项目_比选公告,https://b2b.10086.cn/b2b/main/viewNoticeContent.html?noticeBean.id=585528,2019-08-07
研究院,中国移动研究院三年期（2019年-2022年）研发类资产处置项目_询价公告,https://b2b.10086.cn/b2b/main/viewNoticeContent.html?noticeBean.id=585539,2019-08-07
铁通公司,中移铁通有限公司北京技术检测中心电磁辐射环境监测CNAS、CMA扩项技术服务项目_比选公告,https://b2b.10086.cn/b2b/main/viewNoticeContent.html?noticeBean.id=585540,2019-08-07
广西移动,中国移动广西公司柳州分公司2019年度员工餐厅日常管理采购项目_比选公告,https://b2b.10086.cn/b2b/main/viewNoticeContent.html?noticeBean.id=585561,2019-08-07
