采购单位,标题,链接,发标日期
四川移动,中国移动四川公司2019年智能家居业务运营支撑项目_比选公告,https://b2b.10086.cn/b2b/main/viewNoticeContent.html?noticeBean.id=592641,2019-09-03
苏州研发中心,苏州研发中心2019-2021企业内部宣传服务项目_比选公告,https://b2b.10086.cn/b2b/main/viewNoticeContent.html?noticeBean.id=592646,2019-09-03
湖北移动,中国移动湖北公司集团短彩业务销售代理商公开招募(第二轮公告）,https://b2b.10086.cn/b2b/main/viewNoticeContent.html?noticeBean.id=592647,2019-09-03
浙江移动,中国移动浙江公司2019年无线工程物资管理审计、客户敏感信息管理扩展审计项目_比选公告,https://b2b.10086.cn/b2b/main/viewNoticeContent.html?noticeBean.id=592654,2019-09-03
在线服务公司,在线服务公司实时数据处理平台研发项目_招标公告,https://b2b.10086.cn/b2b/main/viewNoticeContent.html?noticeBean.id=592664,2019-09-03
安徽移动,亳州分公司2019年家庭业务小区包干招商项目_采购公告,https://b2b.10086.cn/b2b/main/viewNoticeContent.html?noticeBean.id=592667,2019-09-03
辽宁移动,中国移动辽宁公司关于为重要集团客户采购杂志的立项申请_采购公告,https://b2b.10086.cn/b2b/main/viewNoticeContent.html?noticeBean.id=592669,2019-09-03
辽宁移动,中国移动辽宁公司政企支撑中心2019年集团彩铃铃音制作项目_采购公告,https://b2b.10086.cn/b2b/main/viewNoticeContent.html?noticeBean.id=592670,2019-09-03
安徽移动,铜陵移动校园活动及其他户外营销蓝牙身份证阅读器采购项目_询价公告,https://b2b.10086.cn/b2b/main/viewNoticeContent.html?noticeBean.id=592671,2019-09-03
安徽移动,安徽移动2019-2020年度和商务直播现场支撑服务选型采购项目_比选公告,https://b2b.10086.cn/b2b/main/viewNoticeContent.html?noticeBean.id=592706,2019-09-03
政企分公司,河北省遵化市人民医院私有云项目集成开发服务（中移全通）采购项目_比选公告,https://b2b.10086.cn/b2b/main/viewNoticeContent.html?noticeBean.id=592723,2019-09-03
辽宁移动,中国移动辽宁公司大连分公司2019年视频监控系统迁改、拆装服务项目_采购公告,https://b2b.10086.cn/b2b/main/viewNoticeContent.html?noticeBean.id=592724,2019-09-03
辽宁移动,中国移动辽宁公司大连分公司2019年个性化网上选号系统软件开发采购项目_采购公告,https://b2b.10086.cn/b2b/main/viewNoticeContent.html?noticeBean.id=592725,2019-09-03
陕西移动,陕西渭南华县莲花寺镇少华村等25个小区宽带网元租赁项目_比选公告,https://b2b.10086.cn/b2b/main/viewNoticeContent.html?noticeBean.id=592746,2019-09-03
陕西移动,陕西渭南白水县云台乡白石河村等37个小区宽带网元租赁项目_比选公告,https://b2b.10086.cn/b2b/main/viewNoticeContent.html?noticeBean.id=592747,2019-09-03
辽宁移动,中国移动辽宁公司大连分公司各综合楼消防远程监控报警系统服务项目_采购公告,https://b2b.10086.cn/b2b/main/viewNoticeContent.html?noticeBean.id=592767,2019-09-03
辽宁移动,中国移动辽宁公司政企客户部2019年业务协议译文服务采购项目_采购公告,https://b2b.10086.cn/b2b/main/viewNoticeContent.html?noticeBean.id=592772,2019-09-03
辽宁移动,中国移动辽宁公司大连分公司2019年重要客户中心客户活动项目_采购公告,https://b2b.10086.cn/b2b/main/viewNoticeContent.html?noticeBean.id=592774,2019-09-03
辽宁移动,中国移动辽宁公司第五交换局IDC机房重要客户设备消防安全隐患整改项目_采购公告,https://b2b.10086.cn/b2b/main/viewNoticeContent.html?noticeBean.id=592775,2019-09-03
贵州移动,2019年黔南特许经营引商入柜项目_竞争性谈判采购_变更公告_(1),https://b2b.10086.cn/b2b/main/viewNoticeContent.html?noticeBean.id=592788,2019-09-03
重庆移动,2019年4G客户服务感知监测支撑项目_比选公告,https://b2b.10086.cn/b2b/main/viewNoticeContent.html?noticeBean.id=592793,2019-09-03
新疆移动,中国移动新疆分公司伊宁市大学城综合业务区、牧歌嘉园综合业务区等4处管道购置项目_询价公告,https://b2b.10086.cn/b2b/main/viewNoticeContent.html?noticeBean.id=592800,2019-09-03
辽宁移动,中国移动辽宁公司甘井子分公司2019年暑期动漫嘉年华集团客户亲子活动的项目_采购公告,https://b2b.10086.cn/b2b/main/viewNoticeContent.html?noticeBean.id=592808,2019-09-03
上海研究院,办公区域DNS域名解析软件_比选公告,https://b2b.10086.cn/b2b/main/viewNoticeContent.html?noticeBean.id=592810,2019-09-03
辽宁移动,中国移动辽宁公司甘井子分公司2019年重要集团客户观影活动_采购公告,https://b2b.10086.cn/b2b/main/viewNoticeContent.html?noticeBean.id=592818,2019-09-03
信息技术公司,2019-2021年黑龙江移动培训微信公众平台运营服务框架采购_比选公告,https://b2b.10086.cn/b2b/main/viewNoticeContent.html?noticeBean.id=592828,2019-09-03
上海研究院,办公网络防病毒软件采购_比选公告,https://b2b.10086.cn/b2b/main/viewNoticeContent.html?noticeBean.id=592831,2019-09-03
设计院,2019-2021年设计院业务宣传布展及搭建服务采购项目_比选公告,https://b2b.10086.cn/b2b/main/viewNoticeContent.html?noticeBean.id=592838,2019-09-03
湖北移动,中国移动湖北公司未来城数据中心高压柜防水保护槽采购项目_比选公告,https://b2b.10086.cn/b2b/main/viewNoticeContent.html?noticeBean.id=592840,2019-09-03
甘肃移动,中国移动甘肃公司2019至2020年部分区域气体灭火系统钢瓶检测维保项目_比选公告,https://b2b.10086.cn/b2b/main/viewNoticeContent.html?noticeBean.id=592856,2019-09-03
