采购单位,标题,链接,发标日期
江苏移动,中国移动江苏公司关于2020年无锡分公司“三微一抖”（官方微信公众号、校园微信公众号、官方抖音号、官方微博号）运营支撑服务的采购项目_比选公告,https://b2b.10086.cn/b2b/main/viewNoticeContent.html?noticeBean.id=620211,2019-12-11
广东移动,中国移动广东公司2020年现网BOSS系统IODM软件维护服务公开比选项目_比选公告,https://b2b.10086.cn/b2b/main/viewNoticeContent.html?noticeBean.id=620215,2019-12-11
河南移动,河南移动漯河分公司2019年客户满意度调查采购项目简易采购公告,https://b2b.10086.cn/b2b/main/viewNoticeContent.html?noticeBean.id=620225,2019-12-11
浙江移动,中国移动丽水分公司2019年-2020年政务云基础平台优化集成服务采购项目_比选公告,https://b2b.10086.cn/b2b/main/viewNoticeContent.html?noticeBean.id=620227,2019-12-11
江苏移动,中国移动江苏公司连云港分公司营销单元车牌识别信息化产品购置项目_询价公告,https://b2b.10086.cn/b2b/main/viewNoticeContent.html?noticeBean.id=620231,2019-12-11
设计院,2019年设计院激光三维全景数据采集和处理系统采购项目_询价公告,https://b2b.10086.cn/b2b/main/viewNoticeContent.html?noticeBean.id=620233,2019-12-11
福建移动,中国移动福建公司马尾实训基地“5G VR 云教学”实训平台公开比选采购项目_比选公告,https://b2b.10086.cn/b2b/main/viewNoticeContent.html?noticeBean.id=620239,2019-12-11
物联网公司,贵州物联网运营服务支撑项目_比选公告,https://b2b.10086.cn/b2b/main/viewNoticeContent.html?noticeBean.id=620243,2019-12-10
物联网公司,六盘水物联网应用展示技术支撑服务项目_比选公告,https://b2b.10086.cn/b2b/main/viewNoticeContent.html?noticeBean.id=620245,2019-12-10
北京移动,下纸寨综合业务区2号业务汇聚区机房租赁项目采购公告-第二轮,https://b2b.10086.cn/b2b/main/viewNoticeContent.html?noticeBean.id=620257,2019-12-11
内蒙移动,通辽分公司2019年末至2020年路演、宣传活动支撑服务项目_比选公告,https://b2b.10086.cn/b2b/main/viewNoticeContent.html?noticeBean.id=620263,2019-12-11
云南移动,中国移动云南公司玉溪分公司开发区机房发电机安装及机房降噪采购项目_竞争性谈判采购公告,https://b2b.10086.cn/b2b/main/viewNoticeContent.html?noticeBean.id=620268,2019-12-11
北京移动, 鼎基公寓综合业务区1号业务汇聚区机房租赁项目采购公告-第二轮,https://b2b.10086.cn/b2b/main/viewNoticeContent.html?noticeBean.id=620273,2019-12-11
甘肃移动,中国移动甘肃公司定西分公司集客技术支撑服务采购项目_比选公告,https://b2b.10086.cn/b2b/main/viewNoticeContent.html?noticeBean.id=620277,2019-12-11
辽宁移动,沈阳分公司2019年沈阳市信息中心信息化服务项目_采购公告,https://b2b.10086.cn/b2b/main/viewNoticeContent.html?noticeBean.id=620285,2019-12-11
江苏移动,中国移动江苏公司关于无锡分公司2019年集客技术支撑服务（云计算业务平台测试优化支撑服务）项目公开比选采购方案的请示项目_比选公告,https://b2b.10086.cn/b2b/main/viewNoticeContent.html?noticeBean.id=620295,2019-12-11
江苏移动,中国移动江苏公司关于无锡分公司2019-2020年数据业务运营支撑服务(无锡大数据业务运营及支撑服务)项目项目_比选公告,https://b2b.10086.cn/b2b/main/viewNoticeContent.html?noticeBean.id=620313,2019-12-11
西藏移动,中国移动西藏公司2019年全区家宽端口清查释放仪器统一配置项目_比选采购_变更公告_(1),https://b2b.10086.cn/b2b/main/viewNoticeContent.html?noticeBean.id=620346,2019-12-11
政企分公司,黑龙江省黑河市胜山保护区管理局信息化建设软件服务（中移全通）项目_比选公告,https://b2b.10086.cn/b2b/main/viewNoticeContent.html?noticeBean.id=620349,2019-12-11
北京移动,中国移动北京公司电信业务云资源池二期扩容项目二阶段 防病毒软件_比选公告,https://b2b.10086.cn/b2b/main/viewNoticeContent.html?noticeBean.id=620362,2019-12-11
四川移动,中国移动四川公司成都分公司2020年应急会议及业务演示网络保障服务项目_比选公告,https://b2b.10086.cn/b2b/main/viewNoticeContent.html?noticeBean.id=620384,2019-12-11
吉林移动,中国移动吉林公司2020-2021年产品品质监测服务公开比选_比选公告,https://b2b.10086.cn/b2b/main/viewNoticeContent.html?noticeBean.id=620403,2019-12-11
