采购单位,标题,链接,发标日期
重庆移动,2019年酉阳分公司电脑软件维护服务项目_比选公告,https://b2b.10086.cn/b2b/main/viewNoticeContent.html?noticeBean.id=535798,2019-01-21
福建移动,2019-2020年大数据资产运营管理日常协维服务_比选公告,https://b2b.10086.cn/b2b/main/viewNoticeContent.html?noticeBean.id=535804,2019-01-21
北京移动,中国移动北京公司中国移动北京公司2019年—2021年机房基础维护服务_比选公告,https://b2b.10086.cn/b2b/main/viewNoticeContent.html?noticeBean.id=535805,2019-01-21
内蒙移动,中国移动（呼和浩特）数据中心2019年IDC不良信息监测服务及IDC网络安全技术服务项目_招标公告,https://b2b.10086.cn/b2b/main/viewNoticeContent.html?noticeBean.id=535806,2019-01-21
杭州研发中心,中移（杭州）信息技术有限公司巫山乡村旅游信息化系统建设采购项目_比选公告,https://b2b.10086.cn/b2b/main/viewNoticeContent.html?noticeBean.id=535810,2019-01-21
政企分公司,四川省高县“1462微”办公平台服务（中移全通）采购项目_比选公告,https://b2b.10086.cn/b2b/main/viewNoticeContent.html?noticeBean.id=535822,2019-01-21
政企分公司,云南省人大地方立法和备案审查信息化建设采购项目（软件定制开发部分）（中移全通）采购项目_比选公告,https://b2b.10086.cn/b2b/main/viewNoticeContent.html?noticeBean.id=535839,2019-01-21
北京移动,中国移动北京公司2019至2021年度经营业绩审计项目_比选公告,https://b2b.10086.cn/b2b/main/viewNoticeContent.html?noticeBean.id=535860,2019-01-21
山东移动,山东移动2019年淄博分公司沂源县公安局技侦系统采购项目_招标公告,https://b2b.10086.cn/b2b/main/viewNoticeContent.html?noticeBean.id=535862,2019-01-21
上海移动,中国移动上海公司上海移动流量增长核心网上网日志系统紧急扩容工程汇聚分流设备框_招标公告,https://b2b.10086.cn/b2b/main/viewNoticeContent.html?noticeBean.id=535863,2019-01-21
江苏移动,中国移动江苏公司宿迁移动互联网数据协维服务采购项目项目_比选公告,https://b2b.10086.cn/b2b/main/viewNoticeContent.html?noticeBean.id=535868,2019-01-21
政企分公司,山东省济宁市2018年长丰通信应急调度指挥平台（中移全通）采购项目_比选公告,https://b2b.10086.cn/b2b/main/viewNoticeContent.html?noticeBean.id=535870,2019-01-21
在线服务公司,中移在线湖南分公司湘府路场地高清视频会议系统外接设备_采购公告,https://b2b.10086.cn/b2b/main/viewNoticeContent.html?noticeBean.id=535889,2019-01-21
新疆移动,中国移动新疆分公司阿勒泰分公司2018年安保监控设备系统采购项目项目_比选公告,https://b2b.10086.cn/b2b/main/viewNoticeContent.html?noticeBean.id=535902,2019-01-21
广东移动,中国移动广东公司2019-2023年生产调度中心建设项目全过程造价咨询服务公开比选项目（揭阳）_比选公告,https://b2b.10086.cn/b2b/main/viewNoticeContent.html?noticeBean.id=535922,2019-01-21
西藏移动,中国移动西藏公司山18年浪卡子及琼结县公安视频会议系统项目_比选公告,https://b2b.10086.cn/b2b/main/viewNoticeContent.html?noticeBean.id=535956,2019-01-21
物联网公司,和易充4G充电网关进行小批量备货生产项目_采购公告,https://b2b.10086.cn/b2b/main/viewNoticeContent.html?noticeBean.id=535961,2019-01-21
新疆移动,中国移动新疆分公司哈密移动2018年全信通业务代维服务项目_比选公告,https://b2b.10086.cn/b2b/main/viewNoticeContent.html?noticeBean.id=535963,2019-01-21
江苏移动,中国移动江苏公司关于无锡分公司渠道咨询服务进行询价的采购项目_采购公告,https://b2b.10086.cn/b2b/main/viewNoticeContent.html?noticeBean.id=535976,2019-01-21
新疆移动,中国移动新疆分公司北京路空调室外机平台降噪改造施工服务采购申请项目_比选公告,https://b2b.10086.cn/b2b/main/viewNoticeContent.html?noticeBean.id=535986,2019-01-21
总部,中国移动采购共享中心2019年至2021年“法治移动”建设法律咨询服务采购项目_比选公告,https://b2b.10086.cn/b2b/main/viewNoticeContent.html?noticeBean.id=535994,2019-01-21
西藏移动,昌都分公司2019年卡若区宽带电视服务中心房屋租赁项目采购申请_采购公告,https://b2b.10086.cn/b2b/main/viewNoticeContent.html?noticeBean.id=535996,2019-01-21
云南移动,中国移动云南公司西双版纳分公司2017年移动OA办公系统项目_比选公告,https://b2b.10086.cn/b2b/main/viewNoticeContent.html?noticeBean.id=536017,2019-01-21
