采购单位,标题,链接,发标日期
天津移动,中国移动天津公司计费系统计费性能检测项目_比选公告,https://b2b.10086.cn/b2b/main/viewNoticeContent.html?noticeBean.id=546407,2019-03-14
江苏移动,中国移动江苏公司扬州分公司2019-2020年生产经营用车长期、临时租赁服务采购项目项目_比选公告,https://b2b.10086.cn/b2b/main/viewNoticeContent.html?noticeBean.id=546411,2019-03-14
上海移动,中国移动上海公司数据业务私有云高级技术支持服务项目_比选公告,https://b2b.10086.cn/b2b/main/viewNoticeContent.html?noticeBean.id=546414,2019-03-14
山东移动,山东移动日照分公司2019年集团客户部聘请ICT项目招投标咨询服务机构采购项目_比选公告,https://b2b.10086.cn/b2b/main/viewNoticeContent.html?noticeBean.id=546435,2019-03-14
广西移动,中国移动广西有限公司2019-2020年度业务支撑网互联网及应用安全保障服务采购项目_比选公告,https://b2b.10086.cn/b2b/main/viewNoticeContent.html?noticeBean.id=546445,2019-03-14
内蒙移动,中国移动内蒙古公司2019年宽带电视爱奇艺内容引入采购项目_询价公告,https://b2b.10086.cn/b2b/main/viewNoticeContent.html?noticeBean.id=546446,2019-03-14
广西移动,中国移动广西有限公司2019-2020年业务支撑网系统基础安全保障服务采购项目_比选公告,https://b2b.10086.cn/b2b/main/viewNoticeContent.html?noticeBean.id=546454,2019-03-14
安徽移动,合肥移动GPON业务接入优化服务采购项目_比选公告,https://b2b.10086.cn/b2b/main/viewNoticeContent.html?noticeBean.id=546455,2019-03-14
上海移动,中国移动上海公司2019-2021年清结算平台维保_询价公告,https://b2b.10086.cn/b2b/main/viewNoticeContent.html?noticeBean.id=546456,2019-03-14
政企分公司,中移全通和商务直播相关支撑设备（中移全通）采购项目(2)_比选公告,https://b2b.10086.cn/b2b/main/viewNoticeContent.html?noticeBean.id=546462,2019-03-14
福建移动,2019年企业级数据中台一期(大数据产品公共能力)项目_招标公告,https://b2b.10086.cn/b2b/main/viewNoticeContent.html?noticeBean.id=546473,2019-03-14
政企分公司,安徽省合肥移动监狱新址警务通、执勤平台（中移全通）采购项目_比选公告,https://b2b.10086.cn/b2b/main/viewNoticeContent.html?noticeBean.id=546474,2019-03-14
政企分公司,安徽省蚌埠市互联网宣传管理办公室舆情监测等（中移全通）采购项目_比选公告,https://b2b.10086.cn/b2b/main/viewNoticeContent.html?noticeBean.id=546475,2019-03-14
上海移动,中国移动上海公司临港数据中心1期工程环保检测服务_比选公告,https://b2b.10086.cn/b2b/main/viewNoticeContent.html?noticeBean.id=546496,2019-03-14
互联网公司,中移互联网有限公司2018年M域业务中台能力(第二次)公开比选项目_比选公告,https://b2b.10086.cn/b2b/main/viewNoticeContent.html?noticeBean.id=546506,2019-03-14
黑龙江移动,中国移动黑龙江公司2019年自有营业厅装修工程造价咨询服务采购项目_比选公告,https://b2b.10086.cn/b2b/main/viewNoticeContent.html?noticeBean.id=546511,2019-03-14
政企分公司,工业监测智能手提箱采购项目_询价公告,https://b2b.10086.cn/b2b/main/viewNoticeContent.html?noticeBean.id=546519,2019-03-14
