采购单位,标题,链接,发标日期
河南移动,中国移动河南公司周口分公司淮阳一门式服务平台与中国邮政快递业务EMS系统对接技术服务_采购公告,https://b2b.10086.cn/b2b/main/viewNoticeContent.html?noticeBean.id=549267,2019-03-26
在线服务公司,中移在线智慧营业厅人脸识别精准推荐平台研发项目_招标公告,https://b2b.10086.cn/b2b/main/viewNoticeContent.html?noticeBean.id=549270,2019-03-26
研究院,研究院内部控制评价服务项目（2019年度-2021年度）_比选公告,https://b2b.10086.cn/b2b/main/viewNoticeContent.html?noticeBean.id=549273,2019-03-26
物联网公司,开放平台资源池六期扩容一阶段建设项目（串口管理设备）_询价公告,https://b2b.10086.cn/b2b/main/viewNoticeContent.html?noticeBean.id=549283,2019-03-26
江苏移动,中国移动江苏公司镇江移动梦溪广场旗舰店专区运营服务项目_比选公告,https://b2b.10086.cn/b2b/main/viewNoticeContent.html?noticeBean.id=549284,2019-03-26
终端公司,中国移动通信集团终端有限公司云南分公司2019年微信智能名片供应商招选项目_比选公告,https://b2b.10086.cn/b2b/main/viewNoticeContent.html?noticeBean.id=549295,2019-03-26
黑龙江移动,黑龙江移动2019-2020年数据中心办公楼宇防雷检测服务项目_比选公告,https://b2b.10086.cn/b2b/main/viewNoticeContent.html?noticeBean.id=549298,2019-03-26
北京移动,中国移动北京公司2019-2021年司马大数据POI及路网数据采购项目_比选公告,https://b2b.10086.cn/b2b/main/viewNoticeContent.html?noticeBean.id=549301,2019-03-26
在线服务公司,中移在线视频（直播、点播）业务系统升级改造研发项目_招标公告,https://b2b.10086.cn/b2b/main/viewNoticeContent.html?noticeBean.id=549311,2019-03-26
湖北移动,中国移动湖北公司武汉分公司东西湖10A业务区普通传输汇聚机房购置项目_采购公告,https://b2b.10086.cn/b2b/main/viewNoticeContent.html?noticeBean.id=549312,2019-03-26
江苏移动,中国移动江苏公司连云港分公司全区中央空调维护服务采购项目_询价公告,https://b2b.10086.cn/b2b/main/viewNoticeContent.html?noticeBean.id=549318,2019-03-26
重庆移动,2019年大足分公司清欠业务服务项目_比选公告,https://b2b.10086.cn/b2b/main/viewNoticeContent.html?noticeBean.id=549328,2019-03-26
江苏移动,中国移动江苏公司泰州移动2019年数据网技术支持服务项目项目_比选公告,https://b2b.10086.cn/b2b/main/viewNoticeContent.html?noticeBean.id=549335,2019-03-26
重庆移动,2019年武隆分公司集团客户手机维修服务项目_比选公告,https://b2b.10086.cn/b2b/main/viewNoticeContent.html?noticeBean.id=549353,2019-03-26
福建移动,2019年泉州移动暂存点物料管理信息化技术服务项目公开比选_比选公告,https://b2b.10086.cn/b2b/main/viewNoticeContent.html?noticeBean.id=549355,2019-03-26
西藏移动,中国移动西藏公司市场经营部2019年天上西藏内容信息安全审核项目_比选公告,https://b2b.10086.cn/b2b/main/viewNoticeContent.html?noticeBean.id=549360,2019-03-26
西藏移动,中国移动西藏公司市场经营部2019年天上西藏新媒体运营支撑项目_比选公告,https://b2b.10086.cn/b2b/main/viewNoticeContent.html?noticeBean.id=549362,2019-03-26
福建移动,宁德移动2019-2021年LMDCN网络数据支持服务采购项目_比选公告,https://b2b.10086.cn/b2b/main/viewNoticeContent.html?noticeBean.id=549371,2019-03-26
西藏移动,中国移动西藏公司2019年网络安全攻防竞赛支撑保障服务项目_比选公告,https://b2b.10086.cn/b2b/main/viewNoticeContent.html?noticeBean.id=549373,2019-03-26
西藏移动,中国移动西藏公司2019年市场经营部存量运营三方支撑项目_比选公告,https://b2b.10086.cn/b2b/main/viewNoticeContent.html?noticeBean.id=549375,2019-03-26
西藏移动,中国移动西藏公司政企客户分公司2019年“和商务直播”业务技术支撑服务项目_比选公告,https://b2b.10086.cn/b2b/main/viewNoticeContent.html?noticeBean.id=549376,2019-03-26
重庆移动,2019年城三分公司集团重要客户手机维修_比选公告,https://b2b.10086.cn/b2b/main/viewNoticeContent.html?noticeBean.id=549384,2019-03-26
广东移动,中国移动广东公司2019年生产调度中心建设工程绿色建筑运行认证咨询服务公开比选项目（惠州）_比选公告,https://b2b.10086.cn/b2b/main/viewNoticeContent.html?noticeBean.id=549396,2019-03-26
湖南移动,湖南移动自治州分公司全州中小微市场客户活动服务项目_比选公告,https://b2b.10086.cn/b2b/main/viewNoticeContent.html?noticeBean.id=549397,2019-03-26
在线服务公司,中移在线北京分公司2019-2020年外拓产品客户交流活动支撑服务项目_比选公告,https://b2b.10086.cn/b2b/main/viewNoticeContent.html?noticeBean.id=549398,2019-03-26
政企分公司,四川省眉山市源泰公交公司信息化服务（中移全通）采购项目_比选公告,https://b2b.10086.cn/b2b/main/viewNoticeContent.html?noticeBean.id=549431,2019-03-26
