采购单位,标题,链接,发标日期
设计院,2020-2021年度设计院传统业务非核心能力技术配合服务集中采购项目（网络）_比选公告,https://b2b.10086.cn/b2b/main/viewNoticeContent.html?noticeBean.id=626879,2019-12-29
设计院,2020-2021年度设计院传统业务非核心能力技术配合服务集中采购项目（有线无线5）_比选公告,https://b2b.10086.cn/b2b/main/viewNoticeContent.html?noticeBean.id=626880,2019-12-29
设计院,2020-2021年度设计院传统业务非核心能力技术配合服务集中采购项目（有线无线4）_比选公告,https://b2b.10086.cn/b2b/main/viewNoticeContent.html?noticeBean.id=626881,2019-12-29
设计院,2020-2021年度设计院传统业务非核心能力技术配合服务集中采购项目（土建）_比选公告,https://b2b.10086.cn/b2b/main/viewNoticeContent.html?noticeBean.id=626893,2019-12-29
设计院,2020-2021年度设计院传统业务非核心能力技术配合服务集中采购项目（电源）_比选公告,https://b2b.10086.cn/b2b/main/viewNoticeContent.html?noticeBean.id=626894,2019-12-29
设计院,2020-2021年度设计院传统业务非核心能力技术配合服务集中采购项目（有线无线7）_比选公告,https://b2b.10086.cn/b2b/main/viewNoticeContent.html?noticeBean.id=626895,2019-12-29
设计院,2020-2021年度设计院传统业务非核心能力技术配合服务集中采购项目（有线无线6）_比选公告,https://b2b.10086.cn/b2b/main/viewNoticeContent.html?noticeBean.id=626896,2019-12-29
设计院,2020-2021年度设计院传统业务非核心能力技术配合服务集中采购项目（有线无线2）_比选公告,https://b2b.10086.cn/b2b/main/viewNoticeContent.html?noticeBean.id=626897,2019-12-29
设计院,2020-2021年度设计院传统业务非核心能力技术配合服务集中采购项目（有线无线3）_比选公告,https://b2b.10086.cn/b2b/main/viewNoticeContent.html?noticeBean.id=626898,2019-12-29
设计院,2020-2021年度设计院传统业务非核心能力技术配合服务集中采购项目（有线无线1）_比选公告,https://b2b.10086.cn/b2b/main/viewNoticeContent.html?noticeBean.id=626899,2019-12-29
