采购单位,标题,链接,发标日期
江苏移动,中国移动江苏公司中国移动江苏南京公司数据中心二期工程110KV变电站增容及第三路110KV电缆环评采购项目项目_采购公告,https://b2b.10086.cn/b2b/main/viewNoticeContent.html?noticeBean.id=608604,2019-11-06
在线服务公司,在线服务公司UCP研发项目_招标公告,https://b2b.10086.cn/b2b/main/viewNoticeContent.html?noticeBean.id=608609,2019-11-06
江苏移动,中国移动江苏公司徐州公司购置铜山东南综合区14业务汇聚机房项目_采购公告,https://b2b.10086.cn/b2b/main/viewNoticeContent.html?noticeBean.id=608630,2019-11-06
互联网公司,中移互联网有限公司2019-2020年MM测试中心运营及TMS系统协维服务公开比选项目_比选公告,https://b2b.10086.cn/b2b/main/viewNoticeContent.html?noticeBean.id=608631,2019-11-06
江苏移动,中国移动江苏公司徐州公司购置市区东北综合区9业务汇聚机房项目_采购公告,https://b2b.10086.cn/b2b/main/viewNoticeContent.html?noticeBean.id=608639,2019-11-06
中移金科,中移动金融科技有限公司业务品牌整体规划项目_比选公告,https://b2b.10086.cn/b2b/main/viewNoticeContent.html?noticeBean.id=608648,2019-11-06
互联网公司,中移互联网有限公司2020年MM资讯信息流产品运营及研发公开比选项目_比选公告,https://b2b.10086.cn/b2b/main/viewNoticeContent.html?noticeBean.id=608654,2019-11-06
江苏移动,中国移动江苏公司徐州公司购置市区东北综合区12业务汇聚机房项目_采购公告,https://b2b.10086.cn/b2b/main/viewNoticeContent.html?noticeBean.id=608658,2019-11-06
福建移动,2019-2020年泉州传输哑资源运维管理提升服务项目公开比选_比选公告,https://b2b.10086.cn/b2b/main/viewNoticeContent.html?noticeBean.id=608667,2019-11-06
云南移动,中国移动云南公司2019年电费管控平台建设项目_招标公告,https://b2b.10086.cn/b2b/main/viewNoticeContent.html?noticeBean.id=608708,2019-11-06
政企分公司,福建省厦门市同安区网格化服务管理信息平台维保服务（中移全通）采购项目_比选公告,https://b2b.10086.cn/b2b/main/viewNoticeContent.html?noticeBean.id=608712,2019-11-06
重庆移动,2019年璧山区无线城市改造项目的认证计费服务平台联合采购_比选公告,https://b2b.10086.cn/b2b/main/viewNoticeContent.html?noticeBean.id=608719,2019-11-06
成都研究院,中移（成都）信息通信科技有限公司4G网络下的切片管理平台项目_比选公告,https://b2b.10086.cn/b2b/main/viewNoticeContent.html?noticeBean.id=608726,2019-11-06
浙江移动,中国移动浙江公司2019-2020年多载频功放基站放大拉远系统集中采购项目_招标公告,https://b2b.10086.cn/b2b/main/viewNoticeContent.html?noticeBean.id=608735,2019-11-06
四川移动,中国移动四川公司2019年家宽和WLAN上网日志留存系统扩容工程（日志存储改造）_招标公告,https://b2b.10086.cn/b2b/main/viewNoticeContent.html?noticeBean.id=608749,2019-11-06
