采购单位,标题,链接,发标日期
甘肃移动,中国移动甘肃公司2019年IDC系统六期扩容工程采购项目_招标公告,https://b2b.10086.cn/b2b/main/viewNoticeContent.html?noticeBean.id=551722,2019-04-04
互联网公司,中移互联网有限公司2018年安全管理类软件购置公开比选项目_比选公告,https://b2b.10086.cn/b2b/main/viewNoticeContent.html?noticeBean.id=551747,2019-04-04
西藏移动,中国移动西藏公司昌都市12345政务一号通移动平台项目（代购代建）_比选公告,https://b2b.10086.cn/b2b/main/viewNoticeContent.html?noticeBean.id=551749,2019-04-04
湖北移动,中国移动湖北公司军运会网络及信息安全保障支撑服务项目_比选公告,https://b2b.10086.cn/b2b/main/viewNoticeContent.html?noticeBean.id=551756,2019-04-04
政企分公司,河北省政协办公自动化系统项目硬件（中移全通）采购项目_比选公告,https://b2b.10086.cn/b2b/main/viewNoticeContent.html?noticeBean.id=551757,2019-04-04
山东移动,山东移动2019-2020年招聘咨询服务采购项目_比选公告,https://b2b.10086.cn/b2b/main/viewNoticeContent.html?noticeBean.id=551777,2019-04-04
山东移动,山东移动日照分公司2019年集团客户终端采购项目_询价公告,https://b2b.10086.cn/b2b/main/viewNoticeContent.html?noticeBean.id=551780,2019-04-04
政企分公司,2019年中国邮政集团公司内江市分公司金融网点无线WIFI维护服务（中移全通）采购项目_比选公告,https://b2b.10086.cn/b2b/main/viewNoticeContent.html?noticeBean.id=551782,2019-04-04
陕西移动,陕西渭南富平县南社乡南社村等57个小区宽带网元租赁项目_比选公告,https://b2b.10086.cn/b2b/main/viewNoticeContent.html?noticeBean.id=551787,2019-04-04
江西移动,萍乡移动第二通信枢纽楼柴油发电机供油系统工程项目_比选公告,https://b2b.10086.cn/b2b/main/viewNoticeContent.html?noticeBean.id=551788,2019-04-04
江苏移动,中国移动江苏公司苏州移动动环数据平台测试服务项目_比选公告,https://b2b.10086.cn/b2b/main/viewNoticeContent.html?noticeBean.id=551813,2019-04-04
苏州研发中心,苏州研发中心2019-2020年工会活动服务供应商项目_比选公告,https://b2b.10086.cn/b2b/main/viewNoticeContent.html?noticeBean.id=551814,2019-04-04
新疆移动,中国移动新疆分公司奎屯市旅游大数据云管端一体化项目项目_比选公告,https://b2b.10086.cn/b2b/main/viewNoticeContent.html?noticeBean.id=551817,2019-04-04
重庆移动,2019年城三分公司集团重要客户手机维修_比选公告,https://b2b.10086.cn/b2b/main/viewNoticeContent.html?noticeBean.id=551824,2019-04-04
新疆移动,中国移动新疆分公司乌苏市运维支撑项目项目_询价公告,https://b2b.10086.cn/b2b/main/viewNoticeContent.html?noticeBean.id=551832,2019-04-04
新疆移动,中国移动新疆分公司奎屯分公司十户联防平台及设备维护服务采购项目项目_比选公告,https://b2b.10086.cn/b2b/main/viewNoticeContent.html?noticeBean.id=551834,2019-04-04
天津移动,中国移动天津公司2019年渠道运营中心窗口评价器采购_比选公告,https://b2b.10086.cn/b2b/main/viewNoticeContent.html?noticeBean.id=551840,2019-04-04
在线服务公司,中移在线福建分公司软件园、乌山局点弱电间安全隐患整改项目_比选公告,https://b2b.10086.cn/b2b/main/viewNoticeContent.html?noticeBean.id=551844,2019-04-04
