采购单位,标题,链接,发标日期
辽宁移动,中国移动辽宁公司2019年沈北数据中心Ι水冷空调系统常用配件框架项目_比选公告,https://b2b.10086.cn/b2b/main/viewNoticeContent.html?noticeBean.id=539886,2019-02-13
山东移动,山东移动2018年经分大数据系统扩容改造工程GPU服务器采购项目_招标公告,https://b2b.10086.cn/b2b/main/viewNoticeContent.html?noticeBean.id=539932,2019-02-13
湖北移动,中国移动湖北公司武汉分公司2019年BPM平台应用技术服务项目_比选公告,https://b2b.10086.cn/b2b/main/viewNoticeContent.html?noticeBean.id=539933,2019-02-13
福建移动,漳州分公司采购业务支撑网信息化服务项目_比选公告,https://b2b.10086.cn/b2b/main/viewNoticeContent.html?noticeBean.id=539960,2019-02-13
上海移动,中国移动上海公司2019年天通庵路和横浜动环系统技术支撑服务采购项目_询价公告,https://b2b.10086.cn/b2b/main/viewNoticeContent.html?noticeBean.id=539961,2019-02-13
浙江移动,中国移动舟山分公司2019-2021年电视电话会议系统维保服务项目_比选公告,https://b2b.10086.cn/b2b/main/viewNoticeContent.html?noticeBean.id=539974,2019-02-13
政企分公司,福建清流县电子政务办公系统及机房改造项目政务0A办公系统开发服务部分(中移全通)采购项目_比选公告,https://b2b.10086.cn/b2b/main/viewNoticeContent.html?noticeBean.id=539986,2019-02-13
云南移动,中国移动云南公司丽江分公司丽江古城人流量大数据统计分析平台项目（二期）_竞争性谈判采购公告,https://b2b.10086.cn/b2b/main/viewNoticeContent.html?noticeBean.id=539987,2019-02-13
山东移动,山东移动青岛分公司2019年农村4G网络满意度提升服务项目_比选公告,https://b2b.10086.cn/b2b/main/viewNoticeContent.html?noticeBean.id=540007,2019-02-13
新疆移动,中国移动新疆分公司巴州分公司2019年综合管理类宣传制作项目_比选公告,https://b2b.10086.cn/b2b/main/viewNoticeContent.html?noticeBean.id=540013,2019-02-13
咪咕公司,2018年咪咕咖啡门店经营设备及专业化服务项目_招标公告,https://b2b.10086.cn/b2b/main/viewNoticeContent.html?noticeBean.id=540016,2019-02-13
在线服务公司,中移在线客服办公行业应用云视频通信终端及能力采购项目_比选公告,https://b2b.10086.cn/b2b/main/viewNoticeContent.html?noticeBean.id=540017,2019-02-13
咪咕公司,咪咕公司圈粉俱乐部支撑项目_比选公告,https://b2b.10086.cn/b2b/main/viewNoticeContent.html?noticeBean.id=540031,2019-02-13
广东移动,中国移动广东公司2019-2020年档案整理支撑公开比选项目_比选公告,https://b2b.10086.cn/b2b/main/viewNoticeContent.html?noticeBean.id=540038,2019-02-13
