采购单位,标题,链接,发标日期
终端公司,云南分公司滇中集中库手持数据终端采购项目_采购公告,https://b2b.10086.cn/b2b/main/viewNoticeContent.html?noticeBean.id=585064,2019-08-06
研究院,中国移动研究院2019年至2021年（两年期）第三方机构测试合作采购(第二次重新采购)_比选公告,https://b2b.10086.cn/b2b/main/viewNoticeContent.html?noticeBean.id=585077,2019-08-06
研究院,中国移动研究院2019年至2021年（两年期）第三方机构测试合作采购项目（第九标包：无人机）_询价公告,https://b2b.10086.cn/b2b/main/viewNoticeContent.html?noticeBean.id=585078,2019-08-06
贵州移动,2019年--2021年（24个月）贵阳分公司综合配套IDC数据中心机房电源设备测试及维护技术支撑服务项目_比选公告,https://b2b.10086.cn/b2b/main/viewNoticeContent.html?noticeBean.id=585090,2019-08-06
山东移动,山东移动菏泽分公司2019年东明县、成武县市场监督管理局智慧监管平台系统采购项目_采购变更公告(1),https://b2b.10086.cn/b2b/main/viewNoticeContent.html?noticeBean.id=585111,2019-08-06
上海移动,中国移动上海公司临港数据中心二期土建工程施工临时用电设计_比选公告,https://b2b.10086.cn/b2b/main/viewNoticeContent.html?noticeBean.id=585119,2019-08-06
政企分公司,四川省宜宾县人民医院医护通软件开发服务（中移全通）采购项目_比选公告,https://b2b.10086.cn/b2b/main/viewNoticeContent.html?noticeBean.id=585132,2019-08-06
湖南移动,湖南移动长沙分公司市场营销动态跟进及信息收集项目_比选公告,https://b2b.10086.cn/b2b/main/viewNoticeContent.html?noticeBean.id=585144,2019-08-06
福建移动,2019年泉州永春移动政企市场商客经理队伍公开招募项目_采购公告,https://b2b.10086.cn/b2b/main/viewNoticeContent.html?noticeBean.id=585161,2019-08-06
河北移动,中国移动河北公司2019年本部网管集中备份系统磁带备品备件采购项目_比选公告,https://b2b.10086.cn/b2b/main/viewNoticeContent.html?noticeBean.id=585184,2019-08-06
河北移动,中国移动河北公司互联网安全监管系统七期地市IDC部分及鹿泉部分工程采购项目_招标公告,https://b2b.10086.cn/b2b/main/viewNoticeContent.html?noticeBean.id=585185,2019-08-06
广东移动,中国移动广东公司2019年信息系统部磁带柜与消磁机公开询价项目_询价公告,https://b2b.10086.cn/b2b/main/viewNoticeContent.html?noticeBean.id=585191,2019-08-06
在线服务公司,在线服务公司86君APP平台研发项目_招标公告,https://b2b.10086.cn/b2b/main/viewNoticeContent.html?noticeBean.id=585197,2019-08-06
