采购单位,标题,链接,发标日期
设计院,2019-2020年新疆分院企业形象及业务宣传产品制作服务项目_比选公告,https://b2b.10086.cn/b2b/main/viewNoticeContent.html?noticeBean.id=555041,2019-04-18
青海移动,青海移动电子政务云平台扩容建设项目容灾备份设备采购_比选公告,https://b2b.10086.cn/b2b/main/viewNoticeContent.html?noticeBean.id=555056,2019-04-18
安徽移动,宿州职业技术学院校园网一卡通系统选型项目_询价公告,https://b2b.10086.cn/b2b/main/viewNoticeContent.html?noticeBean.id=555058,2019-04-18
广西移动,中国移动（广西）数据中心一期土建工程动力中心招标代理服务采购项目_比选公告,https://b2b.10086.cn/b2b/main/viewNoticeContent.html?noticeBean.id=555061,2019-04-18
终端公司,资阳营销中心办公用房租赁项目_采购公告,https://b2b.10086.cn/b2b/main/viewNoticeContent.html?noticeBean.id=555085,2019-04-18
投资公司,中国移动投资公司2019-2021年境内股权投资项目独立风险评估咨询顾问采购项目_比选公告,https://b2b.10086.cn/b2b/main/viewNoticeContent.html?noticeBean.id=555091,2019-04-18
重庆移动,2019年看见你的声音栏目运营支撑项目_比选采购_变更公告_(1),https://b2b.10086.cn/b2b/main/viewNoticeContent.html?noticeBean.id=555095,2019-04-18
物联网公司,内网安全管控平台项目_招标公告,https://b2b.10086.cn/b2b/main/viewNoticeContent.html?noticeBean.id=555108,2019-04-18
内蒙移动,中国移动内蒙古公司2019-2020年度区机关车辆定点维护维修服务项目_比选公告,https://b2b.10086.cn/b2b/main/viewNoticeContent.html?noticeBean.id=555118,2019-04-18
广西移动,2019-2020年度土建工程、机电工程造价咨询供应商采购_比选公告,https://b2b.10086.cn/b2b/main/viewNoticeContent.html?noticeBean.id=555121,2019-04-18
信息港中心,中国移动学院外市电引入工程赔补事项法律支撑服务采购（第三轮）_比选公告,https://b2b.10086.cn/b2b/main/viewNoticeContent.html?noticeBean.id=555124,2019-04-18
江苏移动,中国移动江苏公司镇江分公司校园前置营销寄送服务项目_询价公告,https://b2b.10086.cn/b2b/main/viewNoticeContent.html?noticeBean.id=555132,2019-04-18
福建移动,福建移动莆田分公司2019年智慧社区平台服务公开比选采购项目_比选公告,https://b2b.10086.cn/b2b/main/viewNoticeContent.html?noticeBean.id=555147,2019-04-18
