采购单位,标题,链接,发标日期
辽宁移动,中国移动辽宁公司2019年集团客户专线方案设计支撑服务采购_比选公告,https://b2b.10086.cn/b2b/main/viewNoticeContent.html?noticeBean.id=593410,2019-09-05
苏州研发中心,苏州研发中心2019年研发云安全防护一期工程VPN网关采购项目_比选公告,https://b2b.10086.cn/b2b/main/viewNoticeContent.html?noticeBean.id=593429,2019-09-05
在线服务公司,在线服务公司2019年智能语音客服系统产品采购项目_招标公告,https://b2b.10086.cn/b2b/main/viewNoticeContent.html?noticeBean.id=593432,2019-09-05
山东移动,山东移动2019年大数据对外辅助运营项目_比选公告,https://b2b.10086.cn/b2b/main/viewNoticeContent.html?noticeBean.id=593438,2019-09-05
设计院,2019-2020年湖北计划单列分院政企信息化项目合作服务采购项目_比选公告,https://b2b.10086.cn/b2b/main/viewNoticeContent.html?noticeBean.id=593450,2019-09-05
北京移动,中国移动北京公司城一分公司政企中心2019年集团客户活动采购项目_比选公告,https://b2b.10086.cn/b2b/main/viewNoticeContent.html?noticeBean.id=593466,2019-09-05
云南移动,中国移动云南公司怒江分公司2019年信息化展示厅建设项目_比选公告,https://b2b.10086.cn/b2b/main/viewNoticeContent.html?noticeBean.id=593477,2019-09-05
政企分公司,重庆渝中区文物监控视频系统软件开发（中移全通）采购项目_比选公告,https://b2b.10086.cn/b2b/main/viewNoticeContent.html?noticeBean.id=593484,2019-09-05
河南移动,河南移动2019年大数据运营支撑项目_比选公告,https://b2b.10086.cn/b2b/main/viewNoticeContent.html?noticeBean.id=593485,2019-09-05
辽宁移动,中国移动辽宁公司大连分公司2019年营销客户管理系统采购项目_采购公告,https://b2b.10086.cn/b2b/main/viewNoticeContent.html?noticeBean.id=593500,2019-09-05
重庆移动,2019年长寿分公司集团客户手机维修服务项目_比选公告,https://b2b.10086.cn/b2b/main/viewNoticeContent.html?noticeBean.id=593508,2019-09-05
新疆移动,2019年视讯系统安全性扩容工程视频矩阵设备采购及集成服务项目_比选公告,https://b2b.10086.cn/b2b/main/viewNoticeContent.html?noticeBean.id=593524,2019-09-05
河南移动,河南移动2019年投行咨询服务采购项目_比选公告,https://b2b.10086.cn/b2b/main/viewNoticeContent.html?noticeBean.id=593535,2019-09-05
四川移动,中国移动四川公司2019-2021年天府新区档案业务服务项目_比选公告,https://b2b.10086.cn/b2b/main/viewNoticeContent.html?noticeBean.id=593538,2019-09-05
海南移动,中国移动海南公司2019年自贸区（港）背景下人力资源再提升咨询项目_竞争性谈判采购公告,https://b2b.10086.cn/b2b/main/viewNoticeContent.html?noticeBean.id=593551,2019-09-05
贵州移动,2019年网络部网管支撑DPI全生命周期运营支撑服务项目_比选公告,https://b2b.10086.cn/b2b/main/viewNoticeContent.html?noticeBean.id=593555,2019-09-05
吉林移动,中国移动吉林公司2019年业务支撑网WEB网站应用安全检查服务公开比选项目_比选公告,https://b2b.10086.cn/b2b/main/viewNoticeContent.html?noticeBean.id=593563,2019-09-05
四川移动,中国移动四川公司2019-2021年管理用计算机类设备租赁项目_比选公告,https://b2b.10086.cn/b2b/main/viewNoticeContent.html?noticeBean.id=593564,2019-09-05
北京移动,中国移动北京公司信息系统部系统平台协维服务项目_比选公告,https://b2b.10086.cn/b2b/main/viewNoticeContent.html?noticeBean.id=593565,2019-09-05
移动学院,移动学院2019年咖啡机及饮水机的清洗维护采购项目_采购变更公告,https://b2b.10086.cn/b2b/main/viewNoticeContent.html?noticeBean.id=593571,2019-09-05
