采购单位,标题,链接,发标日期
铁通公司,中移铁通有限公司安徽分公司太和县财政局OA系统集成开发ICT项目_询价公告,https://b2b.10086.cn/b2b/main/viewNoticeContent.html?noticeBean.id=605401,2019-10-25
安徽移动,合肥移动2019-2021年综合楼和汇聚点高低压变配电系统维保服务采购项目_询价公告,https://b2b.10086.cn/b2b/main/viewNoticeContent.html?noticeBean.id=605410,2019-10-25
铁通公司,中移铁通有限公司安徽分公司合肥新站高新技术产业开发区建设发展局河长制ICT项目_询价公告,https://b2b.10086.cn/b2b/main/viewNoticeContent.html?noticeBean.id=605411,2019-10-25
信息技术公司,2020-2021年国际业务运营中心法律咨询服务_比选公告,https://b2b.10086.cn/b2b/main/viewNoticeContent.html?noticeBean.id=605427,2019-10-25
安徽移动,国网六安供电公司2019年服务过程规范性管控维护采购项目_询价公告,https://b2b.10086.cn/b2b/main/viewNoticeContent.html?noticeBean.id=605430,2019-10-25
信息技术公司,2019-2020年CNAS认可咨询服务采购_比选公告,https://b2b.10086.cn/b2b/main/viewNoticeContent.html?noticeBean.id=605434,2019-10-25
山东移动,山东移动菏泽分公司2019年市农信社农金通平台系统项目_采购变更公告(2),https://b2b.10086.cn/b2b/main/viewNoticeContent.html?noticeBean.id=605445,2019-10-25
福建移动,2019年福建移动福州分公司华大街道城市运营管理中心系统建设代建项目_采购公告,https://b2b.10086.cn/b2b/main/viewNoticeContent.html?noticeBean.id=605446,2019-10-25
山东移动,山东移动日照分公司2019年日照天泰建筑安装工程有限公司采购办公平台比选项目_比选公告,https://b2b.10086.cn/b2b/main/viewNoticeContent.html?noticeBean.id=605447,2019-10-25
重庆移动,2019年涪陵分公司空调维护联合采购项目_比选公告,https://b2b.10086.cn/b2b/main/viewNoticeContent.html?noticeBean.id=605449,2019-10-25
湖南移动,衡阳移动客户价值管理及智能营销服务项目（2019-2020年度）_比选公告,https://b2b.10086.cn/b2b/main/viewNoticeContent.html?noticeBean.id=605468,2019-10-25
江苏移动,中国移动江苏公司扬州分公司“工维视界”三期软件开发项目_比选公告,https://b2b.10086.cn/b2b/main/viewNoticeContent.html?noticeBean.id=605469,2019-10-25
江苏移动,中国移动江苏公司扬州分公司95精确计费及客户侧监控管理软件Solarwinds项目_询价公告,https://b2b.10086.cn/b2b/main/viewNoticeContent.html?noticeBean.id=605475,2019-10-25
甘肃移动,2019年私有云网管资源池五期扩容工程云管理平台软件采购项目_招标公告,https://b2b.10086.cn/b2b/main/viewNoticeContent.html?noticeBean.id=605486,2019-10-25
甘肃移动,2019年公有云五期扩容工程PaaS能力服务管理平台软件开发服务采购项目_招标公告,https://b2b.10086.cn/b2b/main/viewNoticeContent.html?noticeBean.id=605487,2019-10-25
铁通公司,四川中移2020-2021年度青羊、温江办公区物业支撑服务采购项目_比选公告,https://b2b.10086.cn/b2b/main/viewNoticeContent.html?noticeBean.id=605489,2019-10-25
四川移动,中国移动四川公司自贡公司2019-2020年度全球通客户俱乐部网球及羽毛球服务项目_比选公告,https://b2b.10086.cn/b2b/main/viewNoticeContent.html?noticeBean.id=605504,2019-10-25
政企分公司,宁夏新慧彬葡萄酒庄信息化集成服务（中移全通）项目_比选公告,https://b2b.10086.cn/b2b/main/viewNoticeContent.html?noticeBean.id=605509,2019-10-25
福建移动,中共漳州市委网络安全和信息化委员会办公室互联网信息服务项目_询价公告,https://b2b.10086.cn/b2b/main/viewNoticeContent.html?noticeBean.id=605511,2019-10-25
物联网公司,政企专线及家宽加速支撑服务框架项目（网吧加速支撑服务）_比选公告,https://b2b.10086.cn/b2b/main/viewNoticeContent.html?noticeBean.id=605516,2019-10-25
政企分公司,2019年四川移动绵阳分公司梓潼经开区管委会企业监管（云）平台整合技术服务（中移全通）采购项目_比选公告,https://b2b.10086.cn/b2b/main/viewNoticeContent.html?noticeBean.id=605520,2019-10-25
政企分公司,重庆广播电视大学合川校区IDC数据中心机房一期改造（中移全通）采购项目_比选公告,https://b2b.10086.cn/b2b/main/viewNoticeContent.html?noticeBean.id=605528,2019-10-25
政企分公司,四川省甘孜州乡城县、雅江县税务局数字化会议系统开发服务（中移全通）采购项目_比选公告,https://b2b.10086.cn/b2b/main/viewNoticeContent.html?noticeBean.id=605531,2019-10-25
湖北移动,中国移动湖北公司随州分公司孔家坡业务区清河星苑业务汇聚机房购置项目_采购公告,https://b2b.10086.cn/b2b/main/viewNoticeContent.html?noticeBean.id=605546,2019-10-25
湖北移动,中国移动湖北公司随州分公司移动新大楼业务区香榭里业务汇聚机房购置项目_采购公告,https://b2b.10086.cn/b2b/main/viewNoticeContent.html?noticeBean.id=605547,2019-10-25
贵州移动,中国移动通信集团贵州有限公司2019年5G应用示范车辆购置项目_竞争性谈判采购公告,https://b2b.10086.cn/b2b/main/viewNoticeContent.html?noticeBean.id=605555,2019-10-25
内蒙移动,中国移动通信集团内蒙古有限公司赤峰分公司2019年4G无线网广覆盖第一批工程基站（翁旗）租赁项目_竞争性谈判采购公告,https://b2b.10086.cn/b2b/main/viewNoticeContent.html?noticeBean.id=605571,2019-10-25
