采购单位,标题,链接,发标日期
湖南移动,中国移动湖南公司张家界分公司2019年数据网协维项目_比选公告,https://b2b.10086.cn/b2b/main/viewNoticeContent.html?noticeBean.id=589146,2019-08-21
河南移动,河南移动2019-2021年仓库租赁管理服务项目_比选公告,https://b2b.10086.cn/b2b/main/viewNoticeContent.html?noticeBean.id=589147,2019-08-21
河南移动,河南移动2019年支撑系统PAAS容器调度等云平台维护服务项目_比选公告,https://b2b.10086.cn/b2b/main/viewNoticeContent.html?noticeBean.id=589148,2019-08-21
山东移动,山东中移2019年传输调测分析服务项目_比选公告,https://b2b.10086.cn/b2b/main/viewNoticeContent.html?noticeBean.id=589164,2019-08-21
黑龙江移动,黑龙江移动龙视频管理平台采购项目_比选公告,https://b2b.10086.cn/b2b/main/viewNoticeContent.html?noticeBean.id=589168,2019-08-21
江苏移动,中国移动江苏公司射阳数字环卫系统建设项目项目_比选公告,https://b2b.10086.cn/b2b/main/viewNoticeContent.html?noticeBean.id=589176,2019-08-21
河南移动,河南移动2019年濮阳县平安乡镇（子岸、庆祖）维护服务采购项目_比选公告,https://b2b.10086.cn/b2b/main/viewNoticeContent.html?noticeBean.id=589211,2019-08-21
湖北移动,中国移动湖北公司2019年黄冈市黄州路口供电所业务区传输汇聚机房购置项目_公开竞争性谈判公告(第二次),https://b2b.10086.cn/b2b/main/viewNoticeContent.html?noticeBean.id=589224,2019-08-21
湖北移动,中国移动湖北公司2019年黄冈市红安邮政楼业务区传输汇聚机房购置项目_公开竞争性谈判(第二次),https://b2b.10086.cn/b2b/main/viewNoticeContent.html?noticeBean.id=589225,2019-08-21
河北移动,中国移动河北公司2019年-2020年网管系统citrix xenapp维保服务项目_比选公告,https://b2b.10086.cn/b2b/main/viewNoticeContent.html?noticeBean.id=589233,2019-08-21
安徽移动,安徽移动2019年淮南数据中心2号楼机房配套工程用二次吊挂、钢制灯槽采购项目_询价公告,https://b2b.10086.cn/b2b/main/viewNoticeContent.html?noticeBean.id=589237,2019-08-21
北京移动,熊儿寨业务收敛区业务汇聚机房租赁项目_采购变更公告(3),https://b2b.10086.cn/b2b/main/viewNoticeContent.html?noticeBean.id=589240,2019-08-21
北京移动, 夏各庄综合业务区2号业务汇聚区机房租赁项目 _采购变更公告(3),https://b2b.10086.cn/b2b/main/viewNoticeContent.html?noticeBean.id=589241,2019-08-21
北京移动,滨河综合业务区3号业务汇聚区业务汇聚机房租赁项目_采购变更公告(3),https://b2b.10086.cn/b2b/main/viewNoticeContent.html?noticeBean.id=589242,2019-08-21
总部,2019年可持续发展报告研究_比选公告,https://b2b.10086.cn/b2b/main/viewNoticeContent.html?noticeBean.id=589250,2019-08-21
北京移动,东高村业务收敛区业务汇聚机房租赁项目_采购变更公告(3),https://b2b.10086.cn/b2b/main/viewNoticeContent.html?noticeBean.id=589252,2019-08-21
新疆移动,2019年哈密伊州区应急监控值守服务支撑项目的采购申请_询价公告,https://b2b.10086.cn/b2b/main/viewNoticeContent.html?noticeBean.id=589259,2019-08-21
政企分公司,中国移动云南公司2019年云南省人民政府政策研究室网站服务（中移全通）采购项目_比选公告,https://b2b.10086.cn/b2b/main/viewNoticeContent.html?noticeBean.id=589272,2019-08-21
