采购单位,标题,链接,发标日期
黑龙江移动,黑龙江移动龙视频管理平台采购项目_比选公告,https://b2b.10086.cn/b2b/main/viewNoticeContent.html?noticeBean.id=583484,2019-07-31
内蒙移动,2019年巴彦淖尔乌后旗分公司开展巴音镇蒙汉一队等农村村社宽带三方合作项目_采购变更公告(1),https://b2b.10086.cn/b2b/main/viewNoticeContent.html?noticeBean.id=583487,2019-07-31
江苏移动,中国移动江苏公司2019-2022年度省管楼宇设备等其他土建配套设备维护项目项目_比选公告,https://b2b.10086.cn/b2b/main/viewNoticeContent.html?noticeBean.id=583494,2019-07-31
设计院,2019年设计院5G传播模型校正系统采购项目（第三次）_询价公告,https://b2b.10086.cn/b2b/main/viewNoticeContent.html?noticeBean.id=583505,2019-07-31
辽宁移动,中国移动辽宁公司2019年和生活爱辽宁客户端运营服务项目_比选公告,https://b2b.10086.cn/b2b/main/viewNoticeContent.html?noticeBean.id=583527,2019-07-31
西藏移动,中国移动阿里分公司市场部2019年渠道维修改造项目_比选公告,https://b2b.10086.cn/b2b/main/viewNoticeContent.html?noticeBean.id=583528,2019-07-31
研究院,中国移动研究院（雄安产业研究院）2019-2021年度校园招聘代理服务_比选公告,https://b2b.10086.cn/b2b/main/viewNoticeContent.html?noticeBean.id=583534,2019-07-31
终端公司,中国移动终端公司2019-2020年海外市场咨询项目_比选公告,https://b2b.10086.cn/b2b/main/viewNoticeContent.html?noticeBean.id=583536,2019-07-31
江苏移动,中国移动江苏公司关于无锡分公司2019-2020年设备租赁（出摊营销充电设备租赁）的采购项目_询价公告,https://b2b.10086.cn/b2b/main/viewNoticeContent.html?noticeBean.id=583575,2019-07-31
江苏移动,中国移动江苏公司网络部2019年互联网信息安全技术手段测试和业务安全评估服务项目_比选公告,https://b2b.10086.cn/b2b/main/viewNoticeContent.html?noticeBean.id=583599,2019-07-31
湖南移动,中国移动湖南公司郴州分公司重点集团单位信息化巡展及驻点服务项目_比选公告,https://b2b.10086.cn/b2b/main/viewNoticeContent.html?noticeBean.id=583623,2019-07-31
云南移动,中国移动云南公司红河分公司2019年信息化产品及团队形象宣传视频制作采购项目_采购公告,https://b2b.10086.cn/b2b/main/viewNoticeContent.html?noticeBean.id=583635,2019-07-31
