采购单位,标题,链接,发标日期
江苏移动,中国移动江苏公司信息技术中心2019-2021年数据库优化及开发质量提升服务项目_比选公告,https://b2b.10086.cn/b2b/main/viewNoticeContent.html?noticeBean.id=573007,2019-06-25
辽宁移动,中国移动辽宁公司位置服务中心外部环境研究分析项目_比选公告,https://b2b.10086.cn/b2b/main/viewNoticeContent.html?noticeBean.id=573025,2019-06-25
江苏移动,中国移动江苏公司连云港市人大之家大数据精准政务服务系统采购方案项目_询价公告,https://b2b.10086.cn/b2b/main/viewNoticeContent.html?noticeBean.id=573041,2019-06-25
重庆移动,电子渠道业务风控模型新业务开发采购_比选公告,https://b2b.10086.cn/b2b/main/viewNoticeContent.html?noticeBean.id=573045,2019-06-25
山东移动,山东移动济宁分公司2019年金乡县人民政府视频会议系统采购项目_比选公告,https://b2b.10086.cn/b2b/main/viewNoticeContent.html?noticeBean.id=573046,2019-06-25
湖南移动,邵阳经开区大数据园区一期ICT_比选公告,https://b2b.10086.cn/b2b/main/viewNoticeContent.html?noticeBean.id=573057,2019-06-25
湖南移动,中国移动湖南公司邵阳移动2019年实体渠道规范经营辅助支撑项目_比选公告,https://b2b.10086.cn/b2b/main/viewNoticeContent.html?noticeBean.id=573065,2019-06-25
终端公司,移动终端天津分公司2019年-2020年终端销售分销业务外包采购项目_比选公告,https://b2b.10086.cn/b2b/main/viewNoticeContent.html?noticeBean.id=573079,2019-06-25
终端公司,移动终端天津分公司2019年-2020年终端销售零售业务外包采购项目_比选公告,https://b2b.10086.cn/b2b/main/viewNoticeContent.html?noticeBean.id=573080,2019-06-25
山西移动,中国移动山西公司2019年-2020年省公司市场经营部RF-USIM卡的采购项目_询价公告,https://b2b.10086.cn/b2b/main/viewNoticeContent.html?noticeBean.id=573102,2019-06-25
广西移动,中国移动广西公司2019-2020年市场信息调查咨询采购项目_比选公告,https://b2b.10086.cn/b2b/main/viewNoticeContent.html?noticeBean.id=573103,2019-06-25
内蒙移动,中国移动内蒙古公司包头分公司家宽资源购置管理审计服务采购项目_比选公告,https://b2b.10086.cn/b2b/main/viewNoticeContent.html?noticeBean.id=573121,2019-06-25
终端公司,2019年北京移动第二次多形态终端选型-智能音箱项目_询价公告,https://b2b.10086.cn/b2b/main/viewNoticeContent.html?noticeBean.id=573122,2019-06-25
湖北移动,中国移动湖北公司武汉分公司江汉07A业务区普通传输汇聚机房购置项目公开竞争性谈判_采购公告,https://b2b.10086.cn/b2b/main/viewNoticeContent.html?noticeBean.id=573124,2019-06-25
新疆移动,阿克苏分公司2019年微信公众号运营维护采购项目_比选公告,https://b2b.10086.cn/b2b/main/viewNoticeContent.html?noticeBean.id=573128,2019-06-25
湖北移动,中国移动湖北公司襄阳分公司2019-2022年政企市场竞争辅助项目_比选公告,https://b2b.10086.cn/b2b/main/viewNoticeContent.html?noticeBean.id=573130,2019-06-25
辽宁移动,中国移动辽宁公司2019年室内地图技术支撑项目_比选公告,https://b2b.10086.cn/b2b/main/viewNoticeContent.html?noticeBean.id=573140,2019-06-25
吉林移动,中国移动吉林公司吉林市分公司2019-2020年客户营销活动支撑服务公开比选项目（二次）_比选公告,https://b2b.10086.cn/b2b/main/viewNoticeContent.html?noticeBean.id=573142,2019-06-25
陕西移动,勉县晏家湾三方宽带网元租凭项目_比选公告,https://b2b.10086.cn/b2b/main/viewNoticeContent.html?noticeBean.id=573146,2019-06-25
江苏移动,中国移动江苏公司2019年南京分公司集团客户彩铃铃音制作项目_询价公告,https://b2b.10086.cn/b2b/main/viewNoticeContent.html?noticeBean.id=573147,2019-06-25
辽宁移动,中国移动辽宁公司2019-2020年环境监控平台技术支持服务项目_比选公告,https://b2b.10086.cn/b2b/main/viewNoticeContent.html?noticeBean.id=573158,2019-06-25
