采购单位,标题,链接,发标日期
信息港中心,中国移动信息港中心2019-2021年税务咨询服务采购_比选公告,https://b2b.10086.cn/b2b/main/viewNoticeContent.html?noticeBean.id=553907,2019-04-15
甘肃移动,中国移动甘肃公司嘉峪关分公司2019年机务段叫班短信服务平台工程软件采购项目_比选公告,https://b2b.10086.cn/b2b/main/viewNoticeContent.html?noticeBean.id=553921,2019-04-15
安徽移动,2019-2020年度安庆移动市区乡镇营销部保洁服务采购项目_询价公告,https://b2b.10086.cn/b2b/main/viewNoticeContent.html?noticeBean.id=553931,2019-04-15
天津移动,中国移动天津公司网络维护中心2019-2020年柴油采购项目_比选公告,https://b2b.10086.cn/b2b/main/viewNoticeContent.html?noticeBean.id=553948,2019-04-15
互联网公司,中移互联网有限公司2019-2021年工程造价审计业务公开比选项目_比选公告,https://b2b.10086.cn/b2b/main/viewNoticeContent.html?noticeBean.id=553952,2019-04-15
江西移动,景德镇市人民检察院智慧停车、智能门禁系统项目_比选公告,https://b2b.10086.cn/b2b/main/viewNoticeContent.html?noticeBean.id=553956,2019-04-15
西藏移动,中国移动西藏公司2019年市场经营部存量运营三方支撑项目_比选公告,https://b2b.10086.cn/b2b/main/viewNoticeContent.html?noticeBean.id=553973,2019-04-15
江西移动,萍乡移动市公司本部食堂承包管理项目_比选公告,https://b2b.10086.cn/b2b/main/viewNoticeContent.html?noticeBean.id=553979,2019-04-15
政企分公司,2019年船系统集成及服务（中移全通）采购项目_比选公告,https://b2b.10086.cn/b2b/main/viewNoticeContent.html?noticeBean.id=554014,2019-04-15
信息技术公司,中国移动党风廉政建设和监督执纪问责信息化系统建设安全机柜项目_比选公告,https://b2b.10086.cn/b2b/main/viewNoticeContent.html?noticeBean.id=554025,2019-04-15
江苏移动,中国移动江苏公司南通分公司精确营销短信通道服务项目_询价公告,https://b2b.10086.cn/b2b/main/viewNoticeContent.html?noticeBean.id=554032,2019-04-15
江苏移动,中国移动江苏公司徐州分公司政企业务集中稽核外包服务项目项目_比选公告,https://b2b.10086.cn/b2b/main/viewNoticeContent.html?noticeBean.id=554033,2019-04-15
重庆移动,2019年北碚分公司集团客户手机维修_比选公告,https://b2b.10086.cn/b2b/main/viewNoticeContent.html?noticeBean.id=554041,2019-04-15
山东移动,山东移动济宁分公司2019年中共济宁市委党校教学业务综合管理系统采购项目_比选公告,https://b2b.10086.cn/b2b/main/viewNoticeContent.html?noticeBean.id=554043,2019-04-15
江苏移动,中国移动江苏公司关于淮安移动集团互联网电视运营支撑服务采购方案的请示项目_询价公告,https://b2b.10086.cn/b2b/main/viewNoticeContent.html?noticeBean.id=554057,2019-04-15
辽宁移动,中国移动辽宁公司2019年上半年和地图应用市场支撑项目_比选公告,https://b2b.10086.cn/b2b/main/viewNoticeContent.html?noticeBean.id=554060,2019-04-15
青海移动,2019年业支合同系统维保服务_比选公告,https://b2b.10086.cn/b2b/main/viewNoticeContent.html?noticeBean.id=554061,2019-04-15
重庆移动,2019年星级客户手机维修服务项目_询价公告,https://b2b.10086.cn/b2b/main/viewNoticeContent.html?noticeBean.id=554070,2019-04-15
在线服务公司,中移在线服务有限公司北京分公司2019年飞信公众号运营支撑项目_比选公告,https://b2b.10086.cn/b2b/main/viewNoticeContent.html?noticeBean.id=554077,2019-04-15
