采购单位,标题,链接,发标日期
设计院,2019-2021年上海分院IT办公设备维保服务采购项目_比选公告,https://b2b.10086.cn/b2b/main/viewNoticeContent.html?noticeBean.id=546066,2019-03-13
江苏移动,中国移动江苏公司中小企业行业市场监测信息服务项目项目_询价公告,https://b2b.10086.cn/b2b/main/viewNoticeContent.html?noticeBean.id=546074,2019-03-13
山东移动,山东移动2019年烟台分公司滨州医学院烟台校区信息化建设采购项目_招标公告,https://b2b.10086.cn/b2b/main/viewNoticeContent.html?noticeBean.id=546082,2019-03-13
内蒙移动,中国移动通信集团内蒙古有限公司赤峰分公司（右旗、林西）2019年车辆维修维护项目_采购变更公告(1),https://b2b.10086.cn/b2b/main/viewNoticeContent.html?noticeBean.id=546085,2019-03-13
终端公司,中国移动通信集团终端有限公司浏览器商业化业务引入项目_采购公告,https://b2b.10086.cn/b2b/main/viewNoticeContent.html?noticeBean.id=546106,2019-03-13
黑龙江移动,黑龙江移动2019年网络管理部防雷检测采购项目_比选公告,https://b2b.10086.cn/b2b/main/viewNoticeContent.html?noticeBean.id=546118,2019-03-13
终端公司,新疆分公司业务外包项目_比选采购_变更公告_(1),https://b2b.10086.cn/b2b/main/viewNoticeContent.html?noticeBean.id=546130,2019-03-13
山西移动,中国移动山西公司2019年网络部山西移动通信局(站)防雷系统安全检测服务的采购项目_比选公告,https://b2b.10086.cn/b2b/main/viewNoticeContent.html?noticeBean.id=546131,2019-03-13
辽宁移动,中国移动辽宁公司2019年实体渠道第三方调查支撑项目_比选公告,https://b2b.10086.cn/b2b/main/viewNoticeContent.html?noticeBean.id=546164,2019-03-13
内蒙移动,中国移动通信集团内蒙古有限公司包头分公司2017年固阳华城豪庭小区宽带资源购置项目_竞争性谈判采购公告,https://b2b.10086.cn/b2b/main/viewNoticeContent.html?noticeBean.id=546165,2019-03-13
物联网公司,统一售后服务系统项目_比选公告,https://b2b.10086.cn/b2b/main/viewNoticeContent.html?noticeBean.id=546167,2019-03-13
重庆移动,2019年大足分公司清欠业务服务项目_比选公告,https://b2b.10086.cn/b2b/main/viewNoticeContent.html?noticeBean.id=546170,2019-03-13
政企分公司,山东省济宁市嘉祥县旅游文物局智慧旅游大数据平台（中移全通）采购项目_比选公告,https://b2b.10086.cn/b2b/main/viewNoticeContent.html?noticeBean.id=546185,2019-03-13
政企分公司,贵州省人力资源和社会保障厅系统容灾技术服务（中移全通）采购项目_比选公告,https://b2b.10086.cn/b2b/main/viewNoticeContent.html?noticeBean.id=546187,2019-03-13
设计院,2019-2021年四川分院IT办公设备维保服务采购项目_比选公告,https://b2b.10086.cn/b2b/main/viewNoticeContent.html?noticeBean.id=546203,2019-03-13
设计院,2019-2021年河北分院（华北一区）信息化维护服务项目_比选公告,https://b2b.10086.cn/b2b/main/viewNoticeContent.html?noticeBean.id=546206,2019-03-13
