采购单位,标题,链接,发标日期
江苏移动,中国移动江苏公司中国移动江苏南京公司数据中心一期工程室外雨污水管道CCTV及水质检测服务项目项目_询价公告,https://b2b.10086.cn/b2b/main/viewNoticeContent.html?noticeBean.id=601355,2019-10-10
安徽移动,亳州移动市区营销中心三楼会议室会议系统采购项目_询价公告,https://b2b.10086.cn/b2b/main/viewNoticeContent.html?noticeBean.id=601356,2019-10-10
设计院,2019年设计院BIM可视化机柜管理系统开发服务项目_比选公告,https://b2b.10086.cn/b2b/main/viewNoticeContent.html?noticeBean.id=601364,2019-10-10
安徽移动,芜湖移动2019年政企营业厅业务合作商引入项目代发公告_采购公告,https://b2b.10086.cn/b2b/main/viewNoticeContent.html?noticeBean.id=601372,2019-10-10
安徽移动,安徽移动2019-2020年EAP培训咨询服务采购项目_比选公告,https://b2b.10086.cn/b2b/main/viewNoticeContent.html?noticeBean.id=601377,2019-10-10
湖南移动,株洲移动OMO运营支撑服务项目采购_比选公告,https://b2b.10086.cn/b2b/main/viewNoticeContent.html?noticeBean.id=601386,2019-10-10
政企分公司,四川省甘孜州乡城县、雅江县税务局数字化会议系统开发服务（中移全通）采购项目_比选公告,https://b2b.10086.cn/b2b/main/viewNoticeContent.html?noticeBean.id=601410,2019-10-10
设计院,2019技术部专利支撑中心标准必要专利评估规范及运用策略研究采购项目_比选公告,https://b2b.10086.cn/b2b/main/viewNoticeContent.html?noticeBean.id=601411,2019-10-10
政企分公司,中移智行网络科技有限公司2020-2021年度舆情监测服务项目_比选公告,https://b2b.10086.cn/b2b/main/viewNoticeContent.html?noticeBean.id=601420,2019-10-10
西藏移动,中国移动西藏公司网络部2019年网管侧数据质量专项提升服务_比选公告,https://b2b.10086.cn/b2b/main/viewNoticeContent.html?noticeBean.id=601438,2019-10-10
终端公司,中国移动终端公司上海分公司新零售客户引流采购项目_比选公告,https://b2b.10086.cn/b2b/main/viewNoticeContent.html?noticeBean.id=601466,2019-10-10
福建移动,龙岩移动2019-2021年集团客户手机终端维修服务项目_询价公告,https://b2b.10086.cn/b2b/main/viewNoticeContent.html?noticeBean.id=601507,2019-10-10
内蒙移动,中国移动（呼和浩特）数据中心2019年仪器仪表及工具用具采购项目_询价公告,https://b2b.10086.cn/b2b/main/viewNoticeContent.html?noticeBean.id=601515,2019-10-10
安徽移动,铜陵牙都科创园区安全监测系统项目_采购公告,https://b2b.10086.cn/b2b/main/viewNoticeContent.html?noticeBean.id=601516,2019-10-10
