采购单位,标题,链接,发标日期
陕西移动,陕西安康2019年高价值小区攻坚现场营销采购项目_比选公告,https://b2b.10086.cn/b2b/main/viewNoticeContent.html?noticeBean.id=556603,2019-04-24
政企分公司,2019中移智行网络科技有限公司JIRA软件采购公开询价项目_询价公告,https://b2b.10086.cn/b2b/main/viewNoticeContent.html?noticeBean.id=556607,2019-04-24
青海移动,全省部分机房楼宇安装智慧消防平台采购项目_比选公告,https://b2b.10086.cn/b2b/main/viewNoticeContent.html?noticeBean.id=556623,2019-04-24
江苏移动,中国移动江苏公司连云港分公司宽带和电视品质入户测试服务项目_询价公告,https://b2b.10086.cn/b2b/main/viewNoticeContent.html?noticeBean.id=556630,2019-04-24
广东移动,中国移动广东公司2019年管理提升工程综合支撑公开比选采购项目（南方基地）_比选公告,https://b2b.10086.cn/b2b/main/viewNoticeContent.html?noticeBean.id=556633,2019-04-24
广西移动,中国移动广西有限公司2019年互联网质量对标分析服务采购项目_比选公告,https://b2b.10086.cn/b2b/main/viewNoticeContent.html?noticeBean.id=556655,2019-04-24
广东移动,中国移动广东公司2019年班组管理提升公开比选采购项目（南方基地）_比选公告,https://b2b.10086.cn/b2b/main/viewNoticeContent.html?noticeBean.id=556656,2019-04-24
内蒙移动,巴彦淖尔移动2019年行业客户会议支撑服务项目_比选公告,https://b2b.10086.cn/b2b/main/viewNoticeContent.html?noticeBean.id=556664,2019-04-24
上海移动,中国移动上海公司中国移动上海公司2019年—2021年营销条线推广活动项目_比选公告,https://b2b.10086.cn/b2b/main/viewNoticeContent.html?noticeBean.id=556689,2019-04-24
河北移动,中国移动河北公司河北移动开发区生产配套楼、石家庄数据中心工程电梯采购及安装项目_招标公告,https://b2b.10086.cn/b2b/main/viewNoticeContent.html?noticeBean.id=556708,2019-04-24
铁通公司,中移铁通私有云扩容升级工程等保咨询及等保测评服务采购项目_比选公告,https://b2b.10086.cn/b2b/main/viewNoticeContent.html?noticeBean.id=556717,2019-04-24
