采购单位,标题,链接,发标日期
在线服务公司,中移在线服务有限公司内蒙古分公司气体灭火系统及灭火器年检项目_采购公告,https://b2b.10086.cn/b2b/main/viewNoticeContent.html?noticeBean.id=560709,2019-05-10
浙江移动,中国移动浙江公司2019-2021年度云链路网络支撑服务项目_比选公告,https://b2b.10086.cn/b2b/main/viewNoticeContent.html?noticeBean.id=560747,2019-05-10
广东移动,中国移动广东公司2019-2020年中国移动“移动云”业务系统维护服务公开比选项目（南方基地）_比选公告,https://b2b.10086.cn/b2b/main/viewNoticeContent.html?noticeBean.id=560749,2019-05-10
在线服务公司,中移在线内蒙古分公司2019年全网客服系统终端及办公设备代维服务项目_比选公告,https://b2b.10086.cn/b2b/main/viewNoticeContent.html?noticeBean.id=560758,2019-05-10
广东移动,中国移动广东公司2019-2020年中国移动“移动云”管理域基础组件维护支撑服务公开比选项目（南方基地）_比选公告,https://b2b.10086.cn/b2b/main/viewNoticeContent.html?noticeBean.id=560765,2019-05-10
湖北移动,中国移动湖北公司宜昌分公司开发区中建之星传输机房购置项目_采购公告(公开竞争性谈判）,https://b2b.10086.cn/b2b/main/viewNoticeContent.html?noticeBean.id=560767,2019-05-10
终端公司,四川分公司2019年6月-2020年5月办公设备维护服务项目_比选公告,https://b2b.10086.cn/b2b/main/viewNoticeContent.html?noticeBean.id=560772,2019-05-10
政企分公司,山东潍坊潍水田园农业发展有限公司信息化平台等两个项目（中移全通）采购项目_比选公告,https://b2b.10086.cn/b2b/main/viewNoticeContent.html?noticeBean.id=560775,2019-05-10
政企分公司,广东省河源市林火远程视频监控系统建设二期（中移全通）采购项目_比选公告,https://b2b.10086.cn/b2b/main/viewNoticeContent.html?noticeBean.id=560776,2019-05-10
终端公司,陕西分公司2019年6月-2020年5月业务外包项目_比选采购_变更公告_(1),https://b2b.10086.cn/b2b/main/viewNoticeContent.html?noticeBean.id=560780,2019-05-10
海南移动,中国移动海南公司2019~2022数据库第三方维保_比选公告,https://b2b.10086.cn/b2b/main/viewNoticeContent.html?noticeBean.id=560782,2019-05-10
浙江移动,中国移动绍兴分公司高清视频会议系统项目_询价公告,https://b2b.10086.cn/b2b/main/viewNoticeContent.html?noticeBean.id=560792,2019-05-10
设计院,2018年设计院信息能源所数字能源机柜产品研发与试点软件采购项目_询价公告,https://b2b.10086.cn/b2b/main/viewNoticeContent.html?noticeBean.id=560793,2019-05-10
江西移动,江西移动2019年白水湖通信楼供电系统扩容改造工程冷却塔改造施工采购项目_比选公告,https://b2b.10086.cn/b2b/main/viewNoticeContent.html?noticeBean.id=560812,2019-05-10
山西移动,中国移动山西公司2018年长治分公司移动生产楼高压系统扩容工程项目通信及自动化系统和开关站间隔改造施工的采购项目_比选公告,https://b2b.10086.cn/b2b/main/viewNoticeContent.html?noticeBean.id=560825,2019-05-10
内蒙移动,中国移动通信集团内蒙古有限公司赤峰分公司生产调度中心视频监控系统设备采购项目_询价公告,https://b2b.10086.cn/b2b/main/viewNoticeContent.html?noticeBean.id=560827,2019-05-10
山东移动,山东移动2019年济宁分公司任城区安保视频会议系统采购项目_比选公告,https://b2b.10086.cn/b2b/main/viewNoticeContent.html?noticeBean.id=560854,2019-05-10
四川移动,中国移动四川公司2019-2021年通信工程全业务及室分施工二级集中采购项目_招标公告,https://b2b.10086.cn/b2b/main/viewNoticeContent.html?noticeBean.id=560863,2019-05-10
江苏移动,中国移动江苏公司宿迁分公司2019-2020年生产经营用车临时租赁服务采购项目_比选公告,https://b2b.10086.cn/b2b/main/viewNoticeContent.html?noticeBean.id=560872,2019-05-10
山西移动,中国移动山西公司2019年终端管理平台及趋势等系统维保服务的采购项目_比选公告,https://b2b.10086.cn/b2b/main/viewNoticeContent.html?noticeBean.id=560878,2019-05-10
浙江移动,中国移动浙江公司2019-2020年度省公司、杭州分公司及融创公司员工体检及健康管理服务采购项目_比选公告,https://b2b.10086.cn/b2b/main/viewNoticeContent.html?noticeBean.id=560879,2019-05-10
政企分公司,2019中移智行网络科技有限公司JIRA软件采购公开询价项目_询价公告,https://b2b.10086.cn/b2b/main/viewNoticeContent.html?noticeBean.id=560881,2019-05-10
