采购单位,标题,链接,发标日期
内蒙移动,鄂尔多斯分公司关于网络部综合维护中心关于干线日常维护采购无人机项目_采购公告,https://b2b.10086.cn/b2b/main/viewNoticeContent.html?noticeBean.id=607357,2019-11-01
内蒙移动,中国移动通信集团内蒙古有限公司赤峰分公司2019年4G无线网广覆盖第一批工程基站（翁旗）租赁项目_竞争性谈判采购公告,https://b2b.10086.cn/b2b/main/viewNoticeContent.html?noticeBean.id=607374,2019-11-01
在线服务公司,在线服务公司广东分公司2020-2021年消防维护及消防器材购买项目_比选公告,https://b2b.10086.cn/b2b/main/viewNoticeContent.html?noticeBean.id=607379,2019-11-01
福建移动,2019年业务支撑网大数据智能建模定制开发服务_比选公告,https://b2b.10086.cn/b2b/main/viewNoticeContent.html?noticeBean.id=607381,2019-11-01
福建移动,中国移动福建公司2019年全省2.4G RFID单频全卡公开询价采购项目_询价公告,https://b2b.10086.cn/b2b/main/viewNoticeContent.html?noticeBean.id=607386,2019-11-01
湖南移动,湖南移动长沙分公司2019年度视频监控维护服务项目_比选公告,https://b2b.10086.cn/b2b/main/viewNoticeContent.html?noticeBean.id=607389,2019-11-01
广西移动,中国移动广西公司“广西动监e通”运营移动执法终端流量套餐服务项目_询价公告,https://b2b.10086.cn/b2b/main/viewNoticeContent.html?noticeBean.id=607391,2019-11-01
江苏移动,中国移动江苏公司西29-1-1综合业务区机房购置项目_采购公告,https://b2b.10086.cn/b2b/main/viewNoticeContent.html?noticeBean.id=607395,2019-11-01
福建移动,三明分公司2019-2020年微信运营服务公开比选采购项目_比选公告,https://b2b.10086.cn/b2b/main/viewNoticeContent.html?noticeBean.id=607399,2019-11-01
终端公司,中国移动终端公司湖北分公司2020年1月—2021年12月物业管理服务项目_比选公告,https://b2b.10086.cn/b2b/main/viewNoticeContent.html?noticeBean.id=607401,2019-11-01
安徽移动,宿州移动灵璧县司法局社区矫正智能定位终端设备选型项目_询价公告,https://b2b.10086.cn/b2b/main/viewNoticeContent.html?noticeBean.id=607409,2019-11-01
江苏移动,中国移动江苏公司南12综合业务接入区机房购置项目_采购公告,https://b2b.10086.cn/b2b/main/viewNoticeContent.html?noticeBean.id=607412,2019-11-01
安徽移动,黄山移动2019-2021年业务印刷品制作项目_询价公告,https://b2b.10086.cn/b2b/main/viewNoticeContent.html?noticeBean.id=607413,2019-11-01
山东移动,中国移动河北公司中国移动通信集团河北有限公司石家庄分公司ICT业务合作商招募项目项目_采购公告,https://b2b.10086.cn/b2b/main/viewNoticeContent.html?noticeBean.id=607416,2019-11-01
浙江移动,中国移动浙江公司2019年数据库一体机设备采购项目_招标公告,https://b2b.10086.cn/b2b/main/viewNoticeContent.html?noticeBean.id=607429,2019-11-01
重庆移动,客户服务部满意服务365互动传播项目_比选公告,https://b2b.10086.cn/b2b/main/viewNoticeContent.html?noticeBean.id=607439,2019-11-01
西藏移动,中国移动西藏公司区19年IPv6-网安系统改造项目（公开招标部分）（包2）_招标公告,https://b2b.10086.cn/b2b/main/viewNoticeContent.html?noticeBean.id=607441,2019-11-01
信息技术公司,2019-2021年黑龙江中心大数据变现服务采购_比选公告,https://b2b.10086.cn/b2b/main/viewNoticeContent.html?noticeBean.id=607443,2019-11-01
西藏移动,中国移动西藏公司网络部2019年资源管理系统数据库故障支撑技术服务项目_比选公告,https://b2b.10086.cn/b2b/main/viewNoticeContent.html?noticeBean.id=607455,2019-11-01
投资公司,中国移动投资公司2019-2021（三年期）全球电信行业数据库产品_比选公告,https://b2b.10086.cn/b2b/main/viewNoticeContent.html?noticeBean.id=607463,2019-11-01
投资公司,中国移动投资公司2020-2022（三年期）专业财经金融数据库产品_比选公告,https://b2b.10086.cn/b2b/main/viewNoticeContent.html?noticeBean.id=607464,2019-11-01
投资公司,中国移动投资公司2019-2021（三年期）全球资本市场数据库产品_比选公告,https://b2b.10086.cn/b2b/main/viewNoticeContent.html?noticeBean.id=607465,2019-11-01
北京移动,中国移动北京公司中国石油大学高校融合宽带接入项目采购_比选公告,https://b2b.10086.cn/b2b/main/viewNoticeContent.html?noticeBean.id=607467,2019-11-01
上海移动,中国移动上海公司临港IDC研发与产业化基地二期土建工程质量平行检测服务_比选公告,https://b2b.10086.cn/b2b/main/viewNoticeContent.html?noticeBean.id=607472,2019-11-01
投资公司,中国移动投资公司2019-2021（三年期）互联网行业研究报告库产品_比选公告,https://b2b.10086.cn/b2b/main/viewNoticeContent.html?noticeBean.id=607475,2019-11-01
投资公司,中国移动投资公司2020-2022（三年期）全球新领域研究报告库产品_比选公告,https://b2b.10086.cn/b2b/main/viewNoticeContent.html?noticeBean.id=607476,2019-11-01
上海移动,中国移动上海公司2019年融合视频平台扩容优化工程集成服务_询价公告,https://b2b.10086.cn/b2b/main/viewNoticeContent.html?noticeBean.id=607479,2019-11-01
四川移动,中国移动四川公司2019年业务支撑系统BOSS扩容改造工程(权益中心支撑平台)采购项目_招标公告,https://b2b.10086.cn/b2b/main/viewNoticeContent.html?noticeBean.id=607493,2019-11-01
江苏移动,中国移动江苏公司连云港分公司海州营销中心电梯维保服务项目_询价公告,https://b2b.10086.cn/b2b/main/viewNoticeContent.html?noticeBean.id=607496,2019-11-01
