采购单位,标题,链接,发标日期
浙江移动,中国移动台州分公司2019-2021年车务通维护服务项目_比选公告,https://b2b.10086.cn/b2b/main/viewNoticeContent.html?noticeBean.id=558960,2019-05-05
江苏移动,中国移动江苏公司宿迁分公司2019-2020年生产经营用车临时租赁服务采购项目_比选公告,https://b2b.10086.cn/b2b/main/viewNoticeContent.html?noticeBean.id=558965,2019-05-05
湖北移动,湖北移动宜昌分公司城区华祥业务区传输机房购置项目_采购公告,https://b2b.10086.cn/b2b/main/viewNoticeContent.html?noticeBean.id=558999,2019-05-05
新疆移动,中国移动新疆分公司哈密分公司2019-2020年项目管理业务技术支撑服务采购项目_比选公告,https://b2b.10086.cn/b2b/main/viewNoticeContent.html?noticeBean.id=559011,2019-05-05
北京移动,中国移动北京公司城区二分公司丰台营销中心丰西区域2019-2022年办公用房租赁项目_采购公告,https://b2b.10086.cn/b2b/main/viewNoticeContent.html?noticeBean.id=559022,2019-05-05
北京移动,中国移动北京公司2019年节能减排管理服务项目_比选公告,https://b2b.10086.cn/b2b/main/viewNoticeContent.html?noticeBean.id=559033,2019-05-05
吉林移动,中国移动吉林公司2018年核心网动力配套设备更新改造建设工程油机房进排风系统公开比选项目_比选公告,https://b2b.10086.cn/b2b/main/viewNoticeContent.html?noticeBean.id=559041,2019-05-05
广西移动,中国移动广西公司管理信息系统2019年上网行为控制网关设备采购项目_比选公告,https://b2b.10086.cn/b2b/main/viewNoticeContent.html?noticeBean.id=559072,2019-05-05
西藏移动,中国移动西藏公司区19年营销案管理系统建设项目_招标公告,https://b2b.10086.cn/b2b/main/viewNoticeContent.html?noticeBean.id=559078,2019-05-05
宁夏移动,中国移动宁夏公司2019年和包运营支撑服务项目_比选公告,https://b2b.10086.cn/b2b/main/viewNoticeContent.html?noticeBean.id=559102,2019-05-05
