采购单位,标题,链接,发标日期
信息技术公司,2019年基于人工智能技术（图像识别）的票据识别研发服务采购项目(第二次)_比选公告,https://b2b.10086.cn/b2b/main/viewNoticeContent.html?noticeBean.id=569614,2019-06-13
湖北移动,中国移动湖北公司潜江分公司周矶全业务区传输汇聚机房购置项目_公开询价公告(第二次),https://b2b.10086.cn/b2b/main/viewNoticeContent.html?noticeBean.id=569636,2019-06-13
四川移动,中国移动四川公司2018年企业级大数据中心扩容改造工程（MPP数据库软件）项目_比选公告,https://b2b.10086.cn/b2b/main/viewNoticeContent.html?noticeBean.id=569646,2019-06-13
终端公司,中国移动终端公司2019年6月-2021年6月全面预算管理系统项目_比选公告,https://b2b.10086.cn/b2b/main/viewNoticeContent.html?noticeBean.id=569649,2019-06-13
终端公司,中国移动终端公司中移物流数字供应链平台建设项目_比选公告,https://b2b.10086.cn/b2b/main/viewNoticeContent.html?noticeBean.id=569685,2019-06-13
湖北移动,中国移动湖北公司2019-2021年武汉常青机房水冷改造热管换热系统与服务采购项目_招标公告,https://b2b.10086.cn/b2b/main/viewNoticeContent.html?noticeBean.id=569688,2019-06-13
黑龙江移动,黑龙江移动2019-2020年网络管理部高新兴动环监控设备维修服务采购项目_比选公告,https://b2b.10086.cn/b2b/main/viewNoticeContent.html?noticeBean.id=569692,2019-06-13
青海移动,2019年业支资产管理系统流程优化服务项目_比选公告,https://b2b.10086.cn/b2b/main/viewNoticeContent.html?noticeBean.id=569695,2019-06-13
广西移动,中国移动广西公司桂林分公司2019-2021年仓储管理服务采购项目    _比选公告,https://b2b.10086.cn/b2b/main/viewNoticeContent.html?noticeBean.id=569699,2019-06-13
政企分公司,天猫旗舰店运营支撑项目_比选公告,https://b2b.10086.cn/b2b/main/viewNoticeContent.html?noticeBean.id=569727,2019-06-13
新疆移动,2019年和田分公司基站太阳能系统供电能力提升服务采购_比选公告,https://b2b.10086.cn/b2b/main/viewNoticeContent.html?noticeBean.id=569736,2019-06-13
新疆移动,吐鲁番无纸化会议系统采购项目_询价公告,https://b2b.10086.cn/b2b/main/viewNoticeContent.html?noticeBean.id=569738,2019-06-13
新疆移动,2019年-2020年“和校园”产品深度运营支撑项目_比选公告,https://b2b.10086.cn/b2b/main/viewNoticeContent.html?noticeBean.id=569740,2019-06-13
苏州研发中心,苏州研发中心2019-2020年度专利挖掘支撑咨询服务项目_比选公告,https://b2b.10086.cn/b2b/main/viewNoticeContent.html?noticeBean.id=569744,2019-06-13
