采购单位,标题,链接,发标日期
政企分公司,黑龙江省森林防火指挥系统建设项目-包3设备、服务(中移全通)采购项目_比选公告,https://b2b.10086.cn/b2b/main/viewNoticeContent.html?noticeBean.id=542248,2019-02-25
铁通公司,中移铁通有限公司北京分公司2019暗园区研发外协公开比选项目_比选公告,https://b2b.10086.cn/b2b/main/viewNoticeContent.html?noticeBean.id=542272,2019-02-25
政企分公司,黑龙江省森林防火指挥系统建设项目-包2（前端智能监测系统、视频监测平台升级改造）设备、服务(中移全通)采购项目_比选公告,https://b2b.10086.cn/b2b/main/viewNoticeContent.html?noticeBean.id=542274,2019-02-25
安徽移动,马鞍山移动2019-2022年物业管理服务项目_比选公告,https://b2b.10086.cn/b2b/main/viewNoticeContent.html?noticeBean.id=542283,2019-02-25
山西移动,中国移动山西公司2019年省公司数据中心园区一期绿化工程采购项目_比选采购_变更公告_(1),https://b2b.10086.cn/b2b/main/viewNoticeContent.html?noticeBean.id=542288,2019-02-25
内蒙移动,中国移动内蒙古公司2019年投诉处理质量监测运营支撑项目_比选公告,https://b2b.10086.cn/b2b/main/viewNoticeContent.html?noticeBean.id=542301,2019-02-25
政企分公司,安徽省合肥移动包河区政务中心监控系统升级改造项目（中移全通）采购项目_比选公告,https://b2b.10086.cn/b2b/main/viewNoticeContent.html?noticeBean.id=542309,2019-02-25
上海移动,中国移动上海公司2018年业务私有云扩容工程GPS平台云化迁移配套开发_比选公告,https://b2b.10086.cn/b2b/main/viewNoticeContent.html?noticeBean.id=542310,2019-02-25
浙江移动,中国移动杭州分公司2019-2020年城乡天眼设备维护及配套服务采购项目_比选公告,https://b2b.10086.cn/b2b/main/viewNoticeContent.html?noticeBean.id=542311,2019-02-25
江苏移动,中国移动江苏公司中小企业行业市场监测信息服务项目项目_询价公告,https://b2b.10086.cn/b2b/main/viewNoticeContent.html?noticeBean.id=542323,2019-02-25
铁通公司,中移铁通广西公司2019年营销系统技术服务项目_比选公告,https://b2b.10086.cn/b2b/main/viewNoticeContent.html?noticeBean.id=542337,2019-02-25
政企分公司,从江县安全监管信息化展示平台项目软硬件（中移全通）采购项目_比选公告,https://b2b.10086.cn/b2b/main/viewNoticeContent.html?noticeBean.id=542346,2019-02-25
内蒙移动,中国移动内蒙古公司2019年客户满意度监测项目_招标公告,https://b2b.10086.cn/b2b/main/viewNoticeContent.html?noticeBean.id=542366,2019-02-25
内蒙移动,中国移动内蒙古公司2019年魔百和智能语音遥控器采购项目_询价公告,https://b2b.10086.cn/b2b/main/viewNoticeContent.html?noticeBean.id=542368,2019-02-25
新疆移动,中国移动新疆分公司2019年塔城分公司和校园业务代理采购项目项目_比选公告,https://b2b.10086.cn/b2b/main/viewNoticeContent.html?noticeBean.id=542370,2019-02-25
上海移动,中国移动上海公司安全集中监控平台建设项目_招标公告,https://b2b.10086.cn/b2b/main/viewNoticeContent.html?noticeBean.id=542377,2019-02-25
上海移动,中国移动上海公司2019年公有云信息安全管理系统建设工程信息安全管理系统CU_询价公告,https://b2b.10086.cn/b2b/main/viewNoticeContent.html?noticeBean.id=542378,2019-02-25
山东移动,山东移动临沂分公司2019年罗庄中联混凝土ERP系统采购项目_比选公告,https://b2b.10086.cn/b2b/main/viewNoticeContent.html?noticeBean.id=542386,2019-02-25
广东移动,中国移动广东公司2019-2020年中长期发展规划支撑采购公开比选项目（南方基地）_比选公告,https://b2b.10086.cn/b2b/main/viewNoticeContent.html?noticeBean.id=542387,2019-02-25
内蒙移动,中国移动内蒙古公司2019年和家固话智能音箱采购项目_询价公告,https://b2b.10086.cn/b2b/main/viewNoticeContent.html?noticeBean.id=542393,2019-02-25
物联网公司,机房物联网智能管理平台研发项目_比选公告,https://b2b.10086.cn/b2b/main/viewNoticeContent.html?noticeBean.id=542394,2019-02-25
设计院,财务支撑系统2018年系统维护服务项目_比选公告,https://b2b.10086.cn/b2b/main/viewNoticeContent.html?noticeBean.id=542401,2019-02-25
终端公司,中国移动终端海南公司2019至2021年售后业务外包项目_比选公告,https://b2b.10086.cn/b2b/main/viewNoticeContent.html?noticeBean.id=542403,2019-02-25
山东移动,山东移动临沂分公司2019年沂南智慧党建平台采购项目_比选公告,https://b2b.10086.cn/b2b/main/viewNoticeContent.html?noticeBean.id=542404,2019-02-25
铁通公司,中移铁通江西分公司2019-2020年移动无线维护所需仪表租赁项目(2)_比选公告,https://b2b.10086.cn/b2b/main/viewNoticeContent.html?noticeBean.id=542414,2019-02-25
杭州研发中心,中移（杭州）信息技术有限公司2019年能力开放平台线上线下推广采购项目_比选公告,https://b2b.10086.cn/b2b/main/viewNoticeContent.html?noticeBean.id=542417,2019-02-25
苏州研发中心,苏州研发中心2019年服务器ODM生产服务采购项目_比选公告,https://b2b.10086.cn/b2b/main/viewNoticeContent.html?noticeBean.id=542423,2019-02-25
山东移动,山东移动2019年中间件平台和应用第三方技术支撑服务采购项目_比选公告,https://b2b.10086.cn/b2b/main/viewNoticeContent.html?noticeBean.id=542431,2019-02-25
山东移动,山东移动日照分公司2019年日照市公安局警信通平台软件采购项目_比选公告,https://b2b.10086.cn/b2b/main/viewNoticeContent.html?noticeBean.id=542433,2019-02-25
海南移动,中国移动海南公司2019-2020年工程维护物资运输项目_比选公告,https://b2b.10086.cn/b2b/main/viewNoticeContent.html?noticeBean.id=542434,2019-02-25
政企分公司,中国移动四川公司下属市州分公司招投标室信息化服务集中采购（中移全通）采购项目_比选公告,https://b2b.10086.cn/b2b/main/viewNoticeContent.html?noticeBean.id=542436,2019-02-25
政企分公司,四川省内江市资中县天网系统技术服务（中移全通）采购项目(2)_比选公告,https://b2b.10086.cn/b2b/main/viewNoticeContent.html?noticeBean.id=542437,2019-02-25
宁夏移动,中国移动宁夏公司中卫云基地数据中心绿化工程施工项目_招标公告,https://b2b.10086.cn/b2b/main/viewNoticeContent.html?noticeBean.id=542442,2019-02-25
