采购单位,标题,链接,发标日期
江苏移动,中国移动江苏公司关于淮安分公司承德路生产调度中心装修改造项目智能化系统设备及安装服务采购方案的请示项目_招标公告,https://b2b.10086.cn/b2b/main/viewNoticeContent.html?noticeBean.id=539416,2019-02-11
新疆移动,中国移动新疆分公司2018年CMNET省网十五期带外网管系统建设工程采购项目项目_比选公告,https://b2b.10086.cn/b2b/main/viewNoticeContent.html?noticeBean.id=539426,2019-02-11
贵州移动,中国移动通信集团贵州有限公司2018年网络部生产终端防病毒支撑服务项目（网管）_比选公告,https://b2b.10086.cn/b2b/main/viewNoticeContent.html?noticeBean.id=539441,2019-02-11
信息技术公司,2019年基于区块链的国际漫游协议管理平台的应用研究及产品开发采购_比选公告,https://b2b.10086.cn/b2b/main/viewNoticeContent.html?noticeBean.id=539446,2019-02-11
宁夏移动,中国移动宁夏公司2019年工程管理第三方支撑服务项目_比选公告,https://b2b.10086.cn/b2b/main/viewNoticeContent.html?noticeBean.id=539466,2019-02-11
湖南移动,湖南移动2019年自有生产调度用房中央空调系统更新项目_招标公告,https://b2b.10086.cn/b2b/main/viewNoticeContent.html?noticeBean.id=539469,2019-02-11
宁夏移动,中国移动宁夏公司2019年ERP系统财务物流模块及hrms人力资源系统业务技术支持服务采购项目_比选公告,https://b2b.10086.cn/b2b/main/viewNoticeContent.html?noticeBean.id=539485,2019-02-11
云南移动,中国移动云南公司楚雄分公司2019年校园市场服务外包项目_比选公告,https://b2b.10086.cn/b2b/main/viewNoticeContent.html?noticeBean.id=539500,2019-02-11
宁夏移动,宁夏移动吴忠分公司2019年同心分公司清水湾家宽服务站租赁项目_采购公告,https://b2b.10086.cn/b2b/main/viewNoticeContent.html?noticeBean.id=539517,2019-02-11
新疆移动,中国移动新疆分公司中国移动新疆公司2019-2020风力发电系统采购项目项目_招标公告,https://b2b.10086.cn/b2b/main/viewNoticeContent.html?noticeBean.id=539519,2019-02-11
