采购单位,标题,链接,发标日期
湖南移动,湖南移动长沙分公司长沙市公安局短信平台ICT项目_比选公告,https://b2b.10086.cn/b2b/main/viewNoticeContent.html?noticeBean.id=584265,2019-08-02
重庆移动,行业服务平台项目_招标公告,https://b2b.10086.cn/b2b/main/viewNoticeContent.html?noticeBean.id=584270,2019-08-02
江苏移动,中国移动江苏公司2019-2021年中国移动江苏公司无锡分公司大数据挖掘平台服务（易访和资费不满意用户分析）项目项目_比选公告,https://b2b.10086.cn/b2b/main/viewNoticeContent.html?noticeBean.id=584271,2019-08-02
山西移动,中国移动山西公司2019年山西移动IDC信息安全管理系统域名探针设备的采购项目_询价公告,https://b2b.10086.cn/b2b/main/viewNoticeContent.html?noticeBean.id=584315,2019-08-02
西藏移动,中国移动西藏公司信息安全管理部2019年互联网信安管理系统检测支撑和专业评测服务项目_比选公告,https://b2b.10086.cn/b2b/main/viewNoticeContent.html?noticeBean.id=584318,2019-08-02
西藏移动,中国移动西藏公司2019年政企业务客户感知提升支撑服务例行项目_比选公告,https://b2b.10086.cn/b2b/main/viewNoticeContent.html?noticeBean.id=584322,2019-08-02
西藏移动,中国移动西藏公司市场经营部2019年用户服务满意度及渠道质量提升项目_比选采购_变更公告_(1),https://b2b.10086.cn/b2b/main/viewNoticeContent.html?noticeBean.id=584346,2019-08-02
江苏移动,中国移动江苏公司关于无锡分公司2019-2020年度业务宣传活动（电影进社区）的采购项目_询价公告,https://b2b.10086.cn/b2b/main/viewNoticeContent.html?noticeBean.id=584357,2019-08-02
贵州移动,2019年视频监控平台（36个月）框架采购项目_招标公告,https://b2b.10086.cn/b2b/main/viewNoticeContent.html?noticeBean.id=584372,2019-08-02
江苏移动,中国移动江苏公司东台市安丰镇特色小镇信息化建设项目项目_比选公告,https://b2b.10086.cn/b2b/main/viewNoticeContent.html?noticeBean.id=584374,2019-08-02
江苏移动,中国移动江苏公司2019年苏州分公司网络规划支撑系统维保服务项目_比选公告,https://b2b.10086.cn/b2b/main/viewNoticeContent.html?noticeBean.id=584376,2019-08-02
浙江移动,中国移动台州分公司海缆海域使用论证施工通航安全保障方案咨询海洋工程环境影响评价三项服务采购项目_比选公告,https://b2b.10086.cn/b2b/main/viewNoticeContent.html?noticeBean.id=584378,2019-08-02
在线服务公司,在线服务公司广东分公司2019-2021年人事档案管理服务项目_比选公告,https://b2b.10086.cn/b2b/main/viewNoticeContent.html?noticeBean.id=584381,2019-08-02
