采购单位,标题,链接,发标日期
信息技术公司,2019年基于人工智能技术（图像识别）的票据识别研发服务采购项目(第三次)_比选公告,https://b2b.10086.cn/b2b/main/viewNoticeContent.html?noticeBean.id=575392,2019-07-03
铁通公司,中移铁通数据中心平台扩容二期等两个信息化项目可研设计服务_招标公告,https://b2b.10086.cn/b2b/main/viewNoticeContent.html?noticeBean.id=575400,2019-07-03
河南移动,河南移动2019年IT基础运维支持服务采购项目_比选公告,https://b2b.10086.cn/b2b/main/viewNoticeContent.html?noticeBean.id=575401,2019-07-03
陕西移动,2019-2020年Vertica数据库软件服务项目_比选公告,https://b2b.10086.cn/b2b/main/viewNoticeContent.html?noticeBean.id=575426,2019-07-03
北京移动,中国移动北京公司深化数字化服务转型的专题研究咨询项目_比选公告,https://b2b.10086.cn/b2b/main/viewNoticeContent.html?noticeBean.id=575442,2019-07-03
江苏移动,中国移动江苏公司连云港市人大之家大数据精准政务服务系统采购方案项目_询价公告,https://b2b.10086.cn/b2b/main/viewNoticeContent.html?noticeBean.id=575443,2019-07-03
海南移动,中国移动海南公司2019~2022数据库第三方维保（第二次）_比选公告,https://b2b.10086.cn/b2b/main/viewNoticeContent.html?noticeBean.id=575450,2019-07-03
新疆移动,政企客户部“集团客户拓展维系-集团产品及信息化应用体验展示活动”项目_询价公告,https://b2b.10086.cn/b2b/main/viewNoticeContent.html?noticeBean.id=575453,2019-07-03
新疆移动,昌吉数据中心L1层基础设施维护支撑服务项目_比选采购_变更公告_(1),https://b2b.10086.cn/b2b/main/viewNoticeContent.html?noticeBean.id=575463,2019-07-03
终端公司,云南分公司关于丽江移动社会渠道物流配送辅助支撑项目_采购公告,https://b2b.10086.cn/b2b/main/viewNoticeContent.html?noticeBean.id=575486,2019-07-03
