采购单位,标题,链接,发标日期
西藏移动,中国移动(西藏拉萨)数据中心土建一期项目(沉降观测)采购项目_比选公告,https://b2b.10086.cn/b2b/main/viewNoticeContent.html?noticeBean.id=543166,2019-02-28
在线服务公司,中移在线大数据分析及应用研发项目_比选公告,https://b2b.10086.cn/b2b/main/viewNoticeContent.html?noticeBean.id=543187,2019-02-28
政企分公司,福建省安溪县公安局行政服务中心信息化（中移全通）采购项目_比选公告,https://b2b.10086.cn/b2b/main/viewNoticeContent.html?noticeBean.id=543200,2019-02-28
山东移动,山东移动威海分公司2019年市集客浦发威海分行综合管理平台采购项目_采购公告,https://b2b.10086.cn/b2b/main/viewNoticeContent.html?noticeBean.id=543204,2019-02-28
山东移动,山东移动德州分公司2019年山东鸿创环保有限公司信息化设备采购项目_比选公告,https://b2b.10086.cn/b2b/main/viewNoticeContent.html?noticeBean.id=543205,2019-02-28
辽宁移动,中国移动辽宁公司2019年沈北数据中心Ι水冷空调系统常用配件框架项目_比选公告,https://b2b.10086.cn/b2b/main/viewNoticeContent.html?noticeBean.id=543209,2019-02-28
山东移动,山东移动2019年枣庄分公司山亭区数字化城管指挥平台采购项目_招标公告,https://b2b.10086.cn/b2b/main/viewNoticeContent.html?noticeBean.id=543214,2019-02-28
上海移动,中国移动上海公司2019-2022年市场物资配送服务采购项目_比选公告,https://b2b.10086.cn/b2b/main/viewNoticeContent.html?noticeBean.id=543215,2019-02-28
陕西移动,陕西移动2019年终端销售供货平台项目_比选公告,https://b2b.10086.cn/b2b/main/viewNoticeContent.html?noticeBean.id=543221,2019-02-28
重庆移动,2019年涪陵分公司外市电维护服务项目（日常维护）_比选公告,https://b2b.10086.cn/b2b/main/viewNoticeContent.html?noticeBean.id=543228,2019-02-28
贵州移动,2019-2020年大数据分公司信息安全运维加固技术支撑服务项目_比选公告,https://b2b.10086.cn/b2b/main/viewNoticeContent.html?noticeBean.id=543230,2019-02-28
咪咕公司,2019年政企及广告市场音频、视频彩铃制作支撑项目_比选公告,https://b2b.10086.cn/b2b/main/viewNoticeContent.html?noticeBean.id=543232,2019-02-28
咪咕公司,2019年家庭游戏手柄采购项目_比选公告,https://b2b.10086.cn/b2b/main/viewNoticeContent.html?noticeBean.id=543234,2019-02-28
安徽移动,阜阳移动公司2019-2020年度集团产品业务协议采购_询价公告,https://b2b.10086.cn/b2b/main/viewNoticeContent.html?noticeBean.id=543238,2019-02-28
重庆移动,2019年涪陵分公司网络维护服务项目（集客IPPBX程控交换机及数字城管系统）_比选公告,https://b2b.10086.cn/b2b/main/viewNoticeContent.html?noticeBean.id=543239,2019-02-28
政企分公司,商洛市人大预算联网监督管理系统硬件支撑平台建设（中移全通）项目_比选公告,https://b2b.10086.cn/b2b/main/viewNoticeContent.html?noticeBean.id=543246,2019-02-28
山东移动,山东移动菏泽分公司2019年牡丹区市场监督管理局智慧监管平台采购项目_比选公告,https://b2b.10086.cn/b2b/main/viewNoticeContent.html?noticeBean.id=543250,2019-02-28
湖北移动,湖北移动网管中心平台集中维保服务（第二批）标包一、三、四（第二次）_比选公告,https://b2b.10086.cn/b2b/main/viewNoticeContent.html?noticeBean.id=543260,2019-02-28
上海移动,中国移动上海公司2019-2021年上网日志留存系统维保_询价公告,https://b2b.10086.cn/b2b/main/viewNoticeContent.html?noticeBean.id=543262,2019-02-28
上海移动,中国移动上海公司2019-2021年WLAN日志留存系统维保_询价公告,https://b2b.10086.cn/b2b/main/viewNoticeContent.html?noticeBean.id=543263,2019-02-28
重庆移动,统一资源池IT域五期项目VPN设备采购_比选公告,https://b2b.10086.cn/b2b/main/viewNoticeContent.html?noticeBean.id=543265,2019-02-28
广东移动,中国移动广东公司2019-2020年人力档案管理辅助公开比选项目（云浮）_比选公告,https://b2b.10086.cn/b2b/main/viewNoticeContent.html?noticeBean.id=543274,2019-02-28
信息港中心,中国移动信息港中心2019-2021年园区运营及综合支撑类审计服务采购_比选公告,https://b2b.10086.cn/b2b/main/viewNoticeContent.html?noticeBean.id=543280,2019-02-28
内蒙移动,中国移动内蒙古公司2019-2020基站市电维护项目_招标采购_变更公告_(1),https://b2b.10086.cn/b2b/main/viewNoticeContent.html?noticeBean.id=543289,2019-02-28
政企分公司,黑龙江省森林防火指挥系统建设项目-包4设备、服务(中移全通)采购项目_比选公告,https://b2b.10086.cn/b2b/main/viewNoticeContent.html?noticeBean.id=543305,2019-02-28
河北移动,中国移动河北公司2019-2020年家客业务终端回收翻新服务项目_比选公告,https://b2b.10086.cn/b2b/main/viewNoticeContent.html?noticeBean.id=543316,2019-02-28
物联网公司,OneNET2019年重要节点营销推广项目_比选公告,https://b2b.10086.cn/b2b/main/viewNoticeContent.html?noticeBean.id=543329,2019-02-28
成都研究院,中移（成都）信息通信科技有限公司2019年5G室内小基站研发技术服务支撑项目_比选公告,https://b2b.10086.cn/b2b/main/viewNoticeContent.html?noticeBean.id=543330,2019-02-28
江苏移动,中国移动江苏公司扬州分公司2019-2020年生产经营用车长期、临时租赁服务采购项目项目_比选公告,https://b2b.10086.cn/b2b/main/viewNoticeContent.html?noticeBean.id=543333,2019-02-28
广西移动,中国移动广西公司来宾分公司2019-2020年物业及秩序维护服务框架采购项目_比选公告,https://b2b.10086.cn/b2b/main/viewNoticeContent.html?noticeBean.id=543338,2019-02-28
安徽移动,滁州移动公司智能售货系统询价项目_询价公告,https://b2b.10086.cn/b2b/main/viewNoticeContent.html?noticeBean.id=543344,2019-02-28
云南移动,中国移动云南公司保山分公司保山市立体化边境防控体系技防一期前后端数据服务项目(二次)_招标公告,https://b2b.10086.cn/b2b/main/viewNoticeContent.html?noticeBean.id=543346,2019-02-28
海南移动,中国移动海南公司2019年网信维护中心基站维护用品采购项目_询价公告,https://b2b.10086.cn/b2b/main/viewNoticeContent.html?noticeBean.id=543353,2019-02-28
