采购单位,标题,链接,发标日期
山西移动,中国移动山西公司2019-2020年省公司财务部成本费用定额管理采购项目_比选公告,https://b2b.10086.cn/b2b/main/viewNoticeContent.html?noticeBean.id=613499,2019-11-22
研究院,SD-CPE原型系统开发_比选公告,https://b2b.10086.cn/b2b/main/viewNoticeContent.html?noticeBean.id=613507,2019-11-22
广西移动,中国移动广西公司桂林市秀峰区红岭区域业务汇聚机房购置采购项目（TD公司）_采购公告,https://b2b.10086.cn/b2b/main/viewNoticeContent.html?noticeBean.id=613512,2019-11-22
云南移动,中国移动云南公司曲靖分公司2020-2021年核心局楼现场管理服务项目_比选公告,https://b2b.10086.cn/b2b/main/viewNoticeContent.html?noticeBean.id=613540,2019-11-22
浙江移动,中国移动浙江公司2020-2021年浙东浙中产业园和地市数据中心机房动力、空调维护服务采购项目_比选公告,https://b2b.10086.cn/b2b/main/viewNoticeContent.html?noticeBean.id=613541,2019-11-22
政企分公司,天津市河东区居家和社区养老综合服务管理软件平台设备（中移全通）采购项目_比选公告,https://b2b.10086.cn/b2b/main/viewNoticeContent.html?noticeBean.id=613543,2019-11-22
安徽移动,合肥移动2019-2021年度客户服务支撑采购项目_比选公告,https://b2b.10086.cn/b2b/main/viewNoticeContent.html?noticeBean.id=613546,2019-11-22
政企分公司,黑龙江省宝清东升自然保护区管理局一体化监管平台建设（中移全通）采购项目_比选公告,https://b2b.10086.cn/b2b/main/viewNoticeContent.html?noticeBean.id=613566,2019-11-22
政企分公司,天津市河东区居家和社区养老综合服务管理软件平台开发服务（中移全通）采购项目_比选公告,https://b2b.10086.cn/b2b/main/viewNoticeContent.html?noticeBean.id=613567,2019-11-22
宁夏移动,中国移动宁夏公司2020年全区IDC核心机房水冷系统水处理技术服务采购项目_比选公告,https://b2b.10086.cn/b2b/main/viewNoticeContent.html?noticeBean.id=613575,2019-11-22
上海移动,中国移动上海公司2019至2020年有线宽带报废终端处置回收_询价公告,https://b2b.10086.cn/b2b/main/viewNoticeContent.html?noticeBean.id=613603,2019-11-22
江苏移动,中国移动江苏公司2020-2021年网站运营分析服务项目_比选采购_变更公告_(1),https://b2b.10086.cn/b2b/main/viewNoticeContent.html?noticeBean.id=613608,2019-11-22
浙江移动,中国移动温州分公司2019年乐清新大楼会议系统采购项目_询价公告,https://b2b.10086.cn/b2b/main/viewNoticeContent.html?noticeBean.id=613615,2019-11-22
江苏移动,中国移动江苏公司2019-2020年南京公司新媒体运营支撑服务项目_比选公告,https://b2b.10086.cn/b2b/main/viewNoticeContent.html?noticeBean.id=613633,2019-11-22
研究院,信息港实验室门禁系统改造项目_比选公告,https://b2b.10086.cn/b2b/main/viewNoticeContent.html?noticeBean.id=613637,2019-11-22
黑龙江移动,黑龙江移动信息安全部存量网络安全风险治理服务项目_比选公告,https://b2b.10086.cn/b2b/main/viewNoticeContent.html?noticeBean.id=613641,2019-11-22
辽宁移动,中国移动辽宁公司大连2019年项目大数据协同管理系统采购项目_比选公告,https://b2b.10086.cn/b2b/main/viewNoticeContent.html?noticeBean.id=613644,2019-11-22
江苏移动,中国移动江苏公司中国移动江苏南京公司数据中心二期工程第三路110KV外线电缆路由测绘及竣工测量服务采购项目项目_比选公告,https://b2b.10086.cn/b2b/main/viewNoticeContent.html?noticeBean.id=613652,2019-11-22
