采购单位,标题,链接,发标日期
重庆移动,2019年网络投诉技术支撑服务_询价公告,https://b2b.10086.cn/b2b/main/viewNoticeContent.html?noticeBean.id=537887,2019-01-29
福建移动,厦门移动2019年厦门兴才学院有线宽带核心设备采购项目（第二次）_询价公告,https://b2b.10086.cn/b2b/main/viewNoticeContent.html?noticeBean.id=537890,2019-01-29
黑龙江移动,中国移动哈尔滨分公司2019-2020年集团客户部标书制作项目_比选公告,https://b2b.10086.cn/b2b/main/viewNoticeContent.html?noticeBean.id=537911,2019-01-29
终端公司,中国移动通信集团终端有限公司云南分公司华为Mate 10 pro (6G+128G) 全网通双系统司法版公开询价项目_询价公告,https://b2b.10086.cn/b2b/main/viewNoticeContent.html?noticeBean.id=537913,2019-01-29
广西移动,中国移动广西公司玉林分公司2019年微信平台运营支撑服务的采购项目_比选公告,https://b2b.10086.cn/b2b/main/viewNoticeContent.html?noticeBean.id=537939,2019-01-29
吉林移动,中国移动吉林公司白城分公司2018年大安市人民政府专网信息等保安全系统公开比选采购项目_比选公告,https://b2b.10086.cn/b2b/main/viewNoticeContent.html?noticeBean.id=537945,2019-01-29
辽宁移动,中国移动辽宁有限公司沈阳分公司2019年经济技术开发区生产用房综合布线、装饰装修、消防工程采购项目_比选公告,https://b2b.10086.cn/b2b/main/viewNoticeContent.html?noticeBean.id=537949,2019-01-29
山东移动,山东移动日照分公司2019年东港分公司香河街道办事处OA办公平台采购项目_比选公告,https://b2b.10086.cn/b2b/main/viewNoticeContent.html?noticeBean.id=537960,2019-01-29
吉林移动,中国移动吉林公司白城分公司2018年白城市水资源管理中心数据远传平台建设公开比选项目_比选公告,https://b2b.10086.cn/b2b/main/viewNoticeContent.html?noticeBean.id=537971,2019-01-29
上海移动,中国移动上海公司2019年行业云等级保护建设工程虚拟化杀毒软件_询价公告,https://b2b.10086.cn/b2b/main/viewNoticeContent.html?noticeBean.id=537972,2019-01-29
政企分公司,安徽省安庆市岳西县林业局过境短信平台软件开发等三个（中移全通）采购项目_比选公告,https://b2b.10086.cn/b2b/main/viewNoticeContent.html?noticeBean.id=537980,2019-01-29
山东移动,山东移动2018年营业厅电费稽核系统建设工程采购项目_比选公告,https://b2b.10086.cn/b2b/main/viewNoticeContent.html?noticeBean.id=538003,2019-01-29
新疆移动,中国移动新疆分公司2018年-2019年塔城局用设备维护保养材料框架采购项目_询价公告,https://b2b.10086.cn/b2b/main/viewNoticeContent.html?noticeBean.id=538014,2019-01-29
内蒙移动,中国移动通信集团内蒙古有限公司赤峰分公司（克旗、左旗）2019年车辆维修维护项目_采购变更公告(1),https://b2b.10086.cn/b2b/main/viewNoticeContent.html?noticeBean.id=538021,2019-01-29
咪咕公司,2018年咪咕咖啡门店经营设备及专业化服务项目_招标公告,https://b2b.10086.cn/b2b/main/viewNoticeContent.html?noticeBean.id=538025,2019-01-29
政企分公司,云投屏软件及硬件原型研发采购项目_比选公告,https://b2b.10086.cn/b2b/main/viewNoticeContent.html?noticeBean.id=538028,2019-01-29
互联网公司,中移互联网有限公司2019-2020年全网通用流量购买公开询价项目_询价公告,https://b2b.10086.cn/b2b/main/viewNoticeContent.html?noticeBean.id=538032,2019-01-29
西藏移动,中国移动西藏公司市场经营部2019年西藏移动微分享平台运营项目_比选公告,https://b2b.10086.cn/b2b/main/viewNoticeContent.html?noticeBean.id=538033,2019-01-29
海南移动,中国移动海南公司2019年ICP备案技术支撑服务项目_比选公告,https://b2b.10086.cn/b2b/main/viewNoticeContent.html?noticeBean.id=538038,2019-01-29
宁夏移动,中国移动宁夏公司2019年NFC一卡通平台公交需求三期维护采购项目_比选公告,https://b2b.10086.cn/b2b/main/viewNoticeContent.html?noticeBean.id=538059,2019-01-29
