采购单位,标题,链接,发标日期
云南移动,中国移动云南公司曲靖分公司2019年6个信息化项目维保服务项目_比选公告,https://b2b.10086.cn/b2b/main/viewNoticeContent.html?noticeBean.id=532872,2019-01-10
贵州移动,2018年黄平组织部“数智党建”平台支撑服务项目_比选公告,https://b2b.10086.cn/b2b/main/viewNoticeContent.html?noticeBean.id=532874,2019-01-10
河南移动,河南移动2019年开封政务云平台运维服务采购项目_比选公告,https://b2b.10086.cn/b2b/main/viewNoticeContent.html?noticeBean.id=532878,2019-01-10
安徽移动,安徽移动支撑网安全改造十一期工程数据安全检测及模糊化工具采购_比选公告,https://b2b.10086.cn/b2b/main/viewNoticeContent.html?noticeBean.id=532891,2019-01-10
江苏移动,中国移动江苏公司盐城市亭湖区万杰职业学校视频统一管理平台项目采购项目_比选公告,https://b2b.10086.cn/b2b/main/viewNoticeContent.html?noticeBean.id=532893,2019-01-10
西藏移动,中国移动西藏公司关于2019年智慧家庭全业务运营支撑服务采购项目_比选公告,https://b2b.10086.cn/b2b/main/viewNoticeContent.html?noticeBean.id=532894,2019-01-10
江苏移动,中国移动江苏公司宿迁市湖滨社会事业局教育局学校安全管理系统项目采购项目_询价公告,https://b2b.10086.cn/b2b/main/viewNoticeContent.html?noticeBean.id=532895,2019-01-10
青海移动,青海移动2018年集客业务一单清软件采购项目_招标公告,https://b2b.10086.cn/b2b/main/viewNoticeContent.html?noticeBean.id=532905,2019-01-10
山东移动,山东移动青岛分公司2018年城区4G网络满意度提升服务项目_比选公告,https://b2b.10086.cn/b2b/main/viewNoticeContent.html?noticeBean.id=532908,2019-01-10
政企分公司,安徽省安庆市岳西县林业局过境短信平台软件开发等三个（中移全通）采购项目_比选公告,https://b2b.10086.cn/b2b/main/viewNoticeContent.html?noticeBean.id=532912,2019-01-10
山东移动,山东移动临沂分公司2019年临沭一中智慧校园平台系统采购项目_比选公告,https://b2b.10086.cn/b2b/main/viewNoticeContent.html?noticeBean.id=532920,2019-01-10
江苏移动,中国移动江苏公司关于江阴市人脸识别系统ICT项目设备包的采购项目_询价公告,https://b2b.10086.cn/b2b/main/viewNoticeContent.html?noticeBean.id=532921,2019-01-10
山东移动,山东移动临沂分公司兰陵县智慧大棚信息采集平台采购项目_比选公告,https://b2b.10086.cn/b2b/main/viewNoticeContent.html?noticeBean.id=532933,2019-01-10
广东移动,中国移动广东公司数据中心一期二阶段建设项目工程监理公开招标项目（湛江）（第二次）_招标公告,https://b2b.10086.cn/b2b/main/viewNoticeContent.html?noticeBean.id=532935,2019-01-10
新疆移动,中国移动新疆分公司2019年新疆移动来电管家等业务平台维保服务项目项目_比选公告,https://b2b.10086.cn/b2b/main/viewNoticeContent.html?noticeBean.id=532937,2019-01-10
上海移动,中国移动上海公司2019年政企业务IT支撑能力调研项目_比选公告,https://b2b.10086.cn/b2b/main/viewNoticeContent.html?noticeBean.id=532952,2019-01-10
河南移动,河南移动业务速率测试系统一期建设工程采购项目_比选公告,https://b2b.10086.cn/b2b/main/viewNoticeContent.html?noticeBean.id=532959,2019-01-10
政企分公司,中国移动空调云平台一期工程-节能控制子系统项目(2)_招标公告,https://b2b.10086.cn/b2b/main/viewNoticeContent.html?noticeBean.id=532970,2019-01-10
江西移动,南昌市企业监管警示系统硬件设备采购项目_比选公告,https://b2b.10086.cn/b2b/main/viewNoticeContent.html?noticeBean.id=532972,2019-01-10
四川移动,中国移动四川公司网管中心2019年互联网“内容网络领先”分析优化支撑服务项目_比选公告,https://b2b.10086.cn/b2b/main/viewNoticeContent.html?noticeBean.id=532989,2019-01-10
河北移动,中国移动河北公司2019-2020年基本建设工程造价咨询服务框架采购项目_比选公告,https://b2b.10086.cn/b2b/main/viewNoticeContent.html?noticeBean.id=533005,2019-01-10
江西移动,安福县武功山风景名胜区智慧景区工程采购项目_维护公告/公示,https://b2b.10086.cn/b2b/main/viewNoticeContent.html?noticeBean.id=533006,2019-01-10
政企分公司,新疆移动各生产基地庭院化人脸识别、车辆识别系统建设采购项目（中移全通）_比选公告,https://b2b.10086.cn/b2b/main/viewNoticeContent.html?noticeBean.id=533020,2019-01-10
河北移动,中国移动河北公司2018-2019年ERP及财务集中化基础架构维护服务框架项目_比选公告,https://b2b.10086.cn/b2b/main/viewNoticeContent.html?noticeBean.id=533021,2019-01-10
西藏移动,中国移动西藏公司聂拉木县、吉隆县国门视频监控系统及日喀则市公安局情报指挥中心大屏建设项目（代购代建）_比选公告,https://b2b.10086.cn/b2b/main/viewNoticeContent.html?noticeBean.id=533041,2019-01-10
宁夏移动,中国移动宁夏公司2018年国家电子政务云数据中心体系西部节点建设工程项目_招标公告,https://b2b.10086.cn/b2b/main/viewNoticeContent.html?noticeBean.id=533050,2019-01-10
物联网公司,车联网前装产品研发质量体系技术服务采购项目_比选公告,https://b2b.10086.cn/b2b/main/viewNoticeContent.html?noticeBean.id=533052,2019-01-10
青海移动,青海移动2018年一级产商品中心省内配套应用软件采购_比选公告,https://b2b.10086.cn/b2b/main/viewNoticeContent.html?noticeBean.id=533055,2019-01-10
青海移动,青海移动2018年业务支撑系统部资源池扩容工程san交换机板卡采购_招标公告,https://b2b.10086.cn/b2b/main/viewNoticeContent.html?noticeBean.id=533057,2019-01-10
