采购单位,标题,链接,发标日期
江西移动,抚州移动生产调度中心高低压系统及市电引入工程设计服务（第二次）_比选公告,https://b2b.10086.cn/b2b/main/viewNoticeContent.html?noticeBean.id=581801,2019-07-25
苏州研发中心,苏州研发中心2019年-2020年车辆服务项目_比选采购_变更公告_(1),https://b2b.10086.cn/b2b/main/viewNoticeContent.html?noticeBean.id=581854,2019-07-25
湖南移动,中国移动湖南公司张家界分公司2019年经开区OA办公信息化项目_比选公告,https://b2b.10086.cn/b2b/main/viewNoticeContent.html?noticeBean.id=581882,2019-07-25
山西移动,中国移动山西公司2019-2020年省公司品质管理部投诉客户满意度回访调查的采购项目_比选公告,https://b2b.10086.cn/b2b/main/viewNoticeContent.html?noticeBean.id=581884,2019-07-25
政企分公司,中移信息2019年私有云资源池(哈尔滨数据中心)三期二阶段工程硬件集成项目材料（中移全通）采购项目_询价公告,https://b2b.10086.cn/b2b/main/viewNoticeContent.html?noticeBean.id=581904,2019-07-25
安徽移动,安徽移动业务云七期一阶段工程VPN网关等安全设备采购_询价公告,https://b2b.10086.cn/b2b/main/viewNoticeContent.html?noticeBean.id=581918,2019-07-25
四川移动,中国移动四川公司2019-2022年全省第一批管理用房及生产枢纽楼公共区域物业管理服务采购项目（绵阳）_比选公告,https://b2b.10086.cn/b2b/main/viewNoticeContent.html?noticeBean.id=581921,2019-07-25
四川移动,中国移动四川公司2019-2022年全省第一批管理用房及生产枢纽楼公共区域物业管理服务采购项目（凉山）_比选公告,https://b2b.10086.cn/b2b/main/viewNoticeContent.html?noticeBean.id=581922,2019-07-25
云南移动,中国移动云南公司西双版纳分公司2019-2020年4G小型化基站及室分电力施工项目_比选公告,https://b2b.10086.cn/b2b/main/viewNoticeContent.html?noticeBean.id=581927,2019-07-25
四川移动,中国移动四川公司2019-2022年全省第一批管理用房及生产枢纽楼公共区域物业管理服务采购项目（眉山）_比选公告,https://b2b.10086.cn/b2b/main/viewNoticeContent.html?noticeBean.id=581933,2019-07-25
四川移动,中国移动四川公司2019-2022年全省第一批管理用房及生产枢纽楼公共区域物业管理服务采购项目（广元）_比选公告,https://b2b.10086.cn/b2b/main/viewNoticeContent.html?noticeBean.id=581937,2019-07-25
江苏移动,中国移动江苏公司2019年-2021年南京分公司政企客户部对外投标标书文印服务项目_询价公告,https://b2b.10086.cn/b2b/main/viewNoticeContent.html?noticeBean.id=581948,2019-07-25
黑龙江移动,关于智能会议系统-语音识别项目_比选公告,https://b2b.10086.cn/b2b/main/viewNoticeContent.html?noticeBean.id=581949,2019-07-25
黑龙江移动,黑龙江移动2019年故障管理系统业务变更与优化服务采购项目_比选公告,https://b2b.10086.cn/b2b/main/viewNoticeContent.html?noticeBean.id=581959,2019-07-25
物联网公司,OneNET-智慧电源管理服务采购项目_比选公告,https://b2b.10086.cn/b2b/main/viewNoticeContent.html?noticeBean.id=581966,2019-07-25
江苏移动,中国移动江苏公司苏州分公司自办主厅业务外包服务项目项目_比选公告,https://b2b.10086.cn/b2b/main/viewNoticeContent.html?noticeBean.id=581972,2019-07-25
新疆移动,2019年漏洞与威胁管理平台项目_比选公告,https://b2b.10086.cn/b2b/main/viewNoticeContent.html?noticeBean.id=581973,2019-07-25
物联网公司,公司2019-2020年度员工帮助计划（EAP）咨询采购项目_比选公告,https://b2b.10086.cn/b2b/main/viewNoticeContent.html?noticeBean.id=581975,2019-07-25
黑龙江移动,黑龙江移动2019年网络代维管理系统业务变更与优化服务采购项目_比选公告,https://b2b.10086.cn/b2b/main/viewNoticeContent.html?noticeBean.id=581976,2019-07-25
