采购单位,标题,链接,发标日期
云南移动,中国移动云南公司玉溪分公司招选联播系统设备维护商项目_竞争性谈判采购公告,https://b2b.10086.cn/b2b/main/viewNoticeContent.html?noticeBean.id=607825,2019-11-04
广东移动,中国移动广东公司2019-2020年创新管理体系提升支撑公开比选项目（深圳）(深圳)_比选公告,https://b2b.10086.cn/b2b/main/viewNoticeContent.html?noticeBean.id=607851,2019-11-04
江苏移动,中国移动江苏公司2019-2020年南京公司客户关怀厅安保服务项目_比选公告,https://b2b.10086.cn/b2b/main/viewNoticeContent.html?noticeBean.id=607858,2019-11-04
江苏移动,中国移动江苏公司承办2019年大数据旅游推介会服务采购项目_询价公告,https://b2b.10086.cn/b2b/main/viewNoticeContent.html?noticeBean.id=607864,2019-11-04
江苏移动,中国移动江苏公司西2-1综合业务区机房购置项目_采购变更公告(1),https://b2b.10086.cn/b2b/main/viewNoticeContent.html?noticeBean.id=607869,2019-11-04
铁通公司,中移铁通有限公司江苏分公司2019年度经营用车购置项目_询价公告,https://b2b.10086.cn/b2b/main/viewNoticeContent.html?noticeBean.id=607870,2019-11-04
铁通公司,中移铁通有限公司江苏分公司无锡市区专线业务支撑服务项目_比选公告,https://b2b.10086.cn/b2b/main/viewNoticeContent.html?noticeBean.id=607892,2019-11-04
江苏移动,中国移动江苏公司西4综合业务区机房购置项目_采购变更公告(1),https://b2b.10086.cn/b2b/main/viewNoticeContent.html?noticeBean.id=607895,2019-11-04
四川移动,中国移动四川公司2019年集中故障管理系统扩容改造工程（智能光缆健康度诊断应用系统）_比选公告,https://b2b.10086.cn/b2b/main/viewNoticeContent.html?noticeBean.id=607900,2019-11-04
福建移动,龙岩移动2019-2021年集团客户手机终端维修服务项目_询价公告,https://b2b.10086.cn/b2b/main/viewNoticeContent.html?noticeBean.id=607909,2019-11-04
江苏移动,中国移动江苏公司连云港分公司2020-2021年业务稽核工作外包服务项目_询价公告,https://b2b.10086.cn/b2b/main/viewNoticeContent.html?noticeBean.id=607916,2019-11-04
云南移动,中国移动云南公司曲靖分公司会泽新办公楼一体化办公系统采购项目_竞争性谈判采购公告,https://b2b.10086.cn/b2b/main/viewNoticeContent.html?noticeBean.id=607918,2019-11-04
政企分公司,贵州2019年5G应用规划支撑服务（中移全通）采购项目_比选公告,https://b2b.10086.cn/b2b/main/viewNoticeContent.html?noticeBean.id=607946,2019-11-04
新疆移动,中国移动新疆分公司和中国联通新疆分公司昌吉数据中心110kV变电站及引入线路工程监理招标服务采购招标_采购公告,https://b2b.10086.cn/b2b/main/viewNoticeContent.html?noticeBean.id=607952,2019-11-04
新疆移动,克拉玛依市分公司2020年网管日常维护项目_比选公告,https://b2b.10086.cn/b2b/main/viewNoticeContent.html?noticeBean.id=607971,2019-11-04
广东移动,中国移动广东公司2019年面向客户的商业流程重构优化公开比选项目_比选公告,https://b2b.10086.cn/b2b/main/viewNoticeContent.html?noticeBean.id=607987,2019-11-04
广东移动,中国移动广东公司2019-2020年ADC管理平台运维公开比选项目_比选公告,https://b2b.10086.cn/b2b/main/viewNoticeContent.html?noticeBean.id=607988,2019-11-04
广东移动,中国移动广东公司2019年移动智慧医疗平台技术支撑公开比选项目_比选公告,https://b2b.10086.cn/b2b/main/viewNoticeContent.html?noticeBean.id=607992,2019-11-04
湖北移动,中国移动湖北公司2019年黄冈二枢纽业务区业务汇聚机房购置项目_公开竞争性谈判公告(第二轮),https://b2b.10086.cn/b2b/main/viewNoticeContent.html?noticeBean.id=608001,2019-11-04
安徽移动,安徽移动内容分发网络五期工程内容中心调度中心系统软件采购项目_招标公告,https://b2b.10086.cn/b2b/main/viewNoticeContent.html?noticeBean.id=608011,2019-11-04
安徽移动,安徽移动2019-2021年度家宽终端维修翻新服务（公开比选部分）选型采购项目_比选公告,https://b2b.10086.cn/b2b/main/viewNoticeContent.html?noticeBean.id=608016,2019-11-04
湖北移动,中国移动湖北公司2019年黄冈汪家墩综合业务区黄州书院业务汇聚机房购置项目_公开竞争性谈判公告(第二轮),https://b2b.10086.cn/b2b/main/viewNoticeContent.html?noticeBean.id=608017,2019-11-04
湖北移动,中国移动湖北公司2019年黄冈汪家墩综合业务区天宏国际商贸业务汇聚机房购置项目_公开竞争性谈判公告(第二轮),https://b2b.10086.cn/b2b/main/viewNoticeContent.html?noticeBean.id=608019,2019-11-04
山东移动,山东移动菏泽分公司2019年经开区劳动人事局云办公平台系统项目_采购公告,https://b2b.10086.cn/b2b/main/viewNoticeContent.html?noticeBean.id=608024,2019-11-04
山东移动,山东移动菏泽分公司2019年菏泽京环垃圾中转站监测平台项目采购项目_采购公告,https://b2b.10086.cn/b2b/main/viewNoticeContent.html?noticeBean.id=608025,2019-11-04
吉林移动,中国移动吉林公司通化市分公司2019-2021年客户营销活动支撑服务公开比选项目_比选采购_变更公告_(1),https://b2b.10086.cn/b2b/main/viewNoticeContent.html?noticeBean.id=608026,2019-11-04
