采购单位,标题,链接,发标日期
四川移动,中国移动四川公司巴中分公司建筑工程沉降观测和倾覆性监测服务项目_采购公告,https://b2b.10086.cn/b2b/main/viewNoticeContent.html?noticeBean.id=612619,2019-11-20
研究院,中国移动研究院2019-2021两年期招聘系统服务_比选公告,https://b2b.10086.cn/b2b/main/viewNoticeContent.html?noticeBean.id=612626,2019-11-20
浙江移动,中国移动浙江公司2020年-2021年外部互联网渠道运营支撑服务采购项目_比选公告,https://b2b.10086.cn/b2b/main/viewNoticeContent.html?noticeBean.id=612639,2019-11-20
四川移动,中国移动四川公司2019年和校园精准画像数据支撑服务_比选公告,https://b2b.10086.cn/b2b/main/viewNoticeContent.html?noticeBean.id=612640,2019-11-20
内蒙移动,通辽市移动公司城区分公司开发区智慧营业厅基础装修项目_比选公告,https://b2b.10086.cn/b2b/main/viewNoticeContent.html?noticeBean.id=612642,2019-11-20
新疆移动,中国移动新疆公司博州分公司2019-2020年政企部信息化项目维护服务采购_比选公告,https://b2b.10086.cn/b2b/main/viewNoticeContent.html?noticeBean.id=612648,2019-11-20
政企分公司,四川省乐山市和平城区违停禁行抓拍系统技术服务（中移全通）采购项目_比选公告,https://b2b.10086.cn/b2b/main/viewNoticeContent.html?noticeBean.id=612657,2019-11-20
云南移动,中国移动云南公司玉溪分公司2019年集团业务宣传推广活动服务采购项目_竞争性谈判采购公告,https://b2b.10086.cn/b2b/main/viewNoticeContent.html?noticeBean.id=612659,2019-11-20
四川移动,中国移动四川公司攀枝花分公司2019年宽带客户满意度提升分析及技术服务采购项目_比选公告,https://b2b.10086.cn/b2b/main/viewNoticeContent.html?noticeBean.id=612665,2019-11-20
新疆移动,新疆生产建设兵团第七师129团幼儿园教学用品及监控系统采购项目_询价公告,https://b2b.10086.cn/b2b/main/viewNoticeContent.html?noticeBean.id=612674,2019-11-20
湖南移动,张家界市委组织部智慧党建ICT项目（党建平台）_比选公告,https://b2b.10086.cn/b2b/main/viewNoticeContent.html?noticeBean.id=612682,2019-11-20
河南移动,国家税务总局驻马店市税务局办公楼弱电系统（内网及IP电话）租赁及技术服务合作伙伴引入项目_采购公告,https://b2b.10086.cn/b2b/main/viewNoticeContent.html?noticeBean.id=612688,2019-11-20
新疆移动,新疆应用职业技术学院安防建设项目_比选公告,https://b2b.10086.cn/b2b/main/viewNoticeContent.html?noticeBean.id=612693,2019-11-20
成都研究院,中移（成都）信息通信科技有限公司北京分院互动学生卡v2.0版二次量产及v2.5版、v3.0版研发和量产项目_比选公告,https://b2b.10086.cn/b2b/main/viewNoticeContent.html?noticeBean.id=612702,2019-11-20
河南移动,国家税务总局驻马店市税务局安全WIFI覆盖系统租赁及技术服务合作伙伴引入项目_采购公告,https://b2b.10086.cn/b2b/main/viewNoticeContent.html?noticeBean.id=612724,2019-11-20
江苏移动,中国移动江苏公司徐州分公司车辆识别系统改造项目_询价公告,https://b2b.10086.cn/b2b/main/viewNoticeContent.html?noticeBean.id=612741,2019-11-20
上海研究院,数据库对比软件和集成服务项目_比选公告,https://b2b.10086.cn/b2b/main/viewNoticeContent.html?noticeBean.id=612753,2019-11-20
上海研究院,资产梳理平台研发和安全服务项目_比选公告,https://b2b.10086.cn/b2b/main/viewNoticeContent.html?noticeBean.id=612756,2019-11-20
政企分公司,四川省甘孜局数据及视频联动感知系统开发服务（中移全通）采购项目_比选公告,https://b2b.10086.cn/b2b/main/viewNoticeContent.html?noticeBean.id=612779,2019-11-20
设计院,2019年设计院5G组网及优化工具开发软件5G RAN协议栈源码采购项目_询价公告,https://b2b.10086.cn/b2b/main/viewNoticeContent.html?noticeBean.id=612791,2019-11-20
设计院,2019年设计院5G组网及优化工具开发软件3D可视化基础套件产品采购项目_询价公告,https://b2b.10086.cn/b2b/main/viewNoticeContent.html?noticeBean.id=612792,2019-11-20
研究院,研究院2020年公务用车租赁服务_比选公告,https://b2b.10086.cn/b2b/main/viewNoticeContent.html?noticeBean.id=612796,2019-11-20
湖南移动,衡阳移动ICT项目售前支撑项目_比选公告,https://b2b.10086.cn/b2b/main/viewNoticeContent.html?noticeBean.id=612797,2019-11-20
研究院,中国移动2020年至2021年通信设备安装工程施工服务集中采购（研究院）项目_招标公告,https://b2b.10086.cn/b2b/main/viewNoticeContent.html?noticeBean.id=612798,2019-11-20
杭州研发中心,中移（杭州）信息技术有限公司云计算开发服务采购项目_比选公告,https://b2b.10086.cn/b2b/main/viewNoticeContent.html?noticeBean.id=612800,2019-11-20
杭州研发中心,中移（杭州）信息技术有限公司5G+VR内容运营产品合作伙伴招募公告,https://b2b.10086.cn/b2b/main/viewNoticeContent.html?noticeBean.id=612801,2019-11-20
