采购单位,标题,链接,发标日期
河南移动,河南移动2019年集中分析管控服务项目_比选公告,https://b2b.10086.cn/b2b/main/viewNoticeContent.html?noticeBean.id=593767,2019-09-06
江苏移动,中国移动江苏公司盐城分公司射阳教育局安防监控人脸识别系统ICT项目项目_招标公告,https://b2b.10086.cn/b2b/main/viewNoticeContent.html?noticeBean.id=593784,2019-09-06
信息技术公司,中移动信息技术有限公司2019-2020年操作系统第三方维保服务服务项目（第一批次）_比选公告,https://b2b.10086.cn/b2b/main/viewNoticeContent.html?noticeBean.id=593785,2019-09-06
湖北移动,中国移动湖北公司2019-2021年网站备案支撑服务_比选公告,https://b2b.10086.cn/b2b/main/viewNoticeContent.html?noticeBean.id=593804,2019-09-06
上海移动,中国移动上海公司上海市奉贤区城市管理行政执法局执法大队poc项目_比选公告,https://b2b.10086.cn/b2b/main/viewNoticeContent.html?noticeBean.id=593808,2019-09-06
研究院,研究院2019年仪器仪表采购项目（原十三标包至十五标包重新采购）_比选公告,https://b2b.10086.cn/b2b/main/viewNoticeContent.html?noticeBean.id=593809,2019-09-06
安徽移动,六安移动2019年市区营销中心安防监控设备_询价公告,https://b2b.10086.cn/b2b/main/viewNoticeContent.html?noticeBean.id=593815,2019-09-06
互联网公司,中移互联网有限公司2019-2020年市场环境和竞争态势调研公开比选项目_比选公告,https://b2b.10086.cn/b2b/main/viewNoticeContent.html?noticeBean.id=593816,2019-09-06
政企分公司,四川省九寨沟世界自然遗产大数据平台OUV信息化监测预警和综合评估模型设计咨询（中移全通）项目_比选公告,https://b2b.10086.cn/b2b/main/viewNoticeContent.html?noticeBean.id=593838,2019-09-06
内蒙移动,兴安分公司2019年微厅支撑运营项目_比选公告,https://b2b.10086.cn/b2b/main/viewNoticeContent.html?noticeBean.id=593839,2019-09-06
终端公司,四川分公司2019年9月-2020年9月家宽产品翻新项目_比选公告,https://b2b.10086.cn/b2b/main/viewNoticeContent.html?noticeBean.id=593850,2019-09-06
北京移动,中国移动北京公司2019-2021年手机营业厅运营支撑服务项目_比选公告,https://b2b.10086.cn/b2b/main/viewNoticeContent.html?noticeBean.id=593851,2019-09-06
终端公司,中国移动终端公司自有品牌智能音箱mini S2产品制造服务采购项目_比选公告,https://b2b.10086.cn/b2b/main/viewNoticeContent.html?noticeBean.id=593864,2019-09-06
山东移动,山东移动泰安分公司2019年东平政法委综治平台采购项目_比选公告,https://b2b.10086.cn/b2b/main/viewNoticeContent.html?noticeBean.id=593869,2019-09-06
新疆移动,阿克苏家客存量端口资源清查工具采购项目_比选采购_变更公告_(1),https://b2b.10086.cn/b2b/main/viewNoticeContent.html?noticeBean.id=593874,2019-09-06
政企分公司,湖南省总工会“互联网+工会”信息系统建设服务项目软件开发服务（中移全通）采购项目_比选公告,https://b2b.10086.cn/b2b/main/viewNoticeContent.html?noticeBean.id=593885,2019-09-06
西藏移动,中国移动西藏公司昌19年“宽带网络校校通”项目_比选公告,https://b2b.10086.cn/b2b/main/viewNoticeContent.html?noticeBean.id=593888,2019-09-06
西藏移动,中国移动西藏公司拉萨、日喀则2018年存量基站电源（第二批）整治项目油浸式变压器及其施工采购_比选公告,https://b2b.10086.cn/b2b/main/viewNoticeContent.html?noticeBean.id=593889,2019-09-06
青海移动,青海移动2019年存量运营支撑项目_比选公告,https://b2b.10086.cn/b2b/main/viewNoticeContent.html?noticeBean.id=593895,2019-09-06
辽宁移动,中国移动辽宁公司位置服务中心2019-2020年招聘支撑服务项目_比选公告,https://b2b.10086.cn/b2b/main/viewNoticeContent.html?noticeBean.id=593896,2019-09-06
终端公司,中国移动终端公司数字化供应链公共服务平台设备项目_比选公告,https://b2b.10086.cn/b2b/main/viewNoticeContent.html?noticeBean.id=593900,2019-09-06
设计院,2019年中国移动精准扶贫模式研究咨询服务采购项目_比选公告,https://b2b.10086.cn/b2b/main/viewNoticeContent.html?noticeBean.id=593904,2019-09-06
贵州移动,2019年安顺分公司市场销售部客户满意度技术服务项目_比选公告,https://b2b.10086.cn/b2b/main/viewNoticeContent.html?noticeBean.id=593926,2019-09-06
上海研究院,中移上海产业研究院2019年私有云建设工程GPU服务器采购_比选公告,https://b2b.10086.cn/b2b/main/viewNoticeContent.html?noticeBean.id=593929,2019-09-06
甘肃移动,中国移动甘肃公司嘉峪关S215道路视频监控安防系统采购项目_竞争性谈判采购公告,https://b2b.10086.cn/b2b/main/viewNoticeContent.html?noticeBean.id=593932,2019-09-06
黑龙江移动,黑龙江移动2019-2021年哈尔滨营业厅业务外包合作商采购项目_比选公告,https://b2b.10086.cn/b2b/main/viewNoticeContent.html?noticeBean.id=593933,2019-09-06
河南移动,中国移动河南公司安阳分公司安阳市农村土地承包经营权管理信息系统租赁服务合作伙伴引入采购项目_采购公告,https://b2b.10086.cn/b2b/main/viewNoticeContent.html?noticeBean.id=593937,2019-09-06
海南移动,中国移动海南公司2019-2020年僵木蠕检测系统扩容项目_招标公告,https://b2b.10086.cn/b2b/main/viewNoticeContent.html?noticeBean.id=593939,2019-09-06
物联网公司,农业管理平台开发服务项目_采购公告,https://b2b.10086.cn/b2b/main/viewNoticeContent.html?noticeBean.id=593941,2019-09-06
北京移动,中国移动北京公司2019-2022年度税务信息支撑服务项目_比选公告,https://b2b.10086.cn/b2b/main/viewNoticeContent.html?noticeBean.id=593946,2019-09-06
内蒙移动,中国移动内蒙古公司呼和浩特分公司2019年工程建设部购置机电职业学院等30个小区家宽接入资源项目_招标公告,https://b2b.10086.cn/b2b/main/viewNoticeContent.html?noticeBean.id=593958,2019-09-06
海南移动,中国移动海南公司2019年电梯轿厢智能屏广告项目_询价公告,https://b2b.10086.cn/b2b/main/viewNoticeContent.html?noticeBean.id=593959,2019-09-06
政企分公司,2019年云南省财政厅容灾备份双中心云平台软件订阅与保障服务（中移全通）采购项目_比选公告,https://b2b.10086.cn/b2b/main/viewNoticeContent.html?noticeBean.id=593968,2019-09-06
