采购单位,标题,链接,发标日期
铁通公司,中移铁通陕西分公司2019-2021年车辆GPS终端及平台租赁服务采购项目_比选公告,https://b2b.10086.cn/b2b/main/viewNoticeContent.html?noticeBean.id=567695,2019-06-05
安徽移动,2019年池州移动污水处理视频监控系统的采购项目_询价公告,https://b2b.10086.cn/b2b/main/viewNoticeContent.html?noticeBean.id=567722,2019-06-05
湖北移动,中国移动湖北公司荆门分公司社区矫正移动定位监督管理系统维保服务项目_比选公告,https://b2b.10086.cn/b2b/main/viewNoticeContent.html?noticeBean.id=567724,2019-06-05
山东移动,山东移动济宁分公司2019年山东媒世界文化发展有限公司直播平台采购项目_比选公告,https://b2b.10086.cn/b2b/main/viewNoticeContent.html?noticeBean.id=567726,2019-06-05
互联网公司,中移互联网有限公司2019年和彩云运营支撑公开比选项目_比选公告,https://b2b.10086.cn/b2b/main/viewNoticeContent.html?noticeBean.id=567748,2019-06-05
江苏移动,中国移动江苏公司信息技术中心2019－2020年业务支撑系统项目监测服务项目_比选公告,https://b2b.10086.cn/b2b/main/viewNoticeContent.html?noticeBean.id=567750,2019-06-05
内蒙移动,2019年巴彦淖尔分公司临河区双河镇跃进一组等14个村社开展宽带业务合作项目采购_采购公告,https://b2b.10086.cn/b2b/main/viewNoticeContent.html?noticeBean.id=567756,2019-06-05
内蒙移动,2019年巴彦淖尔分公司五原隆兴昌镇新福村、五原隆兴昌镇新兴村一社等宽带三方合作事项_采购公告,https://b2b.10086.cn/b2b/main/viewNoticeContent.html?noticeBean.id=567757,2019-06-05
信安中心,中国移动网络安全战略信息收集与分析咨询服务项目_比选公告,https://b2b.10086.cn/b2b/main/viewNoticeContent.html?noticeBean.id=567759,2019-06-05
信安中心,信息安全合规管理支撑服务（2019年）项目_比选公告,https://b2b.10086.cn/b2b/main/viewNoticeContent.html?noticeBean.id=567760,2019-06-05
信安中心,大数据安全评估体系关键技术研究及评测支撑项目_比选公告,https://b2b.10086.cn/b2b/main/viewNoticeContent.html?noticeBean.id=567761,2019-06-05
总部,中国移动投资总量和分专业、分单位投资管控方法及体系研究_比选公告,https://b2b.10086.cn/b2b/main/viewNoticeContent.html?noticeBean.id=567772,2019-06-05
云南移动,中国移动云南公司昭通分公司新租用仓库2019年视屏监控系统服务项目_比选公告,https://b2b.10086.cn/b2b/main/viewNoticeContent.html?noticeBean.id=567781,2019-06-05
西藏移动,中国移动西藏公司阿里分公司2019年办公设备及会议系统维修维保项目_比选公告,https://b2b.10086.cn/b2b/main/viewNoticeContent.html?noticeBean.id=567788,2019-06-05
终端公司,四川终端2019-2020存量客户终端保障服务项目（2）_比选公告,https://b2b.10086.cn/b2b/main/viewNoticeContent.html?noticeBean.id=567797,2019-06-05
重庆移动,2019年世界移动大会（上海） 客户出行采购_询价公告,https://b2b.10086.cn/b2b/main/viewNoticeContent.html?noticeBean.id=567802,2019-06-05
咪咕公司,2019年咪咕互娱云游戏技术调研规划及快游戏版权内容咨询项目_比选公告,https://b2b.10086.cn/b2b/main/viewNoticeContent.html?noticeBean.id=567803,2019-06-05
江西移动,景德镇移动 2019年行政楼五楼会议系统改造项目_询价公告,https://b2b.10086.cn/b2b/main/viewNoticeContent.html?noticeBean.id=567804,2019-06-05
重庆移动,2019年涪陵片区（涪陵、武隆）集客维护服务项目_比选公告,https://b2b.10086.cn/b2b/main/viewNoticeContent.html?noticeBean.id=567805,2019-06-05
黑龙江移动,黑龙江移动2019-2020年网络管理部艾默生动环监控、开关电源、UPS、机房专用空调设备维修服务_比选公告,https://b2b.10086.cn/b2b/main/viewNoticeContent.html?noticeBean.id=567806,2019-06-05
黑龙江移动,哈尔滨数据中心蓄电池核对性放电测试服务采购项目_比选公告,https://b2b.10086.cn/b2b/main/viewNoticeContent.html?noticeBean.id=567813,2019-06-05
黑龙江移动,黑龙江移动2019-2020年网络管理部基站小型发电机组设备维修服务采购项目_比选公告,https://b2b.10086.cn/b2b/main/viewNoticeContent.html?noticeBean.id=567817,2019-06-05
黑龙江移动,黑龙江移动2019-2020年网络管理部雷乐士、索科曼、中达UPS设备维修服务采购项目_比选公告,https://b2b.10086.cn/b2b/main/viewNoticeContent.html?noticeBean.id=567818,2019-06-05
陕西移动,陕西移动宝鸡分公司12345运营支撑项目_比选公告,https://b2b.10086.cn/b2b/main/viewNoticeContent.html?noticeBean.id=567823,2019-06-05
黑龙江移动,黑龙江移动2019-2020年网络管理部基站空调、新风、佳力图机房空调、水冷机组及补偿柜设备维保服务采购项目_比选公告,https://b2b.10086.cn/b2b/main/viewNoticeContent.html?noticeBean.id=567825,2019-06-05
