采购单位,标题,链接,发标日期
四川移动,中国移动四川公司2020-2021年承载网、互联网内容运营技术支持服务项目_比选公告,https://b2b.10086.cn/b2b/main/viewNoticeContent.html?noticeBean.id=623312,2019-12-19
重庆移动,关于采购2019年传输维护仪器仪表的申请_招标公告,https://b2b.10086.cn/b2b/main/viewNoticeContent.html?noticeBean.id=623313,2019-12-19
广东移动,中国移动广东公司2020年广东5G 生活运营支撑（标段三）公开比选项目_比选公告,https://b2b.10086.cn/b2b/main/viewNoticeContent.html?noticeBean.id=623319,2019-12-19
四川移动,中国移动四川公司2019年德阳5G行业应用支撑服务项目_采购公告,https://b2b.10086.cn/b2b/main/viewNoticeContent.html?noticeBean.id=623321,2019-12-19
政企分公司,宁夏离退休干部服务管理平台开发服务（中移全通）采购项目_比选公告,https://b2b.10086.cn/b2b/main/viewNoticeContent.html?noticeBean.id=623326,2019-12-19
江苏移动,中国移动江苏公司采购宿迁市公务用车调度平台等保测评服务项目_采购公告,https://b2b.10086.cn/b2b/main/viewNoticeContent.html?noticeBean.id=623337,2019-12-19
终端公司,中国移动终端公司2020年1月-2021年12月EAP咨询项目_比选公告,https://b2b.10086.cn/b2b/main/viewNoticeContent.html?noticeBean.id=623349,2019-12-19
福建移动,福建移动通信技术研发项目消防设施检测技术服务（第二次）_比选公告,https://b2b.10086.cn/b2b/main/viewNoticeContent.html?noticeBean.id=623376,2019-12-19
政企分公司,四川省遂宁市船山区融媒体一体化平台开发服务（中移全通）采购项目_比选公告,https://b2b.10086.cn/b2b/main/viewNoticeContent.html?noticeBean.id=623387,2019-12-19
浙江移动,中国移动浙江公司2019年智能来电助手平台建设项目_招标公告,https://b2b.10086.cn/b2b/main/viewNoticeContent.html?noticeBean.id=623413,2019-12-19
江苏移动,中国移动江苏公司徐州分公司矿山路机房楼气体灭火系统检测及气体更换项目_询价公告,https://b2b.10086.cn/b2b/main/viewNoticeContent.html?noticeBean.id=623433,2019-12-19
