采购单位,标题,链接,发标日期
安徽移动,2019年安徽移动省本部空调系统维修改造采购项目_询价公告,https://b2b.10086.cn/b2b/main/viewNoticeContent.html?noticeBean.id=602568,2019-10-15
苏州研发中心,苏州研发中心2019年员工体检项目（苏州地区）_比选公告,https://b2b.10086.cn/b2b/main/viewNoticeContent.html?noticeBean.id=602584,2019-10-15
江苏移动,中国移动江苏公司关于无锡分公司宣传片拍摄与制作（文明创建等专题视频制作服务）的采购项目_比选公告,https://b2b.10086.cn/b2b/main/viewNoticeContent.html?noticeBean.id=602597,2019-10-15
研究院,研究院2019年-2022年（三年期）所属机构财务检查咨询服务_比选公告,https://b2b.10086.cn/b2b/main/viewNoticeContent.html?noticeBean.id=602608,2019-10-15
在线服务公司,在线服务公司湖南分公司2020-2022年东屯渡餐厅运营服务及食材采购项目_比选公告,https://b2b.10086.cn/b2b/main/viewNoticeContent.html?noticeBean.id=602614,2019-10-15
杭州研发中心,中移（杭州）信息技术有限公司2019年软件著作权申请代理服务询价公告_采购公告,https://b2b.10086.cn/b2b/main/viewNoticeContent.html?noticeBean.id=602627,2019-10-15
北京移动,中国移动北京公司营销宣传活动支撑服务采购项目_比选公告,https://b2b.10086.cn/b2b/main/viewNoticeContent.html?noticeBean.id=602628,2019-10-15
政企分公司,福建省泉工e家网上工会平台困难帮扶系统建设（中移全通）采购项目_比选公告,https://b2b.10086.cn/b2b/main/viewNoticeContent.html?noticeBean.id=602653,2019-10-15
内蒙移动,中国移动内蒙古公司2019年互联网会员权益联合营销采购项目（2）_询价公告,https://b2b.10086.cn/b2b/main/viewNoticeContent.html?noticeBean.id=602659,2019-10-15
苏州研发中心,苏州研发中心2019年UIUE设计软件采购项目_询价公告,https://b2b.10086.cn/b2b/main/viewNoticeContent.html?noticeBean.id=602670,2019-10-15
在线服务公司,在线新疆分公司2019-2020年外拓产品客户交流活动支撑服务项目（5）_比选公告,https://b2b.10086.cn/b2b/main/viewNoticeContent.html?noticeBean.id=602684,2019-10-15
四川移动,中国移动四川公司2019年5G及家庭业务运营支撑项目_比选公告,https://b2b.10086.cn/b2b/main/viewNoticeContent.html?noticeBean.id=602694,2019-10-15
浙江移动,中国移动浙江公司2019年度专业公司及直属单位管理会计COA服务_比选公告,https://b2b.10086.cn/b2b/main/viewNoticeContent.html?noticeBean.id=602697,2019-10-15
政企分公司,广东佛山张槎街道水雨情遥测系统建设（中移全通）采购项目(2)_比选公告,https://b2b.10086.cn/b2b/main/viewNoticeContent.html?noticeBean.id=602703,2019-10-15
甘肃移动,中国移动甘肃公司2019年三代CRM二期扩容工程业务一体化配置开发软件采购项目_招标公告,https://b2b.10086.cn/b2b/main/viewNoticeContent.html?noticeBean.id=602711,2019-10-15
