采购单位,标题,链接,发标日期
江苏移动,中国移动江苏公司苏州分公司集团大数据精确营销产品短信通道服务项目项目_比选公告,https://b2b.10086.cn/b2b/main/viewNoticeContent.html?noticeBean.id=579324,2019-07-17
物联网公司,智能美妆镜自主研发项目—AI人脸识别服务license采购项目_比选公告,https://b2b.10086.cn/b2b/main/viewNoticeContent.html?noticeBean.id=579334,2019-07-17
山东移动,山东移动菏泽分公司2019年郓城县自然资源和规划局考勤平台采购项目_比选公告,https://b2b.10086.cn/b2b/main/viewNoticeContent.html?noticeBean.id=579352,2019-07-17
山东移动,山东移动2019年智汇随身厅语音接入模块开发采购项目_招标公告,https://b2b.10086.cn/b2b/main/viewNoticeContent.html?noticeBean.id=579372,2019-07-17
政企分公司,安徽省蚌埠移动集团客户电子开评标系统（中移全通）采购项目_比选公告,https://b2b.10086.cn/b2b/main/viewNoticeContent.html?noticeBean.id=579380,2019-07-17
西藏移动,中国移动西藏日喀则分公司集团客户部关于开展智能手机维修个性化服务营销方案项目_比选公告,https://b2b.10086.cn/b2b/main/viewNoticeContent.html?noticeBean.id=579388,2019-07-17
江苏移动,中国移动江苏公司关于江阴移动长江路营业厅智能化设计施工改造项目_比选公告,https://b2b.10086.cn/b2b/main/viewNoticeContent.html?noticeBean.id=579410,2019-07-17
陕西移动,2019-2020年办公桌面电话系统维保服务项目_比选公告,https://b2b.10086.cn/b2b/main/viewNoticeContent.html?noticeBean.id=579435,2019-07-17
