采购单位,标题,链接,发标日期
河北移动,中国移动河北公司承德移动2020年营业厅联网报警系统维保服务项目项目_比选公告,https://b2b.10086.cn/b2b/main/viewNoticeContent.html?noticeBean.id=619748,2019-12-10
湖南移动,湖南移动IT云机电配套市电引入及高低压变配电设备安装项目_比选公告,https://b2b.10086.cn/b2b/main/viewNoticeContent.html?noticeBean.id=619778,2019-12-10
江苏移动,中国移动江苏公司六合9-1综合业务区机房购置项目_采购变更公告(1),https://b2b.10086.cn/b2b/main/viewNoticeContent.html?noticeBean.id=619812,2019-12-10
江苏移动,中国移动江苏公司六合17-2综合业务区机房购置项目_采购变更公告(1),https://b2b.10086.cn/b2b/main/viewNoticeContent.html?noticeBean.id=619813,2019-12-10
江苏移动,中国移动江苏公司连云港市东海县曹浦综合业务接入区节点机房购置项目_采购变更公告(1),https://b2b.10086.cn/b2b/main/viewNoticeContent.html?noticeBean.id=619824,2019-12-10
河北移动,中国移动河北公司中国移动通信集团河北有限公司衡水分公司12月份ICT合作服务模式业务合作商招募项目项目_采购公告,https://b2b.10086.cn/b2b/main/viewNoticeContent.html?noticeBean.id=619825,2019-12-10
铁通公司,中移铁通贵州分公司2020-2022年快递业务服务项目_比选公告,https://b2b.10086.cn/b2b/main/viewNoticeContent.html?noticeBean.id=619831,2019-12-10
铁通公司,中移铁通河南分公司经营车辆采购项目_比选公告,https://b2b.10086.cn/b2b/main/viewNoticeContent.html?noticeBean.id=619888,2019-12-10
江苏移动,中国移动江苏公司2019-2020年南京公司5G医疗及政务业务宣传展示活动项目项目_比选公告,https://b2b.10086.cn/b2b/main/viewNoticeContent.html?noticeBean.id=619896,2019-12-10
成都研究院,中移（成都）信息通信科技有限公司2019年云资源池平台工程项目（第一批）_比选公告,https://b2b.10086.cn/b2b/main/viewNoticeContent.html?noticeBean.id=619903,2019-12-10
四川移动,中国移动四川公司2019年业务支撑系统分析域分公司驻地数据统计技术支撑服务采购项目_比选公告,https://b2b.10086.cn/b2b/main/viewNoticeContent.html?noticeBean.id=619914,2019-12-10
山东移动,山东移动济南开发区孙村机房防静电服采购项目_采购公告,https://b2b.10086.cn/b2b/main/viewNoticeContent.html?noticeBean.id=619918,2019-12-10
江苏移动,中国移动江苏公司2020年-2021年苏州分公司业务宣传物料制作项目_比选公告,https://b2b.10086.cn/b2b/main/viewNoticeContent.html?noticeBean.id=619926,2019-12-10
西藏移动,中国移动西藏公司区19年新生产调度大楼视讯会议系统项目_比选公告,https://b2b.10086.cn/b2b/main/viewNoticeContent.html?noticeBean.id=619933,2019-12-10
广东移动,中国移动广东公司广东公司防骚扰诈骗电话提醒平台三期工程诈骗电话识别系统公开招标项目_招标公告,https://b2b.10086.cn/b2b/main/viewNoticeContent.html?noticeBean.id=619938,2019-12-10
咪咕公司,咪咕视讯魔百和业务平台一期工程甘肃IPTV分省平台四期单项工程虚拟化软件采购_比选公告,https://b2b.10086.cn/b2b/main/viewNoticeContent.html?noticeBean.id=619944,2019-12-10
江苏移动,中国移动江苏公司关于无锡分公司2019年IDC第三方质量测试评估服务(数据平台业务测试)的采购项目项目_比选公告,https://b2b.10086.cn/b2b/main/viewNoticeContent.html?noticeBean.id=619981,2019-12-10
四川移动,中国移动四川公司数据中心一期等项目竣工环境保护验收服务项目_比选公告,https://b2b.10086.cn/b2b/main/viewNoticeContent.html?noticeBean.id=619985,2019-12-10
