采购单位,标题,链接,发标日期
安徽移动,安徽移动支撑网安全改造十二期工程APT检测工具软件采购项目_比选公告,https://b2b.10086.cn/b2b/main/viewNoticeContent.html?noticeBean.id=624507,2019-12-23
河南移动,河南移动2019年网络安全实训平台研发项目采购项目_招标公告,https://b2b.10086.cn/b2b/main/viewNoticeContent.html?noticeBean.id=624545,2019-12-23
设计院,2019年设计院3D设计软件采购项目_询价公告,https://b2b.10086.cn/b2b/main/viewNoticeContent.html?noticeBean.id=624548,2019-12-23
福建移动,2019年泉州移动市区集团客户手机终端维修服务项目_询价公告,https://b2b.10086.cn/b2b/main/viewNoticeContent.html?noticeBean.id=624555,2019-12-23
辽宁移动,锦州分公司2020年电梯维护保养服务采购项目_采购公告,https://b2b.10086.cn/b2b/main/viewNoticeContent.html?noticeBean.id=624584,2019-12-23
山东移动,山东移动2019年潍坊分公司敬姜恒昌农业公司乐万家APP平台采购项目_询价公告,https://b2b.10086.cn/b2b/main/viewNoticeContent.html?noticeBean.id=624585,2019-12-23
山东移动,山东移动2019年潍坊分公司寿光渤海双语学校一卡通公话平台采购项目_单一来源采购公告,https://b2b.10086.cn/b2b/main/viewNoticeContent.html?noticeBean.id=624587,2019-12-23
山东移动,山东移动2019年东营分公司垦利区云桌面平台设备采购项目_比选公告,https://b2b.10086.cn/b2b/main/viewNoticeContent.html?noticeBean.id=624588,2019-12-23
江苏移动,中国移动江苏公司家宽用户户内组网感知测试工具项目_比选公告,https://b2b.10086.cn/b2b/main/viewNoticeContent.html?noticeBean.id=624593,2019-12-23
贵州移动,2020-2021年市场部全省业务运营支撑服务项目_比选公告,https://b2b.10086.cn/b2b/main/viewNoticeContent.html?noticeBean.id=624601,2019-12-23
终端公司,云南分公司2020-2021年开展车辆驾驶业务外包项目_比选公告,https://b2b.10086.cn/b2b/main/viewNoticeContent.html?noticeBean.id=624602,2019-12-23
黑龙江移动,黑龙江移动2020年-2021年智能硬件资金物流平台代理商采购项目_比选公告,https://b2b.10086.cn/b2b/main/viewNoticeContent.html?noticeBean.id=624609,2019-12-23
山东移动,山东移动2019年临沂分公司平邑县卫生应急处置软件平台采购项目_比选公告,https://b2b.10086.cn/b2b/main/viewNoticeContent.html?noticeBean.id=624612,2019-12-23
上海移动,中国移动上海公司2019年上海移动路网通升级扩容工程软件服务_比选公告,https://b2b.10086.cn/b2b/main/viewNoticeContent.html?noticeBean.id=624615,2019-12-23
