采购单位,标题,链接,发标日期
广东移动,中国移动广东公司2019-2020年中国移动“移动云”产品优化及售前支撑服务公开比选项目（南方基地）_比选公告,https://b2b.10086.cn/b2b/main/viewNoticeContent.html?noticeBean.id=616470,2019-12-02
北京移动, 鼎基公寓综合业务区1号业务汇聚区机房租赁项目 _采购公告,https://b2b.10086.cn/b2b/main/viewNoticeContent.html?noticeBean.id=616483,2019-12-02
河北移动,中国移动河北公司中国移动通信集团河北有限公司邯郸分公司“ICT业务合作模式”合作商招募项目第二批项目_采购公告,https://b2b.10086.cn/b2b/main/viewNoticeContent.html?noticeBean.id=616493,2019-12-02
北京移动,下纸寨综合业务区2号业务汇聚区机房租赁项目       _采购公告,https://b2b.10086.cn/b2b/main/viewNoticeContent.html?noticeBean.id=616496,2019-12-02
江苏移动,中国移动江苏公司江宁11综合业务区机房购置项目_采购公告,https://b2b.10086.cn/b2b/main/viewNoticeContent.html?noticeBean.id=616513,2019-12-02
新疆移动,克州分公司2020-2021年电梯维护保养项目_比选公告,https://b2b.10086.cn/b2b/main/viewNoticeContent.html?noticeBean.id=616534,2019-12-02
研究院,SD-CPE原型系统开发_比选公告,https://b2b.10086.cn/b2b/main/viewNoticeContent.html?noticeBean.id=616540,2019-12-02
中移金科,和包智慧食堂支付设备采购项目（采购包2—智能扫码机）_比选公告,https://b2b.10086.cn/b2b/main/viewNoticeContent.html?noticeBean.id=616548,2019-12-02
河南移动,河南移动2019年数据安全管理考核评估服务项目_比选公告,https://b2b.10086.cn/b2b/main/viewNoticeContent.html?noticeBean.id=616564,2019-12-02
江苏移动,中国移动江苏公司溧水13综合业务区机房购置项目_采购公告,https://b2b.10086.cn/b2b/main/viewNoticeContent.html?noticeBean.id=616579,2019-12-02
信安中心,不良信息治理及效果评估支撑服务-不良信息处置及信息安全评估支撑服务项目_比选公告,https://b2b.10086.cn/b2b/main/viewNoticeContent.html?noticeBean.id=616580,2019-12-02
山东移动,山东移动泰安分公司2019年东平光源热电暖气收费系统采购项目_比选公告,https://b2b.10086.cn/b2b/main/viewNoticeContent.html?noticeBean.id=616581,2019-12-02
福建移动,2019年龙岩移动办公大楼停车管理系统改造项目_询价公告,https://b2b.10086.cn/b2b/main/viewNoticeContent.html?noticeBean.id=616583,2019-12-02
河北移动,中国移动河北公司承德移动2020年营业厅联网报警系统维保服务项目项目_比选公告,https://b2b.10086.cn/b2b/main/viewNoticeContent.html?noticeBean.id=616586,2019-12-02
江苏移动,中国移动江苏公司溧水14综合业务区机房购置项目_采购公告,https://b2b.10086.cn/b2b/main/viewNoticeContent.html?noticeBean.id=616592,2019-12-02
湖南移动,株洲分公司市场营销活动及网络维护租用车辆服务项目_比选公告,https://b2b.10086.cn/b2b/main/viewNoticeContent.html?noticeBean.id=616594,2019-12-02
信安中心,不良信息治理及效果评估支撑服务-手机恶意软件趋势分析及联动治理服务_比选公告,https://b2b.10086.cn/b2b/main/viewNoticeContent.html?noticeBean.id=616595,2019-12-02
河北移动,中国移动河北公司承德移动公司ICT业务合作商招募方案项目_采购公告,https://b2b.10086.cn/b2b/main/viewNoticeContent.html?noticeBean.id=616601,2019-12-02
江苏移动,中国移动江苏公司西19综合业务区机房购置项目_采购公告,https://b2b.10086.cn/b2b/main/viewNoticeContent.html?noticeBean.id=616602,2019-12-02
苏州研发中心,苏州研发中心2020-2021年员工补充医疗保险管理服务采购_比选公告,https://b2b.10086.cn/b2b/main/viewNoticeContent.html?noticeBean.id=616603,2019-12-02
江苏移动,中国移动江苏公司江宁18综合业务区机房购置项目_采购公告,https://b2b.10086.cn/b2b/main/viewNoticeContent.html?noticeBean.id=616606,2019-12-02
河北移动,中国移动河北公司中国移动通信集团河北有限公司秦皇岛分公司ICT业务合作商招募项目项目_采购公告,https://b2b.10086.cn/b2b/main/viewNoticeContent.html?noticeBean.id=616610,2019-12-02
互联网公司,中移互联网有限公司2020年统一认证运营支撑公开比选项目_比选公告,https://b2b.10086.cn/b2b/main/viewNoticeContent.html?noticeBean.id=616618,2019-12-02
北京移动,中国移动北京公司政企客户部2019-2022年互联网备案信息稽核服务项目_比选公告,https://b2b.10086.cn/b2b/main/viewNoticeContent.html?noticeBean.id=616622,2019-12-02
西藏移动,中国移动西藏公司网络部2019年家客预覆盖验收质检支撑服务项目_比选公告,https://b2b.10086.cn/b2b/main/viewNoticeContent.html?noticeBean.id=616638,2019-12-02
安徽移动,合肥移动2019-2021年度客户服务支撑采购项目_比选公告,https://b2b.10086.cn/b2b/main/viewNoticeContent.html?noticeBean.id=616653,2019-12-02
中移金科,“和包”云平台三期扩容工程分布式数据库采购项目_比选公告,https://b2b.10086.cn/b2b/main/viewNoticeContent.html?noticeBean.id=616660,2019-12-02
江苏移动,中国移动江苏公司关于无锡分公司物业设施（太科园四号楼IDC业务展示角沙盘）的采购项目_比选公告,https://b2b.10086.cn/b2b/main/viewNoticeContent.html?noticeBean.id=616672,2019-12-02
