采购单位,标题,链接,发标日期
政企分公司,湖南省交通厅高速公路大数据项目技术开发服务(中移全通)采购项目_比选公告,https://b2b.10086.cn/b2b/main/viewNoticeContent.html?noticeBean.id=586899,2019-08-13
福建移动,惠安移动政企市场商客经理队伍公开招募_采购公告,https://b2b.10086.cn/b2b/main/viewNoticeContent.html?noticeBean.id=586902,2019-08-13
山东移动,山东移动2019年临沂分公司蒙阴交警高清智能监控平台采购项目_招标公告,https://b2b.10086.cn/b2b/main/viewNoticeContent.html?noticeBean.id=586914,2019-08-13
终端公司,内蒙古分公司华为系列、畅享系列、荣耀系列双系统终端供应商引入采购项目_询价公告,https://b2b.10086.cn/b2b/main/viewNoticeContent.html?noticeBean.id=586927,2019-08-13
安徽移动,马鞍山公司市区营销中心2019年部分自有房产招商项目_采购变更公告（1）,https://b2b.10086.cn/b2b/main/viewNoticeContent.html?noticeBean.id=586948,2019-08-13
物联网公司,关于智能音箱二期开发项目生产和家悦智能音箱M5手板_采购公告,https://b2b.10086.cn/b2b/main/viewNoticeContent.html?noticeBean.id=586965,2019-08-13
黑龙江移动,黑龙江移动哈尔滨分公司移动警务终端和安全智能TF卡采购项目_询价公告,https://b2b.10086.cn/b2b/main/viewNoticeContent.html?noticeBean.id=586969,2019-08-13
北京移动,中国移动北京公司2019年政企客户承载策略研究咨询项目_比选公告,https://b2b.10086.cn/b2b/main/viewNoticeContent.html?noticeBean.id=586978,2019-08-13
广东移动,中国移动广东公司2019年充值业务运营支撑公开比选项目_比选公告,https://b2b.10086.cn/b2b/main/viewNoticeContent.html?noticeBean.id=586981,2019-08-13
天津移动,中国移动天津公司2019年和包业务服务合作商引入项目_比选公告,https://b2b.10086.cn/b2b/main/viewNoticeContent.html?noticeBean.id=587017,2019-08-13
信息技术公司,2019-2021年信息系统审计服务框架采购_比选公告,https://b2b.10086.cn/b2b/main/viewNoticeContent.html?noticeBean.id=587021,2019-08-13
总部,中国移动2019年面向下一代网络的网业协同体系及客响机制研究项目采购_比选公告,https://b2b.10086.cn/b2b/main/viewNoticeContent.html?noticeBean.id=587023,2019-08-13
浙江移动,中国移动浙江公司产业园动力系统三期项目10KV自动切换开关设备施工及变压器继电保护装置、110KV变电站备用后台监控系统采购项目_比选公告,https://b2b.10086.cn/b2b/main/viewNoticeContent.html?noticeBean.id=587028,2019-08-13
