采购单位,标题,链接,发标日期
内蒙移动,乌市分公司恒大绿洲等30个小区家宽接入资源购置项目_招标公告,https://b2b.10086.cn/b2b/main/viewNoticeContent.html?noticeBean.id=613038,2019-11-21
互联网公司,中移互联网有限公司2020-2021年网络与业务质量服务支撑公开比选项目_比选公告,https://b2b.10086.cn/b2b/main/viewNoticeContent.html?noticeBean.id=613042,2019-11-21
互联网公司,中移互联网有限公司2020-2021年管理支撑系统技术支撑公开比选项目_比选公告,https://b2b.10086.cn/b2b/main/viewNoticeContent.html?noticeBean.id=613043,2019-11-21
安徽移动,淮北公司政企部烈山区人民政府等网站维护项目信息化集成服务_采购公告,https://b2b.10086.cn/b2b/main/viewNoticeContent.html?noticeBean.id=613045,2019-11-21
江苏移动,中国移动江苏公司西18-1综合业务区机房购置项目_采购公告,https://b2b.10086.cn/b2b/main/viewNoticeContent.html?noticeBean.id=613073,2019-11-21
江苏移动,中国移动江苏公司浦口6-2-CRAN1或6-1-CRAN1业务区机房购置项目_采购公告,https://b2b.10086.cn/b2b/main/viewNoticeContent.html?noticeBean.id=613075,2019-11-21
江苏移动,中国移动江苏公司常州分公司2020年生产经营用车长期租赁项目_比选公告,https://b2b.10086.cn/b2b/main/viewNoticeContent.html?noticeBean.id=613076,2019-11-21
江苏移动,中国移动江苏公司常州分公司2019-2021年业务宣传活动（视频内容运营）采购项目_比选公告,https://b2b.10086.cn/b2b/main/viewNoticeContent.html?noticeBean.id=613077,2019-11-21
湖南移动,张家界市委组织部智慧党建ICT项目（坐班监督系统）_比选公告,https://b2b.10086.cn/b2b/main/viewNoticeContent.html?noticeBean.id=613088,2019-11-21
福建移动,2019-2021年集团客户服务活动支撑采购项目_比选公告,https://b2b.10086.cn/b2b/main/viewNoticeContent.html?noticeBean.id=613089,2019-11-21
江苏移动,中国移动江苏公司大唐人家综合业务接入区汇聚机房购置项目_采购变更公告(1),https://b2b.10086.cn/b2b/main/viewNoticeContent.html?noticeBean.id=613091,2019-11-21
云南移动,中国移动云南公司2019年合作伙伴数据安全合规性检查支撑服务_竞争性谈判采购公告,https://b2b.10086.cn/b2b/main/viewNoticeContent.html?noticeBean.id=613121,2019-11-21
陕西移动,陕西移动汉中分公司调度监控中心大屏、云设备集成系统采购项目_比选公告,https://b2b.10086.cn/b2b/main/viewNoticeContent.html?noticeBean.id=613165,2019-11-21
研究院,中国移动对外技术合作管理体系顶层设计咨询服务_比选公告,https://b2b.10086.cn/b2b/main/viewNoticeContent.html?noticeBean.id=613176,2019-11-21
浙江移动,中国移动浙江公司2019年度政企市场技术发展和运营体系架构研究技术支持服务_比选公告,https://b2b.10086.cn/b2b/main/viewNoticeContent.html?noticeBean.id=613184,2019-11-21
信息港中心,中国移动通信有限公司信息港中心2020-2021年EAP咨询服务（第二次）_比选公告,https://b2b.10086.cn/b2b/main/viewNoticeContent.html?noticeBean.id=613188,2019-11-21
铁通公司,铁通天津滨海支撑服务中心生产调度用房装饰装修施工服务采购_比选公告,https://b2b.10086.cn/b2b/main/viewNoticeContent.html?noticeBean.id=613189,2019-11-21
北京移动,中国移动北京公司云业务安全服务项目_比选公告,https://b2b.10086.cn/b2b/main/viewNoticeContent.html?noticeBean.id=613199,2019-11-21
江苏移动,中国移动江苏公司君悦大酒店综合业务接入区汇聚机房购置项目项目_采购公告,https://b2b.10086.cn/b2b/main/viewNoticeContent.html?noticeBean.id=613205,2019-11-21
浙江移动,中国移动宁波分公司智能经济与智慧城市体验馆5G升级项目_比选公告,https://b2b.10086.cn/b2b/main/viewNoticeContent.html?noticeBean.id=613212,2019-11-21
物联网公司,开放平台资源池六期扩容二阶段增补建设项目（服务器GPU卡）_询价公告,https://b2b.10086.cn/b2b/main/viewNoticeContent.html?noticeBean.id=613217,2019-11-21
安徽移动,芜湖移动宏春木业集团有限公司数字监管平台项目_采购公告,https://b2b.10086.cn/b2b/main/viewNoticeContent.html?noticeBean.id=613232,2019-11-21
