采购单位,标题,链接,发标日期
四川移动,中国移动四川公司全省市州分公司2019-2022年管理用房及生产枢纽公共区域零星维修服务项目（标包18：遂宁）_比选公告,https://b2b.10086.cn/b2b/main/viewNoticeContent.html?noticeBean.id=556930,2019-04-25
四川移动,中国移动四川公司全省市州分公司2019-2022年管理用房及生产枢纽楼公共区域零星维修服务项目（标包10：泸州）_比选公告,https://b2b.10086.cn/b2b/main/viewNoticeContent.html?noticeBean.id=556957,2019-04-25
四川移动,中国移动四川公司全省市州分公司2019-2022年管理用房及生产枢纽楼公共区域零星维修服务项目(标包6：乐山)_比选公告,https://b2b.10086.cn/b2b/main/viewNoticeContent.html?noticeBean.id=556963,2019-04-25
四川移动,中国移动四川公司全省市州分公司2019-2022年管理用房及生产枢纽楼公共区域零星维修服务项目（标包8：达州）_比选公告,https://b2b.10086.cn/b2b/main/viewNoticeContent.html?noticeBean.id=556967,2019-04-25
四川移动,中国移动四川公司全省市州分公司2019-2022年管理用房及生产枢纽楼公共区域零星维修服务项目（标包19：甘孜）_比选公告,https://b2b.10086.cn/b2b/main/viewNoticeContent.html?noticeBean.id=556972,2019-04-25
四川移动,中国移动四川公司全省市州分公司2019-2022年管理用房及生产枢纽楼公共区域零星维修服务项目（标包16：内江）_比选公告,https://b2b.10086.cn/b2b/main/viewNoticeContent.html?noticeBean.id=556974,2019-04-25
四川移动,中国移动四川公司全省市州分公司2019-2022年管理用房及生产枢纽楼公共区域零星维修服务项目（标包14：巴中）_比选公告,https://b2b.10086.cn/b2b/main/viewNoticeContent.html?noticeBean.id=556977,2019-04-25
四川移动,中国移动四川公司全省市州分公司2019-2022年管理用房及生产枢纽楼公共区域零星维修服务项目（包7：眉山）_比选公告,https://b2b.10086.cn/b2b/main/viewNoticeContent.html?noticeBean.id=556979,2019-04-25
四川移动,中国移动四川公司全省市州分公司2019-2022年管理用房及生产枢纽楼公共区域零星维修服务项目（标包9：天府新区）_比选公告,https://b2b.10086.cn/b2b/main/viewNoticeContent.html?noticeBean.id=556980,2019-04-25
四川移动,中国移动四川公司全省市州分公司2019-2022年管理用房及生产枢纽楼公共区域零星维修服务项目（标包22：广安）_比选公告,https://b2b.10086.cn/b2b/main/viewNoticeContent.html?noticeBean.id=556982,2019-04-25
湖南移动,2019年邵阳移动集团客户报刊杂志采购_比选公告,https://b2b.10086.cn/b2b/main/viewNoticeContent.html?noticeBean.id=556987,2019-04-25
四川移动,中国移动四川公司全省市州分公司2019—2022年管理用房及生产枢纽楼公共区域零星维修服务项目（标包13：凉山）_比选公告,https://b2b.10086.cn/b2b/main/viewNoticeContent.html?noticeBean.id=556988,2019-04-25
湖南移动,中国移动湖南公司郴州分公司2019年农村市场促销项目_比选公告,https://b2b.10086.cn/b2b/main/viewNoticeContent.html?noticeBean.id=556991,2019-04-25
四川移动,中国移动四川公司全省市州分公司2019-2022年管理用房及生产枢纽楼公共区域零星维修服务项目（标包3：南充）_比选公告,https://b2b.10086.cn/b2b/main/viewNoticeContent.html?noticeBean.id=557014,2019-04-25
物联网公司,定位追踪类行业终端研发项目的模具采购项目_采购公告,https://b2b.10086.cn/b2b/main/viewNoticeContent.html?noticeBean.id=557033,2019-04-25
政企分公司,2019年四川省雅安市12345热线运营集成服务（中移全通）采购项目_比选公告,https://b2b.10086.cn/b2b/main/viewNoticeContent.html?noticeBean.id=557041,2019-04-25
青海移动,2019年业支合同系统维保服务_比选公告,https://b2b.10086.cn/b2b/main/viewNoticeContent.html?noticeBean.id=557051,2019-04-25
四川移动,中国移动四川公司全省市州分公司2019-2022年管理用房及生产枢纽楼公共区域零星维修服务项目（标包15：雅安）_比选公告,https://b2b.10086.cn/b2b/main/viewNoticeContent.html?noticeBean.id=557054,2019-04-25
重庆移动,2019年既有机房节能改造项目水帘新风系统采购需求_询价公告,https://b2b.10086.cn/b2b/main/viewNoticeContent.html?noticeBean.id=557055,2019-04-25
江苏移动,中国移动江苏公司浦口开发区第二机房母线校正安全整改项目_比选公告,https://b2b.10086.cn/b2b/main/viewNoticeContent.html?noticeBean.id=557059,2019-04-25
