采购单位,标题,链接,发标日期
北京移动,中国移动北京公司2019年业务网手机上网智能加速平台采购项目_比选公告,https://b2b.10086.cn/b2b/main/viewNoticeContent.html?noticeBean.id=604653,2019-10-23
湖北移动,中国移动湖北公司咸宁温泉荣凯天阶业务汇聚机房购置_采购公告(第2次),https://b2b.10086.cn/b2b/main/viewNoticeContent.html?noticeBean.id=604662,2019-10-23
湖北移动,中国移动湖北公司咸宁温泉书香门第业务汇聚机房购置_采购公告(第2次),https://b2b.10086.cn/b2b/main/viewNoticeContent.html?noticeBean.id=604663,2019-10-23
互联网公司,中移互联网有限公司2019-2020年互联网运营重点项目支撑公开比选项目_比选公告,https://b2b.10086.cn/b2b/main/viewNoticeContent.html?noticeBean.id=604667,2019-10-23
政企分公司,贵州省安顺强制隔离戒毒所“智慧戒毒”综合执法平台采购项目_比选公告,https://b2b.10086.cn/b2b/main/viewNoticeContent.html?noticeBean.id=604697,2019-10-23
上海移动,中国移动上海公司2019-22年营业厅排队机设备维护技术服务框架_询价公告,https://b2b.10086.cn/b2b/main/viewNoticeContent.html?noticeBean.id=604704,2019-10-23
河南移动,河南移动2019年投行咨询服务采购项目_比选公告,https://b2b.10086.cn/b2b/main/viewNoticeContent.html?noticeBean.id=604712,2019-10-23
物联网公司,智能美妆镜APP妆教文章采购项目_采购公告,https://b2b.10086.cn/b2b/main/viewNoticeContent.html?noticeBean.id=604719,2019-10-23
广西移动,中国移动河池公司集客2019年信息化体验中心建设采购项目_比选公告,https://b2b.10086.cn/b2b/main/viewNoticeContent.html?noticeBean.id=604723,2019-10-23
河南移动,河南移动2019年垃圾信息投诉数据分析技术服务项目_比选公告,https://b2b.10086.cn/b2b/main/viewNoticeContent.html?noticeBean.id=604724,2019-10-23
终端公司,中国移动终端公司2019年10月智能硬件产品可靠性测试仪表项目_比选公告,https://b2b.10086.cn/b2b/main/viewNoticeContent.html?noticeBean.id=604737,2019-10-23
内蒙移动,中国移动内蒙古公司2019年测速系统集成建设工程项目_比选公告,https://b2b.10086.cn/b2b/main/viewNoticeContent.html?noticeBean.id=604739,2019-10-23
设计院,2019年设计院Revit系列软件采购项目_询价公告,https://b2b.10086.cn/b2b/main/viewNoticeContent.html?noticeBean.id=604775,2019-10-23
湖南移动,湖南移动长沙分公司网格数据服务效率与性能提升服务项目_比选公告,https://b2b.10086.cn/b2b/main/viewNoticeContent.html?noticeBean.id=604777,2019-10-23
新疆移动,阿克苏政企客户部“和对讲”融合通信系统采购项目_询价公告,https://b2b.10086.cn/b2b/main/viewNoticeContent.html?noticeBean.id=604783,2019-10-23
设计院,2019年设计院5G组网及优化工具开发硬件FPGA高速处理板卡采购项目_询价公告,https://b2b.10086.cn/b2b/main/viewNoticeContent.html?noticeBean.id=604785,2019-10-23
新疆移动,阿克苏政企客户部“三台合一”融合语音通信设备采购项目_询价公告,https://b2b.10086.cn/b2b/main/viewNoticeContent.html?noticeBean.id=604801,2019-10-23
设计院,2019年设计院5G组网及优化工具开发硬件SDR平台采购项目_询价公告,https://b2b.10086.cn/b2b/main/viewNoticeContent.html?noticeBean.id=604803,2019-10-23
上海移动,中国移动上海公司密集架维护_比选公告,https://b2b.10086.cn/b2b/main/viewNoticeContent.html?noticeBean.id=604813,2019-10-23
成都研究院,中移（成都）信息通信科技有限公司2019年业务中台关键技术研究和开发项目(2)_比选采购_变更公告_(1),https://b2b.10086.cn/b2b/main/viewNoticeContent.html?noticeBean.id=604819,2019-10-23
成都研究院,中移（成都）信息通信科技有限公司基于5G医疗专网的医疗行业硬件与系统创新项目(硬件与系统关键技术研究及开发）(3)_比选采购_变更公告_(1),https://b2b.10086.cn/b2b/main/viewNoticeContent.html?noticeBean.id=604820,2019-10-23
成都研究院,中移（成都）产业研究院研发实验环境演示一期项目-基于云展厅运营支撑服务_比选公告,https://b2b.10086.cn/b2b/main/viewNoticeContent.html?noticeBean.id=604822,2019-10-23
重庆移动,互联网业务访问优化技术支持服务_比选公告,https://b2b.10086.cn/b2b/main/viewNoticeContent.html?noticeBean.id=604825,2019-10-23
天津移动,中国移动天津公司2019-2021年度自营渠道终端供货平台引入项目_比选公告,https://b2b.10086.cn/b2b/main/viewNoticeContent.html?noticeBean.id=604826,2019-10-23
成都研究院,中移（成都）产业研究院研发实验环境演示一期项目（基础装修）-施工服务_比选采购_变更公告_(1),https://b2b.10086.cn/b2b/main/viewNoticeContent.html?noticeBean.id=604838,2019-10-23
成都研究院,中移（成都）产业研究院研发实验环境演示一期项目（硬件部分）系统集成_比选公告,https://b2b.10086.cn/b2b/main/viewNoticeContent.html?noticeBean.id=604840,2019-10-23
