采购单位,标题,链接,发标日期
重庆移动,2019年重庆移动四轮驱动服务和产品质量标准建设支撑服务采购_比选公告,https://b2b.10086.cn/b2b/main/viewNoticeContent.html?noticeBean.id=531787,2019-01-07
政企分公司,河南省济源市旅游发展委员会全域旅游游客智慧服务平台(中移全通)采购项目_比选公告,https://b2b.10086.cn/b2b/main/viewNoticeContent.html?noticeBean.id=531788,2019-01-07
云南移动,中国移动云南公司西双版纳分公司2017年移动OA办公系统项目_比选公告,https://b2b.10086.cn/b2b/main/viewNoticeContent.html?noticeBean.id=531789,2019-01-07
政企分公司,山东省2018年济宁市机关事务管理局公车管理平台（中移全通）采购项目_比选公告,https://b2b.10086.cn/b2b/main/viewNoticeContent.html?noticeBean.id=531791,2019-01-07
内蒙移动,中国移动通信集团内蒙古有限公司包头分公司2017年昆区警官花园小区宽带资源购置项目_竞争性谈判采购公告,https://b2b.10086.cn/b2b/main/viewNoticeContent.html?noticeBean.id=531807,2019-01-07
咪咕公司,咪咕视讯咪咕直播业务三期工程定制软件采购（直播能力平台软件）(4)_招标公告,https://b2b.10086.cn/b2b/main/viewNoticeContent.html?noticeBean.id=531811,2019-01-07
新疆移动,中国移动新疆分公司2019年DPI流控系统设备维保服务项目_比选公告,https://b2b.10086.cn/b2b/main/viewNoticeContent.html?noticeBean.id=531815,2019-01-07
吉林移动,中国移动吉林公司白城分公司2018年白城市水资源管理中心数据远传平台建设公开比选项目_比选公告,https://b2b.10086.cn/b2b/main/viewNoticeContent.html?noticeBean.id=531816,2019-01-07
河南移动,河南移动2019年集客业务支撑室集客业务快速响应支撑服务项目_比选公告,https://b2b.10086.cn/b2b/main/viewNoticeContent.html?noticeBean.id=531822,2019-01-07
山东移动,山东移动2018年省级ICT项目投标支撑服务采购项目_比选公告,https://b2b.10086.cn/b2b/main/viewNoticeContent.html?noticeBean.id=531826,2019-01-07
政企分公司,中移全通网优信息化业务技术服务采购项目(2)(6)_比选公告,https://b2b.10086.cn/b2b/main/viewNoticeContent.html?noticeBean.id=531828,2019-01-07
安徽移动,阜阳移动2019年家庭业务小区包干经营招商项目_采购公告,https://b2b.10086.cn/b2b/main/viewNoticeContent.html?noticeBean.id=531850,2019-01-07
山东移动,山东移动2019年济南开发区机房高低压配套扩容土建施工项目_比选公告,https://b2b.10086.cn/b2b/main/viewNoticeContent.html?noticeBean.id=531856,2019-01-07
政企分公司,中移全通大数据分析平台一期采购项目_招标公告,https://b2b.10086.cn/b2b/main/viewNoticeContent.html?noticeBean.id=531890,2019-01-07
河南移动,河南移动2019年基于集团智能参数管理优化平台的支撑服务项目_比选公告,https://b2b.10086.cn/b2b/main/viewNoticeContent.html?noticeBean.id=531906,2019-01-07
杭州研发中心,中移（杭州）信息技术有限公司和家看护智能摄像机采购项目(包2)_比选公告,https://b2b.10086.cn/b2b/main/viewNoticeContent.html?noticeBean.id=531907,2019-01-07
杭州研发中心,中移（杭州）信息技术有限公司深圳智慧社区智能门禁设备公开询价项目_采购公告,https://b2b.10086.cn/b2b/main/viewNoticeContent.html?noticeBean.id=531932,2019-01-07
新疆移动,中国移动新疆分公司石河子市分公司政企客户部2018年石河子大学“易班”APP信息化应用服务项目项目_比选公告,https://b2b.10086.cn/b2b/main/viewNoticeContent.html?noticeBean.id=531945,2019-01-07
新疆移动,中国移动新疆分公司2019年集团客户市场基础管理提升项目_比选公告,https://b2b.10086.cn/b2b/main/viewNoticeContent.html?noticeBean.id=531951,2019-01-07
新疆移动,中国移动新疆分公司2019年省供应链系统现场服务项目_比选公告,https://b2b.10086.cn/b2b/main/viewNoticeContent.html?noticeBean.id=531974,2019-01-07
甘肃移动,中国移动甘肃公司酒泉分公司2018年公路客运反恐智慧防控圈系统工程项目_比选公告,https://b2b.10086.cn/b2b/main/viewNoticeContent.html?noticeBean.id=531975,2019-01-07
终端公司,中国移动通信集团终端有限公司内蒙古分公司2019-2020年终端销售业务外包项目(2)_比选公告,https://b2b.10086.cn/b2b/main/viewNoticeContent.html?noticeBean.id=531986,2019-01-07
新疆移动,中国移动新疆分公司政企客户部2019－2020年设计制作项目项目_比选公告,https://b2b.10086.cn/b2b/main/viewNoticeContent.html?noticeBean.id=531991,2019-01-07
新疆移动,中国移动新疆分公司哈密移动2018年全信通业务代维服务项目_比选公告,https://b2b.10086.cn/b2b/main/viewNoticeContent.html?noticeBean.id=531993,2019-01-07
重庆移动,2018年网站不良视频检测模型开发服务采购_招标公告,https://b2b.10086.cn/b2b/main/viewNoticeContent.html?noticeBean.id=531995,2019-01-07
