采购单位,标题,链接,发标日期
北京移动,中国移动北京公司2019-2021年采购业务支撑服务项目_比选公告,https://b2b.10086.cn/b2b/main/viewNoticeContent.html?noticeBean.id=558093,2019-04-29
黑龙江移动,黑龙江移动2019-2022年数据中心变配电设备服务项目_比选公告,https://b2b.10086.cn/b2b/main/viewNoticeContent.html?noticeBean.id=558105,2019-04-29
西藏移动,中国移动西藏公司业务支撑中心2019年度网络设备维保服务项目_比选公告,https://b2b.10086.cn/b2b/main/viewNoticeContent.html?noticeBean.id=558111,2019-04-29
政企分公司,云南省无线覆盖ICT系统集成服务（中移全通）采购项目_比选公告,https://b2b.10086.cn/b2b/main/viewNoticeContent.html?noticeBean.id=558115,2019-04-29
重庆移动,重庆市机械高级技工学校信息化建设项目-视频监控系统项目_比选公告,https://b2b.10086.cn/b2b/main/viewNoticeContent.html?noticeBean.id=558146,2019-04-29
福建移动,福建移动莆田分公司2019年传输哑资源(光交接箱)智能锁询价项目_采购公告,https://b2b.10086.cn/b2b/main/viewNoticeContent.html?noticeBean.id=558149,2019-04-29
在线服务公司,中移在线福建分公司2019年全网客服系统终端及办公设备代维服务项目_比选公告,https://b2b.10086.cn/b2b/main/viewNoticeContent.html?noticeBean.id=558163,2019-04-29
终端公司,中国移动通信集团终端有限公司广东分公司零售试点开展酬金业务地推合作项目_比选公告,https://b2b.10086.cn/b2b/main/viewNoticeContent.html?noticeBean.id=558182,2019-04-29
安徽移动,枞阳县人大及枞阳县政府wifi系统平台项目_采购公告,https://b2b.10086.cn/b2b/main/viewNoticeContent.html?noticeBean.id=558187,2019-04-29
安徽移动,嘉赛信业视频监控平台和中熹科技智慧消防平台软件开发项目_采购公告,https://b2b.10086.cn/b2b/main/viewNoticeContent.html?noticeBean.id=558193,2019-04-29
在线服务公司,中移在线四川分公司2019-2020年外拓产品客户交流活动支撑服务项目_比选公告,https://b2b.10086.cn/b2b/main/viewNoticeContent.html?noticeBean.id=558216,2019-04-29
浙江移动,中国移动浙江公司2019年全省重要集团客户产品推广会务支持服务项目_比选公告,https://b2b.10086.cn/b2b/main/viewNoticeContent.html?noticeBean.id=558220,2019-04-29
咪咕公司,咪咕高新技术企业认定申报支撑服务项目_比选公告,https://b2b.10086.cn/b2b/main/viewNoticeContent.html?noticeBean.id=558222,2019-04-29
辽宁移动,中国移动辽宁公司辽阳分公司2019年南环IDC机房网络工程（系统集成）_比选公告,https://b2b.10086.cn/b2b/main/viewNoticeContent.html?noticeBean.id=558238,2019-04-29
终端公司,云南分公司单向电表4G通信模块TXTX13-DXDC和TXTX13-NWDC公开询价项目_询价公告,https://b2b.10086.cn/b2b/main/viewNoticeContent.html?noticeBean.id=558240,2019-04-29
