采购单位,标题,链接,发标日期
内蒙移动,2019年巴彦淖尔分公司五原隆兴昌镇和丰村一社等5个村社宽带三方合作项目_采购公告,https://b2b.10086.cn/b2b/main/viewNoticeContent.html?noticeBean.id=560046,2019-05-08
广东移动,中国移动广东公司中国移动广东公司2019年数据中心一期二阶段高压配电系统升级公开招标项目（湛江）_招标公告,https://b2b.10086.cn/b2b/main/viewNoticeContent.html?noticeBean.id=560087,2019-05-08
内蒙移动,2019年巴彦淖尔分公司五原瑞京小区、新公中镇（光联村五社、光胜村五社、先锋村五社、先锋村七社）宽带三方合作项目_采购公告,https://b2b.10086.cn/b2b/main/viewNoticeContent.html?noticeBean.id=560122,2019-05-08
安徽移动,政企客户部手机维修服务采购_询价公告,https://b2b.10086.cn/b2b/main/viewNoticeContent.html?noticeBean.id=560125,2019-05-08
贵州移动,2018年黔南分公司重点工作指导平台技术支撑服务项目_比选公告,https://b2b.10086.cn/b2b/main/viewNoticeContent.html?noticeBean.id=560127,2019-05-08
福建移动,宁德移动2019-2021年“及时送”系统服务采购项目_比选公告,https://b2b.10086.cn/b2b/main/viewNoticeContent.html?noticeBean.id=560151,2019-05-08
山东移动,山东移动2019-2021年济南孙村数据中心110KV变电站代维服务采购项目_比选公告,https://b2b.10086.cn/b2b/main/viewNoticeContent.html?noticeBean.id=560161,2019-05-08
重庆移动,2019-2020年星级客户手机维修需求采购_比选公告,https://b2b.10086.cn/b2b/main/viewNoticeContent.html?noticeBean.id=560173,2019-05-08
政企分公司,2019-2020年ICP和IP信息维护支撑服务项目_比选公告,https://b2b.10086.cn/b2b/main/viewNoticeContent.html?noticeBean.id=560176,2019-05-08
广东移动,中国移动广东公司2019年网管侧IT系统维护优化服务公开比选项目（湛江）_比选公告,https://b2b.10086.cn/b2b/main/viewNoticeContent.html?noticeBean.id=560183,2019-05-08
吉林移动,中国移动吉林公司延边州分公司2019年终端维护服务公开比选项目_比选公告,https://b2b.10086.cn/b2b/main/viewNoticeContent.html?noticeBean.id=560188,2019-05-08
四川移动,中国移动四川公司2018年网络流量深度分析设备采购_比选公告,https://b2b.10086.cn/b2b/main/viewNoticeContent.html?noticeBean.id=560192,2019-05-08
