采购单位,标题,链接,发标日期
福建移动,漳州台商投资区中小企业公共服务平台建设项目_询价公告,https://b2b.10086.cn/b2b/main/viewNoticeContent.html?noticeBean.id=575007,2019-07-02
黑龙江移动,关于哈尔滨数据中心园区智能化系统基础平台优化服务项目_比选公告,https://b2b.10086.cn/b2b/main/viewNoticeContent.html?noticeBean.id=575039,2019-07-02
山西移动,中国移动山西公司2019-2020年省公司品质管理部投诉客户满意度回访调查的采购项目_比选公告,https://b2b.10086.cn/b2b/main/viewNoticeContent.html?noticeBean.id=575046,2019-07-02
甘肃移动,中国移动甘肃公司兰州分公司2019年兰州移动校园宽带登录APP项目采购项目_比选公告,https://b2b.10086.cn/b2b/main/viewNoticeContent.html?noticeBean.id=575056,2019-07-02
山西移动,中国移动山西公司2019年-2020年山西移动客户行为分析及销售提升支撑采购项目_比选公告,https://b2b.10086.cn/b2b/main/viewNoticeContent.html?noticeBean.id=575079,2019-07-02
上海移动,中国移动上海公司2019年MAS客户端维保服务_询价公告,https://b2b.10086.cn/b2b/main/viewNoticeContent.html?noticeBean.id=575088,2019-07-02
山东移动,山东移动淄博分公司掌上运维“号码盾”功能采购项目_采购公告,https://b2b.10086.cn/b2b/main/viewNoticeContent.html?noticeBean.id=575093,2019-07-02
山东移动,山东移动2019年济南数据中心一期工程后评估项目_比选公告,https://b2b.10086.cn/b2b/main/viewNoticeContent.html?noticeBean.id=575096,2019-07-02
江苏移动,中国移动江苏公司扬州分公司2019-2021年集团重要客户终端维修及手机配件更换采购项目项目_询价公告,https://b2b.10086.cn/b2b/main/viewNoticeContent.html?noticeBean.id=575103,2019-07-02
北京移动,中国移动北京公司2019-2020年家宽网关终端维修翻新项目_比选公告,https://b2b.10086.cn/b2b/main/viewNoticeContent.html?noticeBean.id=575112,2019-07-02
物联网公司,企讯通及云MAS二次开发支撑服务框架项目_比选公告,https://b2b.10086.cn/b2b/main/viewNoticeContent.html?noticeBean.id=575114,2019-07-02
苏州研发中心,苏州研发中心2019年6月管理类笔记本电脑采购_询价公告,https://b2b.10086.cn/b2b/main/viewNoticeContent.html?noticeBean.id=575115,2019-07-02
吉林移动,中国移动吉林公司松原分公司政企客户中心2019年客户营销活动支撑服务采购公开比选项目_比选公告,https://b2b.10086.cn/b2b/main/viewNoticeContent.html?noticeBean.id=575121,2019-07-02
安徽移动,芜湖分公司赭山小学请购智慧课堂公开课支撑服务项目_采购公告,https://b2b.10086.cn/b2b/main/viewNoticeContent.html?noticeBean.id=575123,2019-07-02
重庆移动,业务支撑网基于数据访问行为的异常监测开发服务_比选公告,https://b2b.10086.cn/b2b/main/viewNoticeContent.html?noticeBean.id=575126,2019-07-02
