采购单位,标题,链接,发标日期
信息技术公司,2018年私有云资源池及池外硬件集中扩容等工程系统集成服务_招标公告,https://b2b.10086.cn/b2b/main/viewNoticeContent.html?noticeBean.id=541066,2019-02-19
信息技术公司,私有云资源池(廊坊数据中心)一期工程SDN系统采购项目_招标公告,https://b2b.10086.cn/b2b/main/viewNoticeContent.html?noticeBean.id=541067,2019-02-19
福建移动,漳州分公司业务快速接入能力提升项目_比选公告,https://b2b.10086.cn/b2b/main/viewNoticeContent.html?noticeBean.id=541100,2019-02-19
咪咕公司,咪咕视讯2018年至2019年咪咕CDN应用性能监测项目_比选公告,https://b2b.10086.cn/b2b/main/viewNoticeContent.html?noticeBean.id=541104,2019-02-19
山东移动,山东移动淄博分公司城区街道办内控管理平台_比选公告,https://b2b.10086.cn/b2b/main/viewNoticeContent.html?noticeBean.id=541125,2019-02-19
广西移动,中国移动崇左分公司2019-2020年物业及秩序维护服务框架采购项目_比选采购_变更公告_(1),https://b2b.10086.cn/b2b/main/viewNoticeContent.html?noticeBean.id=541129,2019-02-19
政企分公司,山东省2018年邹城钢山等9处秸秆焚烧监控智能分析系统开发服务（中移全通）采购项目_比选公告,https://b2b.10086.cn/b2b/main/viewNoticeContent.html?noticeBean.id=541132,2019-02-19
陕西移动,陕西移动榆林智慧展厅系统集成项目_比选公告,https://b2b.10086.cn/b2b/main/viewNoticeContent.html?noticeBean.id=541153,2019-02-19
山东移动,山东移动青岛分公司2019年高压系统检测服务项目_比选公告,https://b2b.10086.cn/b2b/main/viewNoticeContent.html?noticeBean.id=541166,2019-02-19
广东移动,中国移动广东公司2019-2020年档案支撑服务竞争性谈判项目(韶关)_竞争性谈判采购公告,https://b2b.10086.cn/b2b/main/viewNoticeContent.html?noticeBean.id=541180,2019-02-19
江西移动,上饶移动2019年第一批宽服厅业务外包合作商采购项目_采购公告,https://b2b.10086.cn/b2b/main/viewNoticeContent.html?noticeBean.id=541182,2019-02-19
福建移动,加快泛渠道建设以及引入第三方团队运营项目_比选公告,https://b2b.10086.cn/b2b/main/viewNoticeContent.html?noticeBean.id=541184,2019-02-19
铁通公司,中移铁通四川分公司2019年全省综合维护作业工具仪表（地阻仪、钳型电流表、令克棒、红外测距仪、气体检测仪）采购项目_比选公告,https://b2b.10086.cn/b2b/main/viewNoticeContent.html?noticeBean.id=541198,2019-02-19
上海移动,中国移动上海公司2019年IDC信息安全管理系统EU第一批扩容工程颛桥和杨浦_招标公告,https://b2b.10086.cn/b2b/main/viewNoticeContent.html?noticeBean.id=541220,2019-02-19
山东移动,山东移动青岛分公司智能语音回访软件系统采购项目_采购公告,https://b2b.10086.cn/b2b/main/viewNoticeContent.html?noticeBean.id=541223,2019-02-19
物联网公司,基于安全芯片的区块链基础能力平台采购项目_比选公告,https://b2b.10086.cn/b2b/main/viewNoticeContent.html?noticeBean.id=541224,2019-02-19
四川移动,中国移动四川公司2019年四川移动老报销、合同、影印及资产APP系统维护服务项目（第二次）_比选公告,https://b2b.10086.cn/b2b/main/viewNoticeContent.html?noticeBean.id=541228,2019-02-19
湖南移动,湖南中移通信技术工程有限公司“智慧社区”应用支撑服务项目_比选公告,https://b2b.10086.cn/b2b/main/viewNoticeContent.html?noticeBean.id=541234,2019-02-19
江西移动,萍乡移动市公司本部食堂承包管理采购项目_比选公告,https://b2b.10086.cn/b2b/main/viewNoticeContent.html?noticeBean.id=541254,2019-02-19
新疆移动,中国移动新疆分公司昌吉数据中心员工生活用房项目监理服务采购项目_比选公告,https://b2b.10086.cn/b2b/main/viewNoticeContent.html?noticeBean.id=541256,2019-02-19
江西移动,井冈山市智慧河长制信息管理平台系统建设项目(合作伙伴预选择)_采购公告,https://b2b.10086.cn/b2b/main/viewNoticeContent.html?noticeBean.id=541264,2019-02-19
四川移动,中国移动四川公司2018-2020年两年期信息化自有投资类项目支撑集采招标项目(包3）_招标公告,https://b2b.10086.cn/b2b/main/viewNoticeContent.html?noticeBean.id=541265,2019-02-19
