采购单位,标题,链接,发标日期
政企分公司,云南移动集客ICT集成技术支撑（水利厅OA系统驻场运维）服务（中移全通）采购项目_比选公告,https://b2b.10086.cn/b2b/main/viewNoticeContent.html?noticeBean.id=566938,2019-06-03
山东移动,山东移动威海分公司2019年经区博优人力资源管理软件采购项目_采购公告,https://b2b.10086.cn/b2b/main/viewNoticeContent.html?noticeBean.id=566939,2019-06-03
重庆移动,2019年个人增值业务不知情定制拨测项目_比选公告,https://b2b.10086.cn/b2b/main/viewNoticeContent.html?noticeBean.id=566946,2019-06-03
终端公司,中国移动通信集团终端有限公司云南分公司2019-2020年度自营厅店零售业务外包项目_比选公告,https://b2b.10086.cn/b2b/main/viewNoticeContent.html?noticeBean.id=566954,2019-06-03
浙江移动,中国移动浙江公司2019-2022年度战法部ISO9001质量管理体系认证审核服务_比选公告,https://b2b.10086.cn/b2b/main/viewNoticeContent.html?noticeBean.id=566957,2019-06-03
湖北移动,中国移动湖北公司孝感分公司孝南区远大综合业务区传输汇聚机房购置项目_（第一次）,https://b2b.10086.cn/b2b/main/viewNoticeContent.html?noticeBean.id=566959,2019-06-03
上海移动,中国移动上海公司临港数据中心1期工程火灾自动报警系统升级施工_比选公告,https://b2b.10086.cn/b2b/main/viewNoticeContent.html?noticeBean.id=566981,2019-06-03
安徽移动,六安移动2019年上半年自有渠道经营合作商引入项目_采购公告,https://b2b.10086.cn/b2b/main/viewNoticeContent.html?noticeBean.id=566986,2019-06-03
广东移动,中国移动广东公司2019年核心网工程支撑公开比选项目_比选公告,https://b2b.10086.cn/b2b/main/viewNoticeContent.html?noticeBean.id=566995,2019-06-03
北京移动,滨河综合业务区3号业务汇聚区业务汇聚机房租赁项目_采购变更公告(1),https://b2b.10086.cn/b2b/main/viewNoticeContent.html?noticeBean.id=566996,2019-06-03
北京移动, 南定福综合业务区1号业务汇聚区机房租赁项目 _采购变更公告(1),https://b2b.10086.cn/b2b/main/viewNoticeContent.html?noticeBean.id=566997,2019-06-03
铁通公司,中移铁通重庆分公司2019年度维护业务耗材工具采购项目_询价公告,https://b2b.10086.cn/b2b/main/viewNoticeContent.html?noticeBean.id=567000,2019-06-03
物联网公司,智能美妆镜自主研发项目（一代产品设计部分）_采购公告,https://b2b.10086.cn/b2b/main/viewNoticeContent.html?noticeBean.id=567007,2019-06-03
山西移动,中国移动山西公司2019年山西移动IDC系统集成服务的采购项目_招标公告,https://b2b.10086.cn/b2b/main/viewNoticeContent.html?noticeBean.id=567013,2019-06-03
北京移动, 夏各庄综合业务区2号业务汇聚区机房租赁项目 _采购变更公告(1),https://b2b.10086.cn/b2b/main/viewNoticeContent.html?noticeBean.id=567018,2019-06-03
北京移动,综合楼综合业务区1号业务汇聚区机房租赁项目_采购变更公告(1),https://b2b.10086.cn/b2b/main/viewNoticeContent.html?noticeBean.id=567020,2019-06-03
河南移动,河南移动2019年综合资管系统和EOMS系统过渡期运维支撑服务项目_比选公告,https://b2b.10086.cn/b2b/main/viewNoticeContent.html?noticeBean.id=567021,2019-06-03
北京移动,综合楼综合业务区2号业务汇聚区机房租赁项目_采购变更公告(1),https://b2b.10086.cn/b2b/main/viewNoticeContent.html?noticeBean.id=567022,2019-06-03
政企分公司,2019中移智行短信业务服务公开询价项目_询价公告,https://b2b.10086.cn/b2b/main/viewNoticeContent.html?noticeBean.id=567026,2019-06-03
西藏移动,中国移动西藏公司拉萨分公司2019年针对信息化集团送洗车服务活动项目_比选公告,https://b2b.10086.cn/b2b/main/viewNoticeContent.html?noticeBean.id=567029,2019-06-03
浙江移动,中国移动浙江公司2019年战法部国内外ICT领域战略对标分析资料库支撑服务_比选公告,https://b2b.10086.cn/b2b/main/viewNoticeContent.html?noticeBean.id=567053,2019-06-03
政企分公司,青海省海东市治安智能卡口系统建设(中移全通)采购项目_比选公告,https://b2b.10086.cn/b2b/main/viewNoticeContent.html?noticeBean.id=567056,2019-06-03
