采购单位,标题,链接,发标日期
浙江移动,中国移动NFV网络控制面浙江大区节点一期工程大区业务预警保障系统配套软件项目_招标公告,https://b2b.10086.cn/b2b/main/viewNoticeContent.html?noticeBean.id=601695,2019-10-11
浙江移动,中国移动浙江公司2019年度加快大IT中台能力提升、推动智慧运营升级专项规划技术支持服务_比选公告,https://b2b.10086.cn/b2b/main/viewNoticeContent.html?noticeBean.id=601701,2019-10-11
中移金科,和包支付用户行为分析服务项目_比选公告,https://b2b.10086.cn/b2b/main/viewNoticeContent.html?noticeBean.id=601708,2019-10-11
内蒙移动,中国移动通信集团内蒙古有限公司赤峰分公司2019年第一批家宽小区宽带资源购置项目（松山）_竞争性谈判采购公告,https://b2b.10086.cn/b2b/main/viewNoticeContent.html?noticeBean.id=601731,2019-10-11
内蒙移动,中国移动通信集团内蒙古有限公司赤峰分公司2019年第一批家宽小区宽带资源购置项目（右旗）_竞争性谈判采购公告,https://b2b.10086.cn/b2b/main/viewNoticeContent.html?noticeBean.id=601738,2019-10-11
山西移动,中国移动山西公司2019年太原分公司办公会议系统维护的采购项目_竞争性谈判采购公告,https://b2b.10086.cn/b2b/main/viewNoticeContent.html?noticeBean.id=601739,2019-10-11
内蒙移动,中国移动通信集团内蒙古有限公司赤峰分公司2019年第一批家宽小区宽带资源购置项目（红山）_竞争性谈判采购公告,https://b2b.10086.cn/b2b/main/viewNoticeContent.html?noticeBean.id=601751,2019-10-11
安徽移动,滁州移动综合楼高清会议系统采购项目_询价公告,https://b2b.10086.cn/b2b/main/viewNoticeContent.html?noticeBean.id=601752,2019-10-11
终端公司,江西分公司2019年-2021年办公服务物业管理供应商引入项目_比选公告,https://b2b.10086.cn/b2b/main/viewNoticeContent.html?noticeBean.id=601756,2019-10-11
内蒙移动,中国移动通信集团内蒙古有限公司赤峰分公司2019年第一批家宽小区宽带资源购置项目（阿旗）_竞争性谈判采购公告,https://b2b.10086.cn/b2b/main/viewNoticeContent.html?noticeBean.id=601761,2019-10-11
内蒙移动,中国移动通信集团内蒙古有限公司赤峰分公司2019年第一批家宽小区宽带资源购置项目（平庄）_竞争性谈判采购公告,https://b2b.10086.cn/b2b/main/viewNoticeContent.html?noticeBean.id=601762,2019-10-11
内蒙移动,中国移动通信集团内蒙古有限公司赤峰分公司2019年第一批家宽小区宽带资源购置项目（敖汉）_竞争性谈判采购公告,https://b2b.10086.cn/b2b/main/viewNoticeContent.html?noticeBean.id=601763,2019-10-11
内蒙移动,中国移动（呼和浩特）数据中心二期一阶段机电配套工程B04、B05、B06机房10KV高压配电设备采购项目变更公告,https://b2b.10086.cn/b2b/main/viewNoticeContent.html?noticeBean.id=601765,2019-10-11
安徽移动,芜湖移动2019年网络部4G家庭级FEMTO采购公开询价项目_询价公告,https://b2b.10086.cn/b2b/main/viewNoticeContent.html?noticeBean.id=601773,2019-10-11
山西移动,中国移动山西公司2019年省公司网络管理中心监控大厅大屏幕光引擎更换的采购项目_询价公告,https://b2b.10086.cn/b2b/main/viewNoticeContent.html?noticeBean.id=601791,2019-10-11
河南移动,中国移动河南公司郑州分公司郑州市重要道路视频监控系统建设合作伙伴引入项目_采购公告,https://b2b.10086.cn/b2b/main/viewNoticeContent.html?noticeBean.id=601797,2019-10-11
物联网公司,智能净水器产品生产代工项目（第二次）_比选公告,https://b2b.10086.cn/b2b/main/viewNoticeContent.html?noticeBean.id=601817,2019-10-11
