采购单位,标题,链接,发标日期
江苏移动,中国移动江苏公司泰州分公司互联网电视定制版面支撑服务采购项目_询价公告,https://b2b.10086.cn/b2b/main/viewNoticeContent.html?noticeBean.id=557266,2019-04-26
四川移动,中国移动四川公司2019年至2020年全省基础维护管理现场检查专项服务项目_比选公告,https://b2b.10086.cn/b2b/main/viewNoticeContent.html?noticeBean.id=557294,2019-04-26
江苏移动,中国移动江苏公司2019年至2020年应急站点运维专项服务项目_比选公告,https://b2b.10086.cn/b2b/main/viewNoticeContent.html?noticeBean.id=557296,2019-04-26
福建移动,2019年人像识别活体检测SDK软件_比选公告,https://b2b.10086.cn/b2b/main/viewNoticeContent.html?noticeBean.id=557300,2019-04-26
四川移动,中国移动通信集团四川有限公司达州分公司一卡通系统2019年维护服务项目_采购公告,https://b2b.10086.cn/b2b/main/viewNoticeContent.html?noticeBean.id=557307,2019-04-26
福建移动,2019年泉州第五中学文印室打印计量系统项目_采购公告,https://b2b.10086.cn/b2b/main/viewNoticeContent.html?noticeBean.id=557319,2019-04-26
重庆移动,2019年城二分公司传输资源管理支持服务项目_比选公告,https://b2b.10086.cn/b2b/main/viewNoticeContent.html?noticeBean.id=557323,2019-04-26
福建移动,2019年泉州移动超级短信短视频制作支撑项目_询价公告,https://b2b.10086.cn/b2b/main/viewNoticeContent.html?noticeBean.id=557331,2019-04-26
安徽移动,蚌埠移动集团客户视频监控系统设备采购与安装项目合作伙伴引入项目_询价公告,https://b2b.10086.cn/b2b/main/viewNoticeContent.html?noticeBean.id=557353,2019-04-26
山东移动,山东移动2019年济宁分公司任城区安保视频会议系统采购项目_比选公告,https://b2b.10086.cn/b2b/main/viewNoticeContent.html?noticeBean.id=557355,2019-04-26
江苏移动,中国移动江苏公司苏州分公司园区综合大楼三维可视化平台项目项目_比选公告,https://b2b.10086.cn/b2b/main/viewNoticeContent.html?noticeBean.id=557359,2019-04-26
在线服务公司,中移在线江苏分公司2019-2020年外拓产品客户交流活动支撑服务项目_比选公告,https://b2b.10086.cn/b2b/main/viewNoticeContent.html?noticeBean.id=557363,2019-04-26
安徽移动,安徽移动信息系统部2019年磁带采购项目_询价公告,https://b2b.10086.cn/b2b/main/viewNoticeContent.html?noticeBean.id=557372,2019-04-26
总部,2019年可持续发展报告制作与发布、2019年国际运营商战略合作传播_比选公告,https://b2b.10086.cn/b2b/main/viewNoticeContent.html?noticeBean.id=557374,2019-04-26
重庆移动,2019年城一分公司家客专业网络维护服务联合采购项目_比选公告,https://b2b.10086.cn/b2b/main/viewNoticeContent.html?noticeBean.id=557377,2019-04-26
安徽移动,蚌埠移动政企客户手机采购项目_询价公告,https://b2b.10086.cn/b2b/main/viewNoticeContent.html?noticeBean.id=557399,2019-04-26
浙江移动,中国移动浙江公司2019-2020年度国际流量专项优化服务项目_比选公告,https://b2b.10086.cn/b2b/main/viewNoticeContent.html?noticeBean.id=557408,2019-04-26
内蒙移动,中国移动（呼和浩特）数据中心一期室外管网维保服务采购项目_比选公告,https://b2b.10086.cn/b2b/main/viewNoticeContent.html?noticeBean.id=557414,2019-04-26
云南移动,中国移动云南公司2019年补丁管理及Web应用敏感信息检测支持服务项目_比选公告,https://b2b.10086.cn/b2b/main/viewNoticeContent.html?noticeBean.id=557417,2019-04-26
吉林移动,中国移动吉林公司2019-2020年数据业务产品测试服务采购公开比选_比选公告,https://b2b.10086.cn/b2b/main/viewNoticeContent.html?noticeBean.id=557422,2019-04-26
北京移动,中国移动北京公司通州区综合执法视频监控平台运维服务_比选公告,https://b2b.10086.cn/b2b/main/viewNoticeContent.html?noticeBean.id=557428,2019-04-26
陕西移动,2019年度重点业务收入挖潜支撑项目_比选公告,https://b2b.10086.cn/b2b/main/viewNoticeContent.html?noticeBean.id=557430,2019-04-26
重庆移动,2019年綦江分公司集团客户手机维修服务项目采购_比选公告,https://b2b.10086.cn/b2b/main/viewNoticeContent.html?noticeBean.id=557438,2019-04-26
四川移动,中国移动四川公司甘孜分公司视频电视电话系统代维项目_比选公告,https://b2b.10086.cn/b2b/main/viewNoticeContent.html?noticeBean.id=557442,2019-04-26
