采购单位,标题,链接,发标日期
重庆移动,2019年涪陵分公司外市电维护服务项目（日常维护）_比选公告,https://b2b.10086.cn/b2b/main/viewNoticeContent.html?noticeBean.id=539086,2019-02-02
物联网公司,南京江北软件园配套设备零购项目（健身器材部分）_询价公告,https://b2b.10086.cn/b2b/main/viewNoticeContent.html?noticeBean.id=539088,2019-02-02
重庆移动,2019年涪陵分公司网络维护服务项目（集客IPPBX程控交换机及数字城管系统）_比选公告,https://b2b.10086.cn/b2b/main/viewNoticeContent.html?noticeBean.id=539118,2019-02-02
山东移动,山东移动2019年济宁分公司济宁职业技术学院校园信息化建设采购项目_招标公告,https://b2b.10086.cn/b2b/main/viewNoticeContent.html?noticeBean.id=539142,2019-02-02
湖南移动,中国移动湖南公司怀化分公司生产调度楼空气能热水供应系统采购项目_比选公告,https://b2b.10086.cn/b2b/main/viewNoticeContent.html?noticeBean.id=539152,2019-02-02
山东移动,山东移动2019年济宁分公司济宁工业云支撑运营服务采购项目_比选公告,https://b2b.10086.cn/b2b/main/viewNoticeContent.html?noticeBean.id=539163,2019-02-02
上海移动,中国移动上海公司2019年上海移动云平台客响及运营支撑服务_招标公告,https://b2b.10086.cn/b2b/main/viewNoticeContent.html?noticeBean.id=539168,2019-02-02
重庆移动,潼南分公司2019年集团VIP客户手机维修_比选公告,https://b2b.10086.cn/b2b/main/viewNoticeContent.html?noticeBean.id=539172,2019-02-02
