采购单位,标题,链接,发标日期
政企分公司,青海省西宁多巴新华联国际旅游城信息化建设（中移全通）采购项目_比选公告,https://b2b.10086.cn/b2b/main/viewNoticeContent.html?noticeBean.id=631304,2020-01-15
内蒙移动,中国移动内蒙古公司2020年传输运维集中化本地网优化整改服务项目（1、3标段）_招标公告,https://b2b.10086.cn/b2b/main/viewNoticeContent.html?noticeBean.id=631316,2020-01-15
江西移动,江西移动鹰潭地区2020-2021年食材供货平台项目采购包1_询价公告,https://b2b.10086.cn/b2b/main/viewNoticeContent.html?noticeBean.id=631325,2020-01-15
江苏移动,中国移动江苏公司2020年政企行业市场监测信息服务项目项目_比选公告,https://b2b.10086.cn/b2b/main/viewNoticeContent.html?noticeBean.id=631328,2020-01-15
山东移动,山东移动2019年菏泽分公司中国邮政网络安全管理平台采购项目_比选公告,https://b2b.10086.cn/b2b/main/viewNoticeContent.html?noticeBean.id=631333,2020-01-15
山东移动,山东移动菏泽分公司2020年成武县教育局无线教育平台系统采购项目_采购变更公告(1),https://b2b.10086.cn/b2b/main/viewNoticeContent.html?noticeBean.id=631351,2020-01-15
河南移动,河南移动2019年互联网电视异态监测系统建设工程采购项目_招标公告,https://b2b.10086.cn/b2b/main/viewNoticeContent.html?noticeBean.id=631359,2020-01-15
云南移动,中国移动云南公司2020年数据库管理优化服务项目_比选公告,https://b2b.10086.cn/b2b/main/viewNoticeContent.html?noticeBean.id=631361,2020-01-15
互联网公司,中移互联网有限公司2020-2021年139邮箱业务运营支撑服务公开比选项目_比选公告,https://b2b.10086.cn/b2b/main/viewNoticeContent.html?noticeBean.id=631379,2020-01-15
江苏移动,中国移动江苏公司关于无锡分公司2020-2021年其它产品到货检测(家庭终端回收分拣及翻新检测服务)项目项目_询价公告,https://b2b.10086.cn/b2b/main/viewNoticeContent.html?noticeBean.id=631385,2020-01-15
江苏移动,中国移动江苏公司2020年南京分公司家客终端精细化管理服务项目_比选公告,https://b2b.10086.cn/b2b/main/viewNoticeContent.html?noticeBean.id=631387,2020-01-15
陕西移动,开源软件优化提升项目_比选公告,https://b2b.10086.cn/b2b/main/viewNoticeContent.html?noticeBean.id=631389,2020-01-15
山东移动,山东移动2020年莱芜分公司空中课堂智能平台采购项目_比选公告,https://b2b.10086.cn/b2b/main/viewNoticeContent.html?noticeBean.id=631411,2020-01-15
江苏移动,中国移动江苏公司关于无锡分公司2020年业务按装及维护服务（无锡车辆定位业务装维服务）项目项目_比选公告,https://b2b.10086.cn/b2b/main/viewNoticeContent.html?noticeBean.id=631417,2020-01-15
内蒙移动,中国移动内蒙古公司呼和浩特分公司2019年工程建设部博尔顿等11个小区家宽接入资源项目_招标公告,https://b2b.10086.cn/b2b/main/viewNoticeContent.html?noticeBean.id=631421,2020-01-15
