采购单位,标题,链接,发标日期
陕西移动,铜川分公司综合业务机房购置项目-耀县南街_采购变更公告(1),https://b2b.10086.cn/b2b/main/viewNoticeContent.html?noticeBean.id=627823,2020-01-02
陕西移动,铜川分公司综合业务机房购置项目-龙记学府城_采购变更公告(1),https://b2b.10086.cn/b2b/main/viewNoticeContent.html?noticeBean.id=627824,2020-01-02
吉林移动,长春分公司2019年农安业务用品库房租赁采购项目（1）_采购公告,https://b2b.10086.cn/b2b/main/viewNoticeContent.html?noticeBean.id=627856,2020-01-02
苏州研发中心,苏州研发中心2020-2021年员工补充医疗保险管理服务(第二次采购）_比选公告,https://b2b.10086.cn/b2b/main/viewNoticeContent.html?noticeBean.id=627869,2020-01-02
吉林移动,长春分公司2019年农安业务用品库房租赁公开竞争性谈判项目_采购公告,https://b2b.10086.cn/b2b/main/viewNoticeContent.html?noticeBean.id=627872,2020-01-02
辽宁移动,中国移动辽宁公司辽宁大连数据中心一期土建工程场地土动力参数试验研究供应商采购项目_采购公告,https://b2b.10086.cn/b2b/main/viewNoticeContent.html?noticeBean.id=627874,2020-01-02
吉林移动,长春分公司2019年农安业务用品库房租赁采购项目（2）_采购公告,https://b2b.10086.cn/b2b/main/viewNoticeContent.html?noticeBean.id=627877,2020-01-02
北京移动,中国移动北京公司2020年基于人工智能的用户网络感知精准评估及根因定位研究项目_比选公告,https://b2b.10086.cn/b2b/main/viewNoticeContent.html?noticeBean.id=627880,2020-01-02
吉林移动,长春分公司2019年农安业务用品库房租赁公开竞争性谈判项目_采购变更公告(1),https://b2b.10086.cn/b2b/main/viewNoticeContent.html?noticeBean.id=627894,2020-01-02
湖南移动,株洲移动分公司大楼楼顶广告牌及钢结构维护保养项目_比选公告,https://b2b.10086.cn/b2b/main/viewNoticeContent.html?noticeBean.id=627899,2020-01-02
安徽移动,安徽移动2020-2023年度省本部黄山路园区及滁州分公司物业管理服务采购项目_比选公告,https://b2b.10086.cn/b2b/main/viewNoticeContent.html?noticeBean.id=627913,2020-01-02
政企分公司,云阳县国营长江林场森林防火监测预警系统建设项目设备及服务（中移全通）采购项目_比选公告,https://b2b.10086.cn/b2b/main/viewNoticeContent.html?noticeBean.id=627945,2020-01-02
黑龙江移动,黑龙江移动2020年-2021年智能硬件资金物流平台代理商采购项目_比选公告,https://b2b.10086.cn/b2b/main/viewNoticeContent.html?noticeBean.id=627957,2020-01-02
甘肃移动,中国移动甘肃公司2019年有线宽带业务质量及用户体验管理系统工程软件采购项目_比选公告,https://b2b.10086.cn/b2b/main/viewNoticeContent.html?noticeBean.id=627986,2020-01-02
山东移动,山东移动2019-2020年济南分公司携号转网业务外包项目_比选公告,https://b2b.10086.cn/b2b/main/viewNoticeContent.html?noticeBean.id=627989,2020-01-02
山东移动,山东移动2019年临沂分公司平邑县卫生应急处置软件平台采购项目_比选公告,https://b2b.10086.cn/b2b/main/viewNoticeContent.html?noticeBean.id=628008,2020-01-02
苏州研发中心,苏州研发中心2019年研发云平台五期jira、confluence研发工具软件采购（第二次）_询价公告,https://b2b.10086.cn/b2b/main/viewNoticeContent.html?noticeBean.id=628009,2020-01-02
上海移动,中国移动上海公司上海市奉贤区禁毒智能化管控平台建设项目_比选公告,https://b2b.10086.cn/b2b/main/viewNoticeContent.html?noticeBean.id=628026,2020-01-02
陕西移动,铜川分公司综合业务机房购置项目-袁家村及国际街区_采购公告,https://b2b.10086.cn/b2b/main/viewNoticeContent.html?noticeBean.id=628027,2020-01-02
