采购单位,标题,链接,发标日期
山东移动,山东移动2020年潍坊分公司青州卷烟厂智慧党建平台采购项目_询价公告,https://b2b.10086.cn/b2b/main/viewNoticeContent.html?noticeBean.id=635094,2020-02-20
北京移动,中国移动北京公司昌平分公司2020年NB-IoT干扰研究项目_比选公告,https://b2b.10086.cn/b2b/main/viewNoticeContent.html?noticeBean.id=635095,2020-02-20
山东移动,山东移动2020年莱芜分公司空中课堂智能平台采购项目_比选公告,https://b2b.10086.cn/b2b/main/viewNoticeContent.html?noticeBean.id=635098,2020-02-20
天津移动,中国移动天津公司2020年-2022年语音遥控合约运营支撑服务项目_比选公告,https://b2b.10086.cn/b2b/main/viewNoticeContent.html?noticeBean.id=635099,2020-02-20
福建移动,2020年泉州移动使用市科技计划项目立项经费采购研发设备项目_采购公告,https://b2b.10086.cn/b2b/main/viewNoticeContent.html?noticeBean.id=635100,2020-02-20
江苏移动,中国移动江苏公司2020年淮安移动淮阴区东城区综合业务区汇聚机房采购方案项目_采购变更公告(1),https://b2b.10086.cn/b2b/main/viewNoticeContent.html?noticeBean.id=635105,2020-02-20
设计院,2020-2021年度设计院研发业务、新业务非核心能力技术配合服务集中采购项目-项目（1）_比选公告,https://b2b.10086.cn/b2b/main/viewNoticeContent.html?noticeBean.id=635106,2020-02-20
设计院,2020-2021年度设计院研发业务、新业务非核心能力技术配合服务集中采购项目-项目（2）_比选公告,https://b2b.10086.cn/b2b/main/viewNoticeContent.html?noticeBean.id=635107,2020-02-20
设计院,2020-2021年度设计院研发业务、新业务非核心能力技术配合服务集中采购项目-项目（3）_比选公告,https://b2b.10086.cn/b2b/main/viewNoticeContent.html?noticeBean.id=635108,2020-02-20
政企分公司,云南省大理州特色小镇现场会议“智能wifi”技术支撑服务等4个项目（中移全通）采购项目_比选公告,https://b2b.10086.cn/b2b/main/viewNoticeContent.html?noticeBean.id=635109,2020-02-20
安徽移动,滁州移动信息化体验厅改造升级项目_比选公告,https://b2b.10086.cn/b2b/main/viewNoticeContent.html?noticeBean.id=635110,2020-02-20
政企分公司,中国移动四川公司时空大数据位置技术支持服务（中移全通）采购项目_比选公告,https://b2b.10086.cn/b2b/main/viewNoticeContent.html?noticeBean.id=635121,2020-02-20
内蒙移动,中国移动内蒙古公司2020年公安厅视频专网信息化采购项目_招标公告,https://b2b.10086.cn/b2b/main/viewNoticeContent.html?noticeBean.id=635135,2020-02-20
海南移动,中国移动海南公司2020-2022年卫星通信系统维保服务项目_比选公告,https://b2b.10086.cn/b2b/main/viewNoticeContent.html?noticeBean.id=635136,2020-02-20
铁通公司,山东铁通工程建设有限责任公司CMMI认证咨询服务采购_询价公告,https://b2b.10086.cn/b2b/main/viewNoticeContent.html?noticeBean.id=635144,2020-02-20
甘肃移动,中国移动甘肃公司陇南分公司2019年陇南市智慧消防物联网平台工程采购项目_招标公告,https://b2b.10086.cn/b2b/main/viewNoticeContent.html?noticeBean.id=635146,2020-02-20
