采购单位,标题,链接,发标日期
河北移动,中国移动河北公司中国移动通信集团河北有限公司沧州分公司ICT“注册制”业务合作商招募项目第三批项目_采购公告,https://b2b.10086.cn/b2b/main/viewNoticeContent.html?noticeBean.id=636826,2020-03-03
终端公司,中国移动终端公司2020年全面风险管理支撑项目_比选公告,https://b2b.10086.cn/b2b/main/viewNoticeContent.html?noticeBean.id=636840,2020-03-03
信息技术公司,基于私有云架构的网络空间测绘安全工具集的研发服务_比选公告,https://b2b.10086.cn/b2b/main/viewNoticeContent.html?noticeBean.id=636850,2020-03-03
江苏移动,中国移动江苏公司川埠综合业务接入区汇聚机房购置项目项目_采购变更公告(2),https://b2b.10086.cn/b2b/main/viewNoticeContent.html?noticeBean.id=636856,2020-03-03
江苏移动,中国移动江苏公司孔泾家园综合业务接入区汇聚机房购置项目项目_采购公告,https://b2b.10086.cn/b2b/main/viewNoticeContent.html?noticeBean.id=636858,2020-03-03
内蒙移动,中国移动内蒙古公司农村无线宽带用户终端（4G CPE）设备采购项目_招标公告,https://b2b.10086.cn/b2b/main/viewNoticeContent.html?noticeBean.id=636860,2020-03-03
湖北移动,中国移动湖北公司潜江分公司老邮局1综合业务区传输汇聚机房购置项目_公开竞争性谈判采购公告,https://b2b.10086.cn/b2b/main/viewNoticeContent.html?noticeBean.id=636861,2020-03-03
政企分公司,河北省张家口市人大无纸化会议系统采购项目_比选公告,https://b2b.10086.cn/b2b/main/viewNoticeContent.html?noticeBean.id=636862,2020-03-03
福建移动,2020年泉州移动永春县公共自行车智能服务管理平台二期采购项目_采购公告,https://b2b.10086.cn/b2b/main/viewNoticeContent.html?noticeBean.id=636871,2020-03-03
信息技术公司,生态权益融通中心一期工程应用软件开发及系统集成采购项目_招标公告,https://b2b.10086.cn/b2b/main/viewNoticeContent.html?noticeBean.id=636881,2020-03-03
苏州研发中心,苏州研发中心2020年车辆维保服务采购项目_询价公告,https://b2b.10086.cn/b2b/main/viewNoticeContent.html?noticeBean.id=636894,2020-03-03
政企分公司,宜良县政法委综治中心建设项目业务技术支撑服务（中移全通）采购项目_比选公告,https://b2b.10086.cn/b2b/main/viewNoticeContent.html?noticeBean.id=636898,2020-03-03
江苏移动,中国移动江苏公司扬州分公司经营生产指挥调度中心设备及安装采购项目项目_比选公告,https://b2b.10086.cn/b2b/main/viewNoticeContent.html?noticeBean.id=636905,2020-03-03
福建移动,2020年福建移动福州分公司兴业银行专享云平台上街IDC机房机笼建设公开询价项目_采购公告,https://b2b.10086.cn/b2b/main/viewNoticeContent.html?noticeBean.id=636916,2020-03-03
政企分公司,重庆忠县公共广场无线上网认证及运维服务（中移全通）采购项目_比选公告,https://b2b.10086.cn/b2b/main/viewNoticeContent.html?noticeBean.id=636933,2020-03-03
江西移动,上饶移动第二通信楼项目管理服务项目_询价公告,https://b2b.10086.cn/b2b/main/viewNoticeContent.html?noticeBean.id=636937,2020-03-03
