采购单位,标题,链接,发标日期
政企分公司,吉林省延边图们警务外勤平台开发（中移集成）采购项目_比选公告,https://b2b.10086.cn/b2b/main/viewNoticeContent.html?noticeBean.id=636321,2020-02-28
四川移动,中国移动四川5G 政企信息化展厅工程采购项目_招标公告,https://b2b.10086.cn/b2b/main/viewNoticeContent.html?noticeBean.id=636338,2020-02-28
咪咕公司,咪咕公司2020-2022年属地团队法律支撑服务项目_比选公告,https://b2b.10086.cn/b2b/main/viewNoticeContent.html?noticeBean.id=636340,2020-02-28
江苏移动,中国移动江苏公司关于无锡分公司2020-2022年数据融合平台维护优化与分析支撑服务（综合分析域系统）的采购项目_比选公告,https://b2b.10086.cn/b2b/main/viewNoticeContent.html?noticeBean.id=636345,2020-02-28
政企分公司,云南省南屏步行街数据采集（中移全通）采购项目_比选公告,https://b2b.10086.cn/b2b/main/viewNoticeContent.html?noticeBean.id=636350,2020-02-28
甘肃移动,中国移动甘肃公司白银分公司靖远县景区信息化项目售前合作伙伴选择项目_比选公告,https://b2b.10086.cn/b2b/main/viewNoticeContent.html?noticeBean.id=636359,2020-02-28
安徽移动,安徽移动2020年家庭千兆双频路由器选型采购项目_比选公告,https://b2b.10086.cn/b2b/main/viewNoticeContent.html?noticeBean.id=636361,2020-02-28
江苏移动,中国移动江苏公司中国移动（苏州）数据机房项目二期工程检测单位请购项目_比选公告,https://b2b.10086.cn/b2b/main/viewNoticeContent.html?noticeBean.id=636370,2020-02-28
辽宁移动,中国移动辽宁公司辽宁大连数据中心一期土建工程地震安全性评价供应商采购项目_采购公告,https://b2b.10086.cn/b2b/main/viewNoticeContent.html?noticeBean.id=636376,2020-02-28
在线服务公司,在线服务公司上海分公司2020年专题应用模型项目_比选公告,https://b2b.10086.cn/b2b/main/viewNoticeContent.html?noticeBean.id=636379,2020-02-28
江苏移动,中国移动江苏公司盐城东升村综合业务接入区汇聚节点机房（第二次）购置项目项目_采购变更公告(1),https://b2b.10086.cn/b2b/main/viewNoticeContent.html?noticeBean.id=636384,2020-02-28
福建移动,2020年福州移动数据中心交通服务项目2_比选公告,https://b2b.10086.cn/b2b/main/viewNoticeContent.html?noticeBean.id=636405,2020-02-28
