采购单位,标题,链接,发标日期
政企分公司,北京市顺义车联网应用示范项目一期北小营（集成公司）采购项目_比选公告,https://b2b.10086.cn/b2b/main/viewNoticeContent.html?noticeBean.id=640564,2020-03-20
政企分公司,陕西商洛公安交警行业信息化维保（中移全通）采购项目_比选公告,https://b2b.10086.cn/b2b/main/viewNoticeContent.html?noticeBean.id=640577,2020-03-20
终端公司,重庆分公司2020年4月-2021年3月内部物业管理服务项目_比选公告,https://b2b.10086.cn/b2b/main/viewNoticeContent.html?noticeBean.id=640581,2020-03-20
陕西移动,平利县三阳镇湖河村等20个宽带宽带网元租赁项目_比选公告,https://b2b.10086.cn/b2b/main/viewNoticeContent.html?noticeBean.id=640582,2020-03-20
陕西移动,安康汉滨区恒口镇云峰村二期小区等19个宽带网元租赁项目_比选公告,https://b2b.10086.cn/b2b/main/viewNoticeContent.html?noticeBean.id=640586,2020-03-20
陕西移动,2020-2021年网管中心不良信息监测服务项目_比选公告,https://b2b.10086.cn/b2b/main/viewNoticeContent.html?noticeBean.id=640588,2020-03-20
政企分公司,郑州市既有路口、重要节点电子警察及卡口系统项目二期一标段集成技术服务及维保（中移全通）采购项目_比选公告,https://b2b.10086.cn/b2b/main/viewNoticeContent.html?noticeBean.id=640590,2020-03-20
浙江移动,中国移动浙江公司数据安全工具建设项目_招标公告,https://b2b.10086.cn/b2b/main/viewNoticeContent.html?noticeBean.id=640599,2020-03-20
陕西移动,汉滨区关庙镇汪垭村等15个宽带网元租赁项目_比选公告,https://b2b.10086.cn/b2b/main/viewNoticeContent.html?noticeBean.id=640602,2020-03-20
设计院,2020年统一信息平台业务管理系统维护服务项目_比选公告,https://b2b.10086.cn/b2b/main/viewNoticeContent.html?noticeBean.id=640606,2020-03-20
陕西移动,旬阳县棕溪镇杨河村等10个宽带网元租赁项目_比选公告,https://b2b.10086.cn/b2b/main/viewNoticeContent.html?noticeBean.id=640609,2020-03-20
政企分公司,陕西移动2019-2020年度售前技术支撑服务（集成公司）采购项目_比选公告,https://b2b.10086.cn/b2b/main/viewNoticeContent.html?noticeBean.id=640610,2020-03-20
山东移动,山东移动2020年济宁分公司兖州区教体局教育公共服务平台采购项目_比选公告,https://b2b.10086.cn/b2b/main/viewNoticeContent.html?noticeBean.id=640612,2020-03-20
重庆移动,2020年武隆分公司集团客户手机维修项目_比选公告,https://b2b.10086.cn/b2b/main/viewNoticeContent.html?noticeBean.id=640613,2020-03-20
浙江移动,中国移动浙江公司2020年外部电商售前支撑服务采购项目_比选公告,https://b2b.10086.cn/b2b/main/viewNoticeContent.html?noticeBean.id=640622,2020-03-20
四川移动,中国移动四川公司2019年4G七期第五批成都地铁滤波器专项购置工程项目_比选公告,https://b2b.10086.cn/b2b/main/viewNoticeContent.html?noticeBean.id=640624,2020-03-20
山东移动,山东移动2020年莱芜分公司智能语音管控平台采购项目_比选公告,https://b2b.10086.cn/b2b/main/viewNoticeContent.html?noticeBean.id=640632,2020-03-20
山西移动,中国移动山西公司2020年省公司发展战略部山西移动战略执行评估及短板提升研究的采购项目_比选公告,https://b2b.10086.cn/b2b/main/viewNoticeContent.html?noticeBean.id=640641,2020-03-20
云南移动,中国移动云南公司2020年网络管理中心原厂维保项目_询价公告,https://b2b.10086.cn/b2b/main/viewNoticeContent.html?noticeBean.id=640649,2020-03-20
浙江移动,中国移动浙江公司2020年度全省市场营销物资采购_比选采购_变更公告_(1),https://b2b.10086.cn/b2b/main/viewNoticeContent.html?noticeBean.id=640660,2020-03-20
广西移动,中国移动广西公司桂林市数码城接入区业务汇聚机房2购置采购项目（TD公司购置二手商铺） _采购变更公告(1),https://b2b.10086.cn/b2b/main/viewNoticeContent.html?noticeBean.id=640664,2020-03-20
内蒙移动,中国移动内蒙古公司2020年综合楼中央空调及新风系统管道更换项目_比选公告,https://b2b.10086.cn/b2b/main/viewNoticeContent.html?noticeBean.id=640672,2020-03-20
重庆移动,2020年长寿分公司数据维护项目（机房专线设备安全隐患整改）_比选公告,https://b2b.10086.cn/b2b/main/viewNoticeContent.html?noticeBean.id=640696,2020-03-20
新疆移动,克州分公司采购线上培训技术服务支撑项目_询价公告,https://b2b.10086.cn/b2b/main/viewNoticeContent.html?noticeBean.id=640705,2020-03-20
咪咕公司,咪咕视讯互联网电视中心平台七期单项工程统一门户优化软件_招标公告,https://b2b.10086.cn/b2b/main/viewNoticeContent.html?noticeBean.id=640709,2020-03-20
政企分公司,吉林省延边图们警务外勤平台开发（中移集成）采购项目_比选公告,https://b2b.10086.cn/b2b/main/viewNoticeContent.html?noticeBean.id=640724,2020-03-20
上海研究院,中移智行车联网集中化运营平台二期工程公开招标项目（二次）_招标公告,https://b2b.10086.cn/b2b/main/viewNoticeContent.html?noticeBean.id=640727,2020-03-20
山西移动,中国移动山西公司2020年信息安全中心两部委考核“数据安全管理”技术支撑服务采购项目_比选公告,https://b2b.10086.cn/b2b/main/viewNoticeContent.html?noticeBean.id=640730,2020-03-20
江苏移动,中国移动江苏公司常州分公司2020-2022年数据业务运营支撑服务(和商务直播支撑服务)采购项目_比选公告,https://b2b.10086.cn/b2b/main/viewNoticeContent.html?noticeBean.id=640739,2020-03-20
江西移动,江西移动2020年人人通平台支撑服务采购项目_比选公告,https://b2b.10086.cn/b2b/main/viewNoticeContent.html?noticeBean.id=640754,2020-03-20
陕西移动,陕西移动榆林分公司部分小区室分及综合业务机房转供电改直供施工项目_比选公告,https://b2b.10086.cn/b2b/main/viewNoticeContent.html?noticeBean.id=640762,2020-03-20
终端公司,中国移动通信集团终端有限公司贵州分公司办公系统维护支撑服务项目_采购公告,https://b2b.10086.cn/b2b/main/viewNoticeContent.html?noticeBean.id=640778,2020-03-20
