采购单位,标题,链接,发标日期
上海移动,中国移动上海公司2020年上海移动云业务应用上云支撑服务_比选公告,https://b2b.10086.cn/b2b/main/viewNoticeContent.html?noticeBean.id=637065,2020-03-04
云南移动,中国移动云南公司德宏分公司2019年德宏师范高等专科学校信息化项目施工采购项目_比选公告,https://b2b.10086.cn/b2b/main/viewNoticeContent.html?noticeBean.id=637108,2020-03-04
政企分公司,中移（雄安）产业研究院VR设备采购项目_比选公告,https://b2b.10086.cn/b2b/main/viewNoticeContent.html?noticeBean.id=637116,2020-03-04
甘肃移动,中国移动甘肃公司甘南分公司楼顶“中国移动5G 云网融合大数据中心 甘南”发光字制作项目_比选公告,https://b2b.10086.cn/b2b/main/viewNoticeContent.html?noticeBean.id=637118,2020-03-04
黑龙江移动,黑龙江移动2020年-2021年省本部及哈尔滨数据中心防雷检测项目_询价公告,https://b2b.10086.cn/b2b/main/viewNoticeContent.html?noticeBean.id=637121,2020-03-04
政企分公司,国家税务总局吴忠市利通区税务局办公楼WIFI系统技术服务（中移集成）项目_比选公告,https://b2b.10086.cn/b2b/main/viewNoticeContent.html?noticeBean.id=637134,2020-03-04
