采购单位,标题,链接,发标日期
黑龙江移动,黑龙江移动牡丹江分公司2020年通信市场信息调查采购项目_比选公告,https://b2b.10086.cn/b2b/main/viewNoticeContent.html?noticeBean.id=629107,2020-01-07
福建移动,中国移动福建公司2020年在线及互联网渠道监测服务公开比选采购项目_比选公告,https://b2b.10086.cn/b2b/main/viewNoticeContent.html?noticeBean.id=629127,2020-01-07
安徽移动,六安移动家客宽带投诉分析系统软件（小额）_采购公告,https://b2b.10086.cn/b2b/main/viewNoticeContent.html?noticeBean.id=629142,2020-01-07
安徽移动,六安移动2019年宽带统一售后服务客调平台（小额）_采购公告,https://b2b.10086.cn/b2b/main/viewNoticeContent.html?noticeBean.id=629151,2020-01-07
政企分公司,福建省泉州市公安局公安监管病区安防系统建设项目（中移全通）采购项目_比选公告,https://b2b.10086.cn/b2b/main/viewNoticeContent.html?noticeBean.id=629175,2020-01-07
江苏移动,中国移动江苏公司2020-2021年盐城分公司楼宇安防监控系统维修项目项目_询价公告,https://b2b.10086.cn/b2b/main/viewNoticeContent.html?noticeBean.id=629192,2020-01-07
江西移动,上饶移动2019年第四批乡镇厅及宽服厅业务外包合作商项目_采购变更公告(1),https://b2b.10086.cn/b2b/main/viewNoticeContent.html?noticeBean.id=629206,2020-01-07
广西移动,中国移动广西公司北海分公司曲湾村委接入区业务汇聚机房3的采购项目（TD投资)_采购变更公告(1),https://b2b.10086.cn/b2b/main/viewNoticeContent.html?noticeBean.id=629207,2020-01-07
天津移动,天津市中医院研究院附属医院一楼门禁系统项目_询价公告,https://b2b.10086.cn/b2b/main/viewNoticeContent.html?noticeBean.id=629208,2020-01-07
江苏移动,中国移动江苏公司2020年南通分公司集团互联网电视运营支撑服务项目_询价公告,https://b2b.10086.cn/b2b/main/viewNoticeContent.html?noticeBean.id=629211,2020-01-07
江苏移动,中国移动江苏公司中国移动（苏州）汾湖数据中心华为516项目熔配一体单元请购项目_询价公告,https://b2b.10086.cn/b2b/main/viewNoticeContent.html?noticeBean.id=629212,2020-01-07
江苏移动,中国移动江苏公司2020-2022年全省会议电视系统维保服务项目项目_比选公告,https://b2b.10086.cn/b2b/main/viewNoticeContent.html?noticeBean.id=629220,2020-01-07
政企分公司,北京云资源池建设项目系统集成服务（中移全通）采购项目_比选公告,https://b2b.10086.cn/b2b/main/viewNoticeContent.html?noticeBean.id=629232,2020-01-07
安徽移动,安徽移动2019年全省信息化展厅重点展品选型采购项目_比选公告,https://b2b.10086.cn/b2b/main/viewNoticeContent.html?noticeBean.id=629237,2020-01-07
吉林移动,中国移动吉林公司2020-2021年集团客户专线方案支撑服务公开比选项目_比选公告,https://b2b.10086.cn/b2b/main/viewNoticeContent.html?noticeBean.id=629241,2020-01-07
内蒙移动,中国移动内蒙古公司呼和浩特分公司2019年内蒙古农业大学东西区等6处家宽接入资源购置项目）（第二次）_招标公告,https://b2b.10086.cn/b2b/main/viewNoticeContent.html?noticeBean.id=629267,2020-01-07
设计院,2019年设计院3D设计软件采购项目_询价公告,https://b2b.10086.cn/b2b/main/viewNoticeContent.html?noticeBean.id=629268,2020-01-07
信息港中心,中国移动杭州研发中心二期工程地勘服务采购_招标公告,https://b2b.10086.cn/b2b/main/viewNoticeContent.html?noticeBean.id=629270,2020-01-07
江西移动,江西移动2019年业务支撑系统流量可视化设备采购项目_比选公告,https://b2b.10086.cn/b2b/main/viewNoticeContent.html?noticeBean.id=629277,2020-01-07
上海研究院,中移智行仿真平台公开招标项目_招标公告,https://b2b.10086.cn/b2b/main/viewNoticeContent.html?noticeBean.id=629291,2020-01-07
