采购单位,标题,链接,发标日期
政企分公司,重庆市渝中区大数据应用发展管理局无纸化会议服务系统（中移全通）采购项目_比选公告,https://b2b.10086.cn/b2b/main/viewNoticeContent.html?noticeBean.id=638856,2020-03-12
终端公司,重庆分公司后台业务外包项目补充协议_采购公告,https://b2b.10086.cn/b2b/main/viewNoticeContent.html?noticeBean.id=638862,2020-03-12
安徽移动,合肥移动2020-2021年度客户服务支撑采购项目_比选公告,https://b2b.10086.cn/b2b/main/viewNoticeContent.html?noticeBean.id=638872,2020-03-12
咪咕公司,2020年度员工企业文化建设综合支撑服务项目_比选公告,https://b2b.10086.cn/b2b/main/viewNoticeContent.html?noticeBean.id=638877,2020-03-12
内蒙移动,中国移动通信集团内蒙古有限公司鄂尔多斯分公司2020年渠道营销活动落地执行监督项目_比选公告,https://b2b.10086.cn/b2b/main/viewNoticeContent.html?noticeBean.id=638881,2020-03-12
河北移动,中国移动河北公司河北移动业支安全检测与处置平台工程（软件开发及集成服务）项目_比选公告,https://b2b.10086.cn/b2b/main/viewNoticeContent.html?noticeBean.id=638882,2020-03-12
政企分公司,关于党政行业竞争对策和拓展策略专题研究采购项目_比选公告,https://b2b.10086.cn/b2b/main/viewNoticeContent.html?noticeBean.id=638897,2020-03-12
甘肃移动,中国移动甘肃公司甘南分公司楼顶“中国移动5G 云网融合大数据中心 甘南”发光字制作项目_比选公告,https://b2b.10086.cn/b2b/main/viewNoticeContent.html?noticeBean.id=638899,2020-03-12
安徽移动,2020年池州移动市场部网格包干合作商引入比选项目_采购公告,https://b2b.10086.cn/b2b/main/viewNoticeContent.html?noticeBean.id=638901,2020-03-12
政企分公司,集成公司信息系统建设和服务能力评估服务采购项目_比选公告,https://b2b.10086.cn/b2b/main/viewNoticeContent.html?noticeBean.id=638907,2020-03-12
四川移动,中国移动四川公司德阳分公司2020-2022年“5G 信息化”演示服务项目_比选公告,https://b2b.10086.cn/b2b/main/viewNoticeContent.html?noticeBean.id=638913,2020-03-12
咪咕公司,咪咕公司2020-2022年人力资源支撑服务项目_比选公告,https://b2b.10086.cn/b2b/main/viewNoticeContent.html?noticeBean.id=638918,2020-03-12
内蒙移动,中国移动通信集团内蒙古有限公司呼伦贝尔分公司市场部2020年-2021年营业厅装修、维修设计服务项目_比选公告,https://b2b.10086.cn/b2b/main/viewNoticeContent.html?noticeBean.id=638931,2020-03-12
西藏移动,中国移动西藏公司那曲分公司2020年关于针对教育系统集团客户终端维修专项活动采购项目_比选公告,https://b2b.10086.cn/b2b/main/viewNoticeContent.html?noticeBean.id=638952,2020-03-12
