采购单位,标题,链接,发标日期
安徽移动,淮北公司市场部淮海路营业厅5G体验区装修改造服务项目_比选公告,https://b2b.10086.cn/b2b/main/viewNoticeContent.html?noticeBean.id=631831,2020-01-17
浙江移动,中国移动舟山分公司2020-2022年临城综合大楼中央空调系统维保服务采购项目_比选公告,https://b2b.10086.cn/b2b/main/viewNoticeContent.html?noticeBean.id=631860,2020-01-17
内蒙移动,中国移动内蒙古公司2020年集团客户部支撑服务采购项目_比选公告,https://b2b.10086.cn/b2b/main/viewNoticeContent.html?noticeBean.id=631861,2020-01-17
内蒙移动,中国移动内蒙古公司呼伦贝尔数据及语音设备采购项目_询价公告,https://b2b.10086.cn/b2b/main/viewNoticeContent.html?noticeBean.id=631862,2020-01-17
铁通公司,中移铁通北京分公司2020年市场产品及服务宣传形象设计采购项目_比选公告,https://b2b.10086.cn/b2b/main/viewNoticeContent.html?noticeBean.id=631863,2020-01-17
西藏移动,中国移动西藏公司昌都分公司2020年卡若区宽带电视服务中心房屋租赁项目_采购公告,https://b2b.10086.cn/b2b/main/viewNoticeContent.html?noticeBean.id=631864,2020-01-17
重庆移动,2019年永川分公司有线宽带建设疑难楼盘选址服务采购_询价公告,https://b2b.10086.cn/b2b/main/viewNoticeContent.html?noticeBean.id=631868,2020-01-17
互联网公司,中移互联网有限公司2019年技术中台二期（中间件定制开发及工具链等）项目公开比选项目_比选公告,https://b2b.10086.cn/b2b/main/viewNoticeContent.html?noticeBean.id=631889,2020-01-17
政企分公司,新疆兵团事务管理局综合管理平台（中移全通）采购项目_比选公告,https://b2b.10086.cn/b2b/main/viewNoticeContent.html?noticeBean.id=631891,2020-01-17
政企分公司,北京智能医院信息化建设-新生儿重症监护系统（中移全通）采购项目_比选公告,https://b2b.10086.cn/b2b/main/viewNoticeContent.html?noticeBean.id=631900,2020-01-17
云南移动,中国移动云南公司大理分公司2020年动感新青年业务外包项目_比选公告,https://b2b.10086.cn/b2b/main/viewNoticeContent.html?noticeBean.id=631912,2020-01-17
咪咕公司,2020年度咪咕音乐异业营销执行支撑合作伙伴引入项目_比选公告,https://b2b.10086.cn/b2b/main/viewNoticeContent.html?noticeBean.id=631939,2020-01-17
