采购单位,标题,链接,发标日期
广东移动,中国移动广东公司2020-2021年南方基地网管系统综合维护服务公开比选项目_比选公告,https://b2b.10086.cn/b2b/main/viewNoticeContent.html?noticeBean.id=630986,2020-01-14
铁通公司,中移铁通北京分公司2020年IDC高低压系统维保采购项目_比选公告,https://b2b.10086.cn/b2b/main/viewNoticeContent.html?noticeBean.id=630991,2020-01-14
政企分公司,湖南常德经投O2O商业平台建设开发（中移全通）采购项目_比选公告,https://b2b.10086.cn/b2b/main/viewNoticeContent.html?noticeBean.id=631001,2020-01-14
江苏移动,中国移动江苏公司2020年南通分公司语音录音系统项目_采购公告,https://b2b.10086.cn/b2b/main/viewNoticeContent.html?noticeBean.id=631021,2020-01-14
广东移动,中国移动广东公司2020-2021年展厅运维服务公开比选项目(南方基地)_比选公告,https://b2b.10086.cn/b2b/main/viewNoticeContent.html?noticeBean.id=631024,2020-01-14
山东移动,山东移动2020-2021年青岛分公司浮山路机房冷水机组维护服务项目_比选公告,https://b2b.10086.cn/b2b/main/viewNoticeContent.html?noticeBean.id=631028,2020-01-14
云南移动,中国移动云南公司2019-2021年省公司仓库租赁及仓储管理服务项目_竞争性谈判采购公告,https://b2b.10086.cn/b2b/main/viewNoticeContent.html?noticeBean.id=631047,2020-01-14
政企分公司,中国移动四川公司时空大数据位置技术支持服务（中移全通）采购项目_比选公告,https://b2b.10086.cn/b2b/main/viewNoticeContent.html?noticeBean.id=631049,2020-01-14
湖南移动,株洲移动分公司大楼楼顶广告牌及钢结构维护保养项目（第二次）_比选公告,https://b2b.10086.cn/b2b/main/viewNoticeContent.html?noticeBean.id=631077,2020-01-14
湖南移动,岳阳市人民检察院智慧检务平台维护项目_比选公告,https://b2b.10086.cn/b2b/main/viewNoticeContent.html?noticeBean.id=631090,2020-01-14
天津移动,中国移动天津公司内容运营中心IDC重要客户机柜拆改服务_比选公告,https://b2b.10086.cn/b2b/main/viewNoticeContent.html?noticeBean.id=631093,2020-01-14
四川移动,中国移动四川公司2020-2021年互联网异常流量监测服务项目_比选公告,https://b2b.10086.cn/b2b/main/viewNoticeContent.html?noticeBean.id=631110,2020-01-14
