采购单位,标题,链接,发标日期
江西移动,上饶移动2019年第四批乡镇厅及宽服厅业务外包合作商项目_采购变更公告【截止时间变更为2020-2-26 11:00:00】,https://b2b.10086.cn/b2b/main/viewNoticeContent.html?noticeBean.id=634748,2020-02-18
广东移动,中国移动广东公司2020年信息技术应用创新支撑公开比选项目（广州）(广州)_比选公告,https://b2b.10086.cn/b2b/main/viewNoticeContent.html?noticeBean.id=634769,2020-02-18
浙江移动,中国移动金华分公司2020-2021年集团客户及公司员工生日蛋糕采购项目_比选公告,https://b2b.10086.cn/b2b/main/viewNoticeContent.html?noticeBean.id=634775,2020-02-18
广西移动,中国移动广西公司2020-2022年业务支撑系统开发需求交付质量保障项目_招标公告,https://b2b.10086.cn/b2b/main/viewNoticeContent.html?noticeBean.id=634779,2020-02-18
吉林移动,中国移动吉林公司2019年携号转网信令监测端到端分析系统建设工程公开比选项目_比选公告,https://b2b.10086.cn/b2b/main/viewNoticeContent.html?noticeBean.id=634787,2020-02-18
甘肃移动,中国移动甘肃公司甘南移动云计算数据中心装饰装修设计单位采购_比选公告,https://b2b.10086.cn/b2b/main/viewNoticeContent.html?noticeBean.id=634809,2020-02-18
终端公司,湖北分公司“前置仓”智能柜机租赁试点采购项目_采购公告,https://b2b.10086.cn/b2b/main/viewNoticeContent.html?noticeBean.id=634812,2020-02-18
湖南移动,株洲移动分公司大楼楼顶广告牌及钢结构维护保养项目（第四次）_比选公告,https://b2b.10086.cn/b2b/main/viewNoticeContent.html?noticeBean.id=634821,2020-02-18
河北移动,中国移动河北公司2020-2021年基本建设工程造价咨询服务框架采购项目_比选采购_变更公告_(2),https://b2b.10086.cn/b2b/main/viewNoticeContent.html?noticeBean.id=634834,2020-02-18
山东移动,山东移动2020-2021年企业形象宣传支撑服务采购项目_比选公告,https://b2b.10086.cn/b2b/main/viewNoticeContent.html?noticeBean.id=634840,2020-02-18
辽宁移动,中国移动辽宁公司辽宁移动PLUS会员运营支撑项目_比选公告,https://b2b.10086.cn/b2b/main/viewNoticeContent.html?noticeBean.id=634842,2020-02-18
