采购单位,标题,链接,发标日期
江苏移动,中国移动江苏公司关于无锡分公司邮寄服务（因公文件及物品、线上营销号卡及板卡寄送服务）的采购项目_比选公告,https://b2b.10086.cn/b2b/main/viewNoticeContent.html?noticeBean.id=635714,2020-02-25
广西移动,中国移动广西公司来宾分公司来宾综合业务接入机房工程及室外工程专项检测采购项目_比选公告,https://b2b.10086.cn/b2b/main/viewNoticeContent.html?noticeBean.id=635715,2020-02-25
福建移动,福建移动三明分公司2020年关于永安市第九中学校园智慧管理平台公开询价采购项目_询价公告,https://b2b.10086.cn/b2b/main/viewNoticeContent.html?noticeBean.id=635724,2020-02-25
云南移动,中国移动云南公司曲靖分公司会泽生产调度楼车牌识别管理系统项目_比选公告,https://b2b.10086.cn/b2b/main/viewNoticeContent.html?noticeBean.id=635731,2020-02-25
江苏移动,中国移动江苏公司2020年苏州分公司ICT项目商机支撑系统VPN设备及配套软件采购项目_比选公告,https://b2b.10086.cn/b2b/main/viewNoticeContent.html?noticeBean.id=635732,2020-02-25
四川移动,中国移动四川公司成都分公司2020年-2022年网络设备智能管理服务项目_比选公告,https://b2b.10086.cn/b2b/main/viewNoticeContent.html?noticeBean.id=635736,2020-02-25
广西移动,中国移动广西公司2020-2021年机房气体消防系统维保服务框架协议采购项目   _比选公告,https://b2b.10086.cn/b2b/main/viewNoticeContent.html?noticeBean.id=635737,2020-02-25
海南移动,中国移动海南公司2020-2022年老城数据中心暖通系统维保服务项目_比选公告,https://b2b.10086.cn/b2b/main/viewNoticeContent.html?noticeBean.id=635743,2020-02-25
湖南移动,中国移动湖南公司怀化分公司仓储辅助运营服务项目采购_比选公告,https://b2b.10086.cn/b2b/main/viewNoticeContent.html?noticeBean.id=635748,2020-02-25
上海移动,中国移动上海公司2020-2023年数据库审计设备维保服务_询价公告,https://b2b.10086.cn/b2b/main/viewNoticeContent.html?noticeBean.id=635750,2020-02-25
福建移动,福建移动三明分公司2020年关于永安广电视频监控云平台项目公开招标采购项目_招标公告,https://b2b.10086.cn/b2b/main/viewNoticeContent.html?noticeBean.id=635757,2020-02-25
上海移动,中国移动上海公司嘉定市场监督管理局4G移动执法系统项目_比选公告,https://b2b.10086.cn/b2b/main/viewNoticeContent.html?noticeBean.id=635766,2020-02-25
上海移动,中国移动上海公司2020年视频分析智能小站（中移信息）采购项目_询价公告,https://b2b.10086.cn/b2b/main/viewNoticeContent.html?noticeBean.id=635780,2020-02-25
北京移动,中国移动北京公司2019-2021年舆情监测服务项目_比选公告,https://b2b.10086.cn/b2b/main/viewNoticeContent.html?noticeBean.id=635781,2020-02-25
政企分公司,河北省沧州经济开发区融媒体中心指挥中心建设（中移集成）采购项目_比选公告,https://b2b.10086.cn/b2b/main/viewNoticeContent.html?noticeBean.id=635784,2020-02-25
政企分公司,河南省濮阳县智慧环保大数据（中移集成）采购项目_比选公告,https://b2b.10086.cn/b2b/main/viewNoticeContent.html?noticeBean.id=635785,2020-02-25
辽宁移动,中国移动辽宁公司朝阳分公司2020年智能音箱采购项目_比选公告,https://b2b.10086.cn/b2b/main/viewNoticeContent.html?noticeBean.id=635800,2020-02-25
江苏移动,中国移动江苏公司关于无锡分公司数据中心三期项目维护支撑用房（食堂）装修改造项目的方案项目_比选公告,https://b2b.10086.cn/b2b/main/viewNoticeContent.html?noticeBean.id=635802,2020-02-25
