采购单位,标题,链接,发标日期
江西移动,上饶移动第二通信楼项目管理服务项目_询价公告,https://b2b.10086.cn/b2b/main/viewNoticeContent.html?noticeBean.id=639102,2020-03-13
政企分公司,多媒体集成展项与运营支撑服务项目产品与服务（集成公司）采购项目_比选公告,https://b2b.10086.cn/b2b/main/viewNoticeContent.html?noticeBean.id=639128,2020-03-13
重庆移动,2020-2022年万州片区（开州、忠县、万州、梁平、云阳、巫溪、巫山、奉节）C-RAN业务汇聚机房装修联合采购项目_招标公告,https://b2b.10086.cn/b2b/main/viewNoticeContent.html?noticeBean.id=639129,2020-03-13
重庆移动,永川分公司有线宽带建设项目疑难楼盘选址服务采购_询价公告,https://b2b.10086.cn/b2b/main/viewNoticeContent.html?noticeBean.id=639133,2020-03-13
湖南移动,湖南移动张家界分公司2020年大众市场促销服务项目_比选公告,https://b2b.10086.cn/b2b/main/viewNoticeContent.html?noticeBean.id=639139,2020-03-13
山东移动,山东移动2020年枣庄分公司滕州公安视频网运维管理系统采购项目_比选公告,https://b2b.10086.cn/b2b/main/viewNoticeContent.html?noticeBean.id=639146,2020-03-13
重庆移动,2020-2022年永川片区（永川、荣昌、大足、璧山、江津）C-RAN业务汇聚机房装修项目_招标公告,https://b2b.10086.cn/b2b/main/viewNoticeContent.html?noticeBean.id=639151,2020-03-13
山西移动,中国移动山西公司2020年省公司信息技术部支撑网网络安全设备扩容项目网络安全拟态防御审计系统采购项目_比选公告,https://b2b.10086.cn/b2b/main/viewNoticeContent.html?noticeBean.id=639152,2020-03-13
成都研究院,中移（成都）信息通信科技有限公司北京分院2020年名师直播课堂网校平台建设项目_比选公告,https://b2b.10086.cn/b2b/main/viewNoticeContent.html?noticeBean.id=639155,2020-03-13
中移金科,和包安全管控三期扩容工程防病毒软件采购项目_比选公告,https://b2b.10086.cn/b2b/main/viewNoticeContent.html?noticeBean.id=639166,2020-03-13
陕西移动,陕西移动2019年核心网及业务平台基础安全加固服务项目_比选公告,https://b2b.10086.cn/b2b/main/viewNoticeContent.html?noticeBean.id=639168,2020-03-13
辽宁移动,中国移动辽宁公司2020年实体渠道营销落地及服务质量暗检项目_比选公告,https://b2b.10086.cn/b2b/main/viewNoticeContent.html?noticeBean.id=639170,2020-03-13
重庆移动,主城片区分公司2020-2022年C-RAN业务汇聚机房装修_招标公告,https://b2b.10086.cn/b2b/main/viewNoticeContent.html?noticeBean.id=639181,2020-03-13
铁通公司,中移铁通重庆分公司2020年度维护业务耗材工具采购项目_询价公告,https://b2b.10086.cn/b2b/main/viewNoticeContent.html?noticeBean.id=639186,2020-03-13
终端公司,中国移动终端公司2020年3月昌平信息港主观听音测试系统采购项目_比选公告,https://b2b.10086.cn/b2b/main/viewNoticeContent.html?noticeBean.id=639189,2020-03-13
上海研究院,中移智行轨交信息化云服务采购公开比选项目_比选公告,https://b2b.10086.cn/b2b/main/viewNoticeContent.html?noticeBean.id=639197,2020-03-13
黑龙江移动,关于IDC八期工程IT硬件设备项目_比选公告,https://b2b.10086.cn/b2b/main/viewNoticeContent.html?noticeBean.id=639200,2020-03-13
贵州移动,关于中国移动通信集团贵州有限公司2020-2022年(24个月) 市场部传播策划服务项目采购方案的汇报_比选公告,https://b2b.10086.cn/b2b/main/viewNoticeContent.html?noticeBean.id=639205,2020-03-13
陕西移动,陕西移动2020-2021年数据中心及核心机楼场地基础设施质量测试服务项目_比选公告,https://b2b.10086.cn/b2b/main/viewNoticeContent.html?noticeBean.id=639217,2020-03-13
辽宁移动,中国移动辽宁公司2020年葫芦岛分公司政企客户推介服务采购项目_比选公告,https://b2b.10086.cn/b2b/main/viewNoticeContent.html?noticeBean.id=639218,2020-03-13
投资公司,中国移动投资公司资本运营战略暨并购市场投资标的、逻辑和操作研究项目_比选公告,https://b2b.10086.cn/b2b/main/viewNoticeContent.html?noticeBean.id=639220,2020-03-13
浙江移动,杭州至富阳城际铁路民用通信系统施工项目_采购公告,https://b2b.10086.cn/b2b/main/viewNoticeContent.html?noticeBean.id=639233,2020-03-13
浙江移动,杭州地铁6号线二期、9号线一期北段民用通信系统施工项目_采购公告,https://b2b.10086.cn/b2b/main/viewNoticeContent.html?noticeBean.id=639234,2020-03-13
