采购单位,标题,链接,发标日期
互联网公司,中移互联网有限公司2020年云业务技术支撑公开比选项目_比选公告,https://b2b.10086.cn/b2b/main/viewNoticeContent.html?noticeBean.id=628256,2020-01-03
甘肃移动,中国移动甘肃公司陇南分公司2019年5G 信息化展厅基础装饰装修采购方案_比选公告,https://b2b.10086.cn/b2b/main/viewNoticeContent.html?noticeBean.id=628264,2020-01-03
内蒙移动,中国移动通信集团内蒙古有限公司鄂尔多斯分公司全球通客户采购洗车券项目_招标公告,https://b2b.10086.cn/b2b/main/viewNoticeContent.html?noticeBean.id=628269,2020-01-03
广东移动,中国移动广东公司2020年“5G 边缘云” 试点服务支撑公开比选项目（广州）_比选公告,https://b2b.10086.cn/b2b/main/viewNoticeContent.html?noticeBean.id=628294,2020-01-03
江苏移动,中国移动江苏公司2020-2021年全省人事档案管理服务项目项目_比选公告,https://b2b.10086.cn/b2b/main/viewNoticeContent.html?noticeBean.id=628297,2020-01-03
内蒙移动,2020年呼伦贝尔分公司市场经营部经理人员周转住房租赁项目_采购公告,https://b2b.10086.cn/b2b/main/viewNoticeContent.html?noticeBean.id=628307,2020-01-03
福建移动,中国移动福建公司2020年CloudVR运营支撑服务公开比选采购项目_比选公告,https://b2b.10086.cn/b2b/main/viewNoticeContent.html?noticeBean.id=628314,2020-01-03
铁通公司,中移建设有限公司2019年100G光谱分析仪采购项目_比选公告,https://b2b.10086.cn/b2b/main/viewNoticeContent.html?noticeBean.id=628318,2020-01-03
西藏移动,中国移动西藏公司山南分公司2020年办公设备及视讯通设备测试维护外包项目_比选公告,https://b2b.10086.cn/b2b/main/viewNoticeContent.html?noticeBean.id=628320,2020-01-03
福建移动,2019-2022年福州分公司应急通信可视化分布调度系统租赁项目_询价公告,https://b2b.10086.cn/b2b/main/viewNoticeContent.html?noticeBean.id=628341,2020-01-03
在线服务公司,在线服务公司区块链平台建设及应用赋能项目_招标公告,https://b2b.10086.cn/b2b/main/viewNoticeContent.html?noticeBean.id=628361,2020-01-03
贵州移动,2019年贵阳分公司集团专线网络技术服务支撑项目_比选公告,https://b2b.10086.cn/b2b/main/viewNoticeContent.html?noticeBean.id=628402,2020-01-03
江苏移动,中国移动江苏公司关于无锡分公司2020-2021年数据业务运营支撑服务(和商务直播支撑服务)项目项目_比选公告,https://b2b.10086.cn/b2b/main/viewNoticeContent.html?noticeBean.id=628411,2020-01-03
西藏移动,中国移动西藏公司区19年市场监督管理局线路租赁及机构改革后机房设备扩容项目_比选公告,https://b2b.10086.cn/b2b/main/viewNoticeContent.html?noticeBean.id=628417,2020-01-03
安徽移动,中国移动安徽滁州开发区生产楼二路市电施工服务_询价公告,https://b2b.10086.cn/b2b/main/viewNoticeContent.html?noticeBean.id=628426,2020-01-03
山东移动,山东移动2019年淄博分公司沂源县人民政府综合智能管理系统采购项目_比选公告,https://b2b.10086.cn/b2b/main/viewNoticeContent.html?noticeBean.id=628428,2020-01-03
