采购单位,标题,链接,发标日期
江苏移动,中国移动江苏公司2020-2022年南通分公司视频监控调用平台服务项目_询价公告,https://b2b.10086.cn/b2b/main/viewNoticeContent.html?noticeBean.id=630171,2020-01-10
湖南移动,湖南移动2020年IT系统平台软件及硬件设备高级技术支撑服务项目_比选公告,https://b2b.10086.cn/b2b/main/viewNoticeContent.html?noticeBean.id=630173,2020-01-10
终端公司,福建分公司2020-2021年售后业务外包合作商引入项目_比选公告,https://b2b.10086.cn/b2b/main/viewNoticeContent.html?noticeBean.id=630179,2020-01-10
浙江移动,中国移动浙江公司2019-2020年电子渠道系统软件安全开发生命周期管理服务项目_比选公告,https://b2b.10086.cn/b2b/main/viewNoticeContent.html?noticeBean.id=630183,2020-01-10
黑龙江移动,黑龙江移动2020年-2022年数据中心空调水泵维保服务采购项目_比选公告,https://b2b.10086.cn/b2b/main/viewNoticeContent.html?noticeBean.id=630193,2020-01-10
江苏移动,中国移动江苏公司君悦大酒店综合业务接入区汇聚机房购置项目项目_采购变更公告(2),https://b2b.10086.cn/b2b/main/viewNoticeContent.html?noticeBean.id=630226,2020-01-10
内蒙移动,中国移动通信集团内蒙古有限公司鄂尔多斯分公司皇冠假日酒店类酒店业务入局光缆装饰修复工程项目_比选公告,https://b2b.10086.cn/b2b/main/viewNoticeContent.html?noticeBean.id=630235,2020-01-10
上海移动,中国移动上海公司临港IDC研发与产业化基地二期土建工程防雷检测服务_比选公告,https://b2b.10086.cn/b2b/main/viewNoticeContent.html?noticeBean.id=630246,2020-01-10
黑龙江移动,黑龙江移动2020年市场信息及需求调研服务采购项目_比选公告,https://b2b.10086.cn/b2b/main/viewNoticeContent.html?noticeBean.id=630250,2020-01-10
安徽移动,宿州市公安局一体化通信指挥实战平台（一期）采购项目_询价公告,https://b2b.10086.cn/b2b/main/viewNoticeContent.html?noticeBean.id=630251,2020-01-10
终端公司,2020年沈北库房仓储管理服务项目10万元以下采购项目_采购公告,https://b2b.10086.cn/b2b/main/viewNoticeContent.html?noticeBean.id=630254,2020-01-10
安徽移动,安徽省巢湖监狱移动执法执勤平台设备采购项目软硬件及配套施工采购_询价公告,https://b2b.10086.cn/b2b/main/viewNoticeContent.html?noticeBean.id=630258,2020-01-10
上海移动,中国移动上海公司临港IDC研发与产业化基地二期土建工程施工现场扬尘噪声在线监测服务_招标公告,https://b2b.10086.cn/b2b/main/viewNoticeContent.html?noticeBean.id=630272,2020-01-10
湖南移动,湖南邵东市人民检察院监控系统和报警系统ICT集成项目_比选公告,https://b2b.10086.cn/b2b/main/viewNoticeContent.html?noticeBean.id=630279,2020-01-10
贵州移动,2020年政企客户分公司行业短信全网服务项目_比选公告,https://b2b.10086.cn/b2b/main/viewNoticeContent.html?noticeBean.id=630304,2020-01-10
山东移动,山东移动菏泽分公司2020年成武县教育局无线教育平台系统采购项目_采购公告,https://b2b.10086.cn/b2b/main/viewNoticeContent.html?noticeBean.id=630319,2020-01-10
