采购单位,标题,链接,发标日期
云南移动,中国移动云南公司2020-2021年资源管理优化服务_比选公告,https://b2b.10086.cn/b2b/main/viewNoticeContent.html?noticeBean.id=634318,2020-02-13
终端公司,自有品牌带屏智能音箱S-Play1（7寸屏）和S-Play1 Pro（8寸屏）产品制造服务项目_比选公告,https://b2b.10086.cn/b2b/main/viewNoticeContent.html?noticeBean.id=634324,2020-02-13
铁通公司,山东铁通工程建设有限责任公司涉密资质咨询服务采购_询价公告,https://b2b.10086.cn/b2b/main/viewNoticeContent.html?noticeBean.id=634337,2020-02-13
宁夏移动,中国移动宁夏公司2020-2021年数据业务线上运营支撑团队采购项目_比选公告,https://b2b.10086.cn/b2b/main/viewNoticeContent.html?noticeBean.id=634346,2020-02-13
四川移动,中国移动四川公司2020年通信和信息化业务大数据挖掘及业务服务技术支撑项目_比选公告,https://b2b.10086.cn/b2b/main/viewNoticeContent.html?noticeBean.id=634354,2020-02-13
西藏移动,中国移动西藏公司网络部2020年DNS系统维保服务项目_比选公告,https://b2b.10086.cn/b2b/main/viewNoticeContent.html?noticeBean.id=634359,2020-02-13
