采购单位,标题,链接,发标日期
北京移动,中国移动北京公司2019-2021年舆情监测服务项目_比选公告,https://b2b.10086.cn/b2b/main/viewNoticeContent.html?noticeBean.id=637551,2020-03-06
山西移动,中国移动山西公司2020-2021年物资管理部采购管理专项检查采购项目_比选公告,https://b2b.10086.cn/b2b/main/viewNoticeContent.html?noticeBean.id=637557,2020-03-06
陕西移动,2020年西安移动微波维修维护服务项目_比选公告,https://b2b.10086.cn/b2b/main/viewNoticeContent.html?noticeBean.id=637560,2020-03-06
湖南移动,中国移动湖南公司邵阳市商务局网络配套信息化改造ICT项目_比选公告,https://b2b.10086.cn/b2b/main/viewNoticeContent.html?noticeBean.id=637582,2020-03-06
终端公司,中国移动通信集团终端有限公司北京分公司2020-2021年度零售业务外包项目_比选公告,https://b2b.10086.cn/b2b/main/viewNoticeContent.html?noticeBean.id=637595,2020-03-06
上海移动,中国移动上海公司2020-2023年IT系统短信认证平台日常应用维护与优化服务_询价公告,https://b2b.10086.cn/b2b/main/viewNoticeContent.html?noticeBean.id=637608,2020-03-06
浙江移动,中国移动浙江公司2020-2021年度全省营业服务质量暗访监测服务_比选公告,https://b2b.10086.cn/b2b/main/viewNoticeContent.html?noticeBean.id=637610,2020-03-06
政企分公司,中国移动四川公司中石化西南油气分公司GPS车辆管理系统服务（集成公司）采购项目_比选公告,https://b2b.10086.cn/b2b/main/viewNoticeContent.html?noticeBean.id=637619,2020-03-06
福建移动,2019年泉州移动台商投资区张坂中学云桌面系统代建项目_采购公告,https://b2b.10086.cn/b2b/main/viewNoticeContent.html?noticeBean.id=637680,2020-03-06
浙江移动,中国移动浙江公司2020年度有源GPS放大分路系统采购项目_招标公告,https://b2b.10086.cn/b2b/main/viewNoticeContent.html?noticeBean.id=637695,2020-03-06
上海移动,中国移动上海公司2020-2023年业务支撑机房非工程布线（含光纤）维护_询价公告,https://b2b.10086.cn/b2b/main/viewNoticeContent.html?noticeBean.id=637696,2020-03-06
上海移动,中国移动上海公司2020-2023年漏洞扫描与反DDOS设备维护技术服务_询价公告,https://b2b.10086.cn/b2b/main/viewNoticeContent.html?noticeBean.id=637697,2020-03-06
甘肃移动,中国移动甘肃公司兰州分公司2019年安宁区教育局智慧校徽管理平台系统技术服务项目_比选公告,https://b2b.10086.cn/b2b/main/viewNoticeContent.html?noticeBean.id=637701,2020-03-06
在线服务公司,在线服务公司2020年互动视频研发项目_招标公告,https://b2b.10086.cn/b2b/main/viewNoticeContent.html?noticeBean.id=637705,2020-03-06
