采购单位,标题,链接,发标日期
上海移动,中国移动上海公司2019年业务私有云扩容优化工程-数据库审计软件_比选公告,https://b2b.10086.cn/b2b/main/viewNoticeContent.html?noticeBean.id=632365,2020-01-20
北京移动,中国移动北京公司CDN日志能力开放平台研究开发项目_比选公告,https://b2b.10086.cn/b2b/main/viewNoticeContent.html?noticeBean.id=632368,2020-01-20
黑龙江移动,黑龙江移动牡丹江分公司2020年通信市场信息调查采购项目_比选公告,https://b2b.10086.cn/b2b/main/viewNoticeContent.html?noticeBean.id=632375,2020-01-20
湖北移动,中国移动湖北公司咸宁温泉五洲新天地业务汇聚机房购置_采购公告(第2次),https://b2b.10086.cn/b2b/main/viewNoticeContent.html?noticeBean.id=632379,2020-01-20
湖北移动,中国移动湖北公司咸宁温泉巴黎城业务汇聚机房购置_采购公告(第2次),https://b2b.10086.cn/b2b/main/viewNoticeContent.html?noticeBean.id=632380,2020-01-20
江苏移动,中国移动江苏公司2020年苏州分公司4G网络扫楼和大数据劣化场景测试网络整治服务项目_比选公告,https://b2b.10086.cn/b2b/main/viewNoticeContent.html?noticeBean.id=632396,2020-01-20
互联网公司,中移互联网有限公司2020年和彩云运营支撑公开比选项目_比选公告,https://b2b.10086.cn/b2b/main/viewNoticeContent.html?noticeBean.id=632413,2020-01-20
互联网公司,中移互联网有限公司2020年MySQL数据库软件扩容项目公开询价项目_询价公告,https://b2b.10086.cn/b2b/main/viewNoticeContent.html?noticeBean.id=632419,2020-01-20
西藏移动,中国移动西藏公司2020年渠道服务质量检测支撑项目_比选公告,https://b2b.10086.cn/b2b/main/viewNoticeContent.html?noticeBean.id=632443,2020-01-20
河北移动,中国移动河北公司2020-2021年基本建设工程造价咨询服务框架采购项目_比选公告,https://b2b.10086.cn/b2b/main/viewNoticeContent.html?noticeBean.id=632468,2020-01-20
天津移动,中国移动天津公司2020年用户上网运营支撑服务框架项目_比选公告,https://b2b.10086.cn/b2b/main/viewNoticeContent.html?noticeBean.id=632486,2020-01-20
内蒙移动,中国移动内蒙古公司呼和浩特分公司集团客户部内蒙古医科大学高校云知识图谱深度学习平台项目_比选公告,https://b2b.10086.cn/b2b/main/viewNoticeContent.html?noticeBean.id=632487,2020-01-20
