采购单位,标题,链接,发标日期
湖南移动,中国移动湖南公司云网融合能力提升业务编排器项目_比选公告,https://b2b.10086.cn/b2b/main/viewNoticeContent.html?noticeBean.id=634610,2020-02-17
在线服务公司,在线服务公司云客服分公司2020年中移云客服专业版在线客服能力研发项目_招标公告,https://b2b.10086.cn/b2b/main/viewNoticeContent.html?noticeBean.id=634613,2020-02-17
内蒙移动,中国移动通信集团内蒙古有限公司2020年实体渠道转型支撑项目_比选公告,https://b2b.10086.cn/b2b/main/viewNoticeContent.html?noticeBean.id=634624,2020-02-17
江苏移动,中国移动江苏公司连云港集团互联网电视平台支撑厂家采购项目_询价公告,https://b2b.10086.cn/b2b/main/viewNoticeContent.html?noticeBean.id=634632,2020-02-17
总部,中国移动2020年至2021年人工智能服务器产品集中采购_招标公告,https://b2b.10086.cn/b2b/main/viewNoticeContent.html?noticeBean.id=634641,2020-02-17
江苏移动,中国移动江苏公司2020年南通分公司语音录音系统项目_采购变更公告(1),https://b2b.10086.cn/b2b/main/viewNoticeContent.html?noticeBean.id=634647,2020-02-17
西藏移动,中国移动西藏公司网络部2020年Radius系统维保服务项目_比选公告,https://b2b.10086.cn/b2b/main/viewNoticeContent.html?noticeBean.id=634649,2020-02-17
云南移动,中国移动云南公司临沧分公司2020年IT终端设备代维服务项目_竞争性谈判采购公告,https://b2b.10086.cn/b2b/main/viewNoticeContent.html?noticeBean.id=634654,2020-02-17
河南移动,河南移动2020-2021年港区、高新区数据中心动力维护服务项目_比选公告,https://b2b.10086.cn/b2b/main/viewNoticeContent.html?noticeBean.id=634679,2020-02-17
