采购单位,标题,链接,发标日期
互联网公司,中移互联网有限公司2020-2021年MM业务结算支撑公开比选项目_比选公告,https://b2b.10086.cn/b2b/main/viewNoticeContent.html?noticeBean.id=636601,2020-03-02
辽宁移动,中国移动辽宁公司大连分公司2020年视频监控系统迁改、拆装服务项目_采购公告,https://b2b.10086.cn/b2b/main/viewNoticeContent.html?noticeBean.id=636607,2020-03-02
中移金科,和包安全管控三期扩容工程数据脱敏软件采购项目_比选公告,https://b2b.10086.cn/b2b/main/viewNoticeContent.html?noticeBean.id=636615,2020-03-02
陕西移动,镇坪县曾家镇向阳村等39个宽带网元租赁项目_比选公告,https://b2b.10086.cn/b2b/main/viewNoticeContent.html?noticeBean.id=636620,2020-03-02
政企分公司,河北省海兴县公安局视频图像智能应用平台（中移集成）采购项目(2)_比选公告,https://b2b.10086.cn/b2b/main/viewNoticeContent.html?noticeBean.id=636628,2020-03-02
陕西移动,紫阳县红椿镇民利村等19个宽带网元租赁项目_比选公告,https://b2b.10086.cn/b2b/main/viewNoticeContent.html?noticeBean.id=636635,2020-03-02
江苏移动,中国移动江苏公司宿迁市海事局视频监控维护服务项目_询价公告,https://b2b.10086.cn/b2b/main/viewNoticeContent.html?noticeBean.id=636636,2020-03-02
黑龙江移动,黑龙江移动2020年新技术新业务非APP业务安全评估服务项目_比选公告,https://b2b.10086.cn/b2b/main/viewNoticeContent.html?noticeBean.id=636642,2020-03-02
终端公司,重庆分公司2020年4月-2021年3月内部物业管理服务项目_比选公告,https://b2b.10086.cn/b2b/main/viewNoticeContent.html?noticeBean.id=636643,2020-03-02
政企分公司,河北省河北珑玺山医院（省二院西院区）数据中心平台建设（中移集成）采购项目_比选公告,https://b2b.10086.cn/b2b/main/viewNoticeContent.html?noticeBean.id=636647,2020-03-02
四川移动,中国移动四川公司2020-2022年市州局房土建项目可行性研究服务采购项目_比选公告,https://b2b.10086.cn/b2b/main/viewNoticeContent.html?noticeBean.id=636651,2020-03-02
陕西移动,陕西移动2019年核心网及业务平台基础安全加固服务项目_比选公告,https://b2b.10086.cn/b2b/main/viewNoticeContent.html?noticeBean.id=636656,2020-03-02
中移金科,安全管理平台一期工程蜜罐设备采购项目_比选公告,https://b2b.10086.cn/b2b/main/viewNoticeContent.html?noticeBean.id=636660,2020-03-02
政企分公司,总部办公基础设施运维支持及需求变更硬件维护支撑服务（中移集成）采购项目_比选公告,https://b2b.10086.cn/b2b/main/viewNoticeContent.html?noticeBean.id=636670,2020-03-02
江苏移动,中国移动江苏公司扬州分公司智能楼宇电视管理系统采购项目项目_比选公告,https://b2b.10086.cn/b2b/main/viewNoticeContent.html?noticeBean.id=636674,2020-03-02
甘肃移动,中国移动甘肃公司定西分公司陇西县应急指挥系统建设项目合作伙伴选择项目_比选公告,https://b2b.10086.cn/b2b/main/viewNoticeContent.html?noticeBean.id=636679,2020-03-02
中移金科,安全管理平台一期工程网络流量审计设备采购项目_比选公告,https://b2b.10086.cn/b2b/main/viewNoticeContent.html?noticeBean.id=636713,2020-03-02
