采购单位,标题,链接,发标日期
江苏移动,中国移动江苏公司宿豫区陆集中心学校等学校资料共享平台管理系统项目_比选公告,https://b2b.10086.cn/b2b/main/viewNoticeContent.html?noticeBean.id=629517,2020-01-08
四川移动,中国移动四川公司成都分公司2020年会计档案整理业务外包服务项目_比选公告,https://b2b.10086.cn/b2b/main/viewNoticeContent.html?noticeBean.id=629538,2020-01-08
设计院,2019-2021年华东三区企业形象及业务宣传制作服务采购项目_比选公告,https://b2b.10086.cn/b2b/main/viewNoticeContent.html?noticeBean.id=629568,2020-01-08
政企分公司,重庆市渝中区阳光餐饮视频监控系统（中移全通）采购项目_比选公告,https://b2b.10086.cn/b2b/main/viewNoticeContent.html?noticeBean.id=629572,2020-01-08
政企分公司,河南省平顶山叶县河道采砂监控平台服务（中移全通）采购项目_比选公告,https://b2b.10086.cn/b2b/main/viewNoticeContent.html?noticeBean.id=629573,2020-01-08
政企分公司,湖南省长沙县大数据中心长沙县视频会议系统（中移全通）采购项目_比选公告,https://b2b.10086.cn/b2b/main/viewNoticeContent.html?noticeBean.id=629574,2020-01-08
上海移动,中国移动上海公司2020-2022年营业厅人脸识别系统设备采购项目_招标公告,https://b2b.10086.cn/b2b/main/viewNoticeContent.html?noticeBean.id=629576,2020-01-08
甘肃移动,甘肃移动2019年4G统一DPI四期扩容工程服务器硬盘扩容采购_竞争性谈判采购公告,https://b2b.10086.cn/b2b/main/viewNoticeContent.html?noticeBean.id=629595,2020-01-08
浙江移动,中国移动浙江公司2020-2021年浙东产业园110kV（含10KV）电缆代维护与变电站预防性试验服务采购项目_比选公告,https://b2b.10086.cn/b2b/main/viewNoticeContent.html?noticeBean.id=629601,2020-01-08
政企分公司,河南省天鹅铝业有限公司企业上云及移动办公管理平台建设（中移全通）采购项目_比选公告,https://b2b.10086.cn/b2b/main/viewNoticeContent.html?noticeBean.id=629622,2020-01-08
江苏移动,中国移动江苏公司软负载管理软件公开比选项目_比选公告,https://b2b.10086.cn/b2b/main/viewNoticeContent.html?noticeBean.id=629633,2020-01-08
