采购单位,标题,链接,发标日期
湖北移动,中国移动湖北公司潜江分公司高频综合业务区传输汇聚机房购置项目_公开竞争性谈判采购公告(第二次),https://b2b.10086.cn/b2b/main/viewNoticeContent.html?noticeBean.id=634440,2020-02-14
终端公司,中国移动通信集团终端有限公司广东分公司启动2020年3月-2022年3月售后业务支撑项目_比选公告,https://b2b.10086.cn/b2b/main/viewNoticeContent.html?noticeBean.id=634446,2020-02-14
终端公司,中国移动通信集团终端有限公司广东分公司2019年-2021年“中移智家”物联网支撑服务引入项目_比选公告,https://b2b.10086.cn/b2b/main/viewNoticeContent.html?noticeBean.id=634458,2020-02-14
福建移动,福建移动三明分公司2020年关于进行三明生产调度中心建设项目前期可行性研究服务单位引入公开询价采购项目_询价公告,https://b2b.10086.cn/b2b/main/viewNoticeContent.html?noticeBean.id=634459,2020-02-14
四川移动,中国移动四川公司2020-2022年市州局房土建项目可行性研究服务采购项目_比选公告,https://b2b.10086.cn/b2b/main/viewNoticeContent.html?noticeBean.id=634462,2020-02-14
湖北移动,中国移动湖北公司潜江分公司新大楼1综合业务区传输汇聚机房购置项目--公开竞争性谈判采购公告(第二次),https://b2b.10086.cn/b2b/main/viewNoticeContent.html?noticeBean.id=634465,2020-02-14
湖北移动,中国移动湖北公司潜江分公司新大楼综合业务区传输汇聚机房购置项目--公开竞争性谈判采购公告(第二次),https://b2b.10086.cn/b2b/main/viewNoticeContent.html?noticeBean.id=634466,2020-02-14
