采购单位,标题,链接,发标日期
广西移动,中国移动广西公司来宾分公司来宾综合业务接入机房工程及室外工程专项检测采购项目_比选采购_变更公告_(1),https://b2b.10086.cn/b2b/main/viewNoticeContent.html?noticeBean.id=632666,2020-01-21
铁通公司,中移铁通有限公司青海分公司2020至2021年综合业务劳务分包项目_比选公告,https://b2b.10086.cn/b2b/main/viewNoticeContent.html?noticeBean.id=632670,2020-01-21
北京移动,中国移动北京公司交付中心2019年至2020年品质宽带优化服务项目_比选公告,https://b2b.10086.cn/b2b/main/viewNoticeContent.html?noticeBean.id=632683,2020-01-21
北京移动,中国移动北京公司昌平分公司2020年NB-IoT干扰研究项目_比选公告,https://b2b.10086.cn/b2b/main/viewNoticeContent.html?noticeBean.id=632684,2020-01-21
湖南移动,湖南邵东市人民检察院监控系统和报警系统ICT集成项目_比选公告,https://b2b.10086.cn/b2b/main/viewNoticeContent.html?noticeBean.id=632686,2020-01-21
终端公司,2020年商务支撑服务项目10万元以下采购项目_采购公告,https://b2b.10086.cn/b2b/main/viewNoticeContent.html?noticeBean.id=632688,2020-01-21
北京移动,中国移动北京公司承载5G的城域传送网新技术发展及规划建设应用策略研究项目_比选公告,https://b2b.10086.cn/b2b/main/viewNoticeContent.html?noticeBean.id=632689,2020-01-21
陕西移动,宝塔区尚峰一品综合业务机房购置项目_采购公告,https://b2b.10086.cn/b2b/main/viewNoticeContent.html?noticeBean.id=632709,2020-01-21
北京移动,中国移动北京公司交付中心2019-2021年家宽用户宽带质量测试服务项目_比选公告,https://b2b.10086.cn/b2b/main/viewNoticeContent.html?noticeBean.id=632712,2020-01-21
陕西移动,宝塔区新区新增综合业务机房购置项目_采购公告,https://b2b.10086.cn/b2b/main/viewNoticeContent.html?noticeBean.id=632714,2020-01-21
上海移动,中国移动上海公司2019年上海公司动力监控配套更新改造工程（动环平台系统软件开发及集成服务）_询价公告,https://b2b.10086.cn/b2b/main/viewNoticeContent.html?noticeBean.id=632717,2020-01-21
黑龙江移动,黑龙江移动哈尔滨数据中心2020-2021年66kV变配电设备技术服务项目_比选公告,https://b2b.10086.cn/b2b/main/viewNoticeContent.html?noticeBean.id=632734,2020-01-21
信息技术公司,中移动信息技术有限公司2020年内蒙古中心安全软件第三方维保服务(2)_比选公告,https://b2b.10086.cn/b2b/main/viewNoticeContent.html?noticeBean.id=632757,2020-01-21
河北移动,中国移动河北公司2020至2021年全省发布会及主动营销项目_比选公告,https://b2b.10086.cn/b2b/main/viewNoticeContent.html?noticeBean.id=632762,2020-01-21
江苏移动,中国移动江苏公司关于无锡分公司数据中心三期项目4号楼九层接待室及会议室装修改造项目的采购方案项目_比选公告,https://b2b.10086.cn/b2b/main/viewNoticeContent.html?noticeBean.id=632769,2020-01-21
江苏移动,中国移动江苏公司连云港市灌南县综合楼综合业务区节点机房购置项目_采购公告,https://b2b.10086.cn/b2b/main/viewNoticeContent.html?noticeBean.id=632772,2020-01-21
江苏移动,中国移动江苏公司连云港市灌南县富康新村综合业务节点机房购置项目_采购公告,https://b2b.10086.cn/b2b/main/viewNoticeContent.html?noticeBean.id=632775,2020-01-21
江苏移动,中国移动江苏公司连云港市灌南县郊区卫生服务站综合业务节点机房购置项目_采购公告,https://b2b.10086.cn/b2b/main/viewNoticeContent.html?noticeBean.id=632798,2020-01-21
政企分公司,中国移动通信有限公司政企客户分公司和管家定制化（中移全通）采购项目_比选公告,https://b2b.10086.cn/b2b/main/viewNoticeContent.html?noticeBean.id=632801,2020-01-21
