采购单位,标题,链接,发标日期
甘肃移动,中国移动甘肃公司张掖分公司政企客户中心肃南县雪亮工程二期项目前端设备及集成_售前合作伙伴选型项目_比选公告,https://b2b.10086.cn/b2b/main/viewNoticeContent.html?noticeBean.id=637318,2020-03-05
内蒙移动,中国移动内蒙古公司2020年客户满意度监测项目_招标公告,https://b2b.10086.cn/b2b/main/viewNoticeContent.html?noticeBean.id=637333,2020-03-05
云南移动,中国移动云南公司红河分公司2020-2021年边境市场翻译服务项目_竞争性谈判采购公告,https://b2b.10086.cn/b2b/main/viewNoticeContent.html?noticeBean.id=637336,2020-03-05
陕西移动,开源软件优化提升项目_比选公告,https://b2b.10086.cn/b2b/main/viewNoticeContent.html?noticeBean.id=637340,2020-03-05
内蒙移动, 鄂尔多斯市分公司综合部关于清洗管理中心楼部分室内地面及门窗玻璃的项目_采购公告,https://b2b.10086.cn/b2b/main/viewNoticeContent.html?noticeBean.id=637350,2020-03-05
河南移动,中国移动河南公司郑州分公司移动政务智能设备办公服务项目合作伙伴引入项目_采购公告,https://b2b.10086.cn/b2b/main/viewNoticeContent.html?noticeBean.id=637365,2020-03-05
广西移动,中国移动广西公司“广西动监e通”运营移动执法终端流量套餐服务采购项目（第二次）_询价公告,https://b2b.10086.cn/b2b/main/viewNoticeContent.html?noticeBean.id=637366,2020-03-05
终端公司,2020年4月-2021年3月黑龙江分公司移动卡餐分销（含宽带）业务外包服务采购项目_比选公告,https://b2b.10086.cn/b2b/main/viewNoticeContent.html?noticeBean.id=637374,2020-03-05
江西移动,江西移动2020-2022年红角洲智能化系统核心设备维护服务采购项目_比选公告,https://b2b.10086.cn/b2b/main/viewNoticeContent.html?noticeBean.id=637397,2020-03-05
云南移动,中国移动云南公司红河分公司办公楼信息化展厅设计制作采购项目_采购公告,https://b2b.10086.cn/b2b/main/viewNoticeContent.html?noticeBean.id=637403,2020-03-05
上海移动,中国移动上海公司2020-2023年ixia流量分析设备硬件维保服务_询价公告,https://b2b.10086.cn/b2b/main/viewNoticeContent.html?noticeBean.id=637413,2020-03-05
