采购单位,标题,链接,发标日期
政企分公司,四川省攀枝花市第七高级中学学校智能教育系统平台开发服务（中移集成）采购项目_比选公告,https://b2b.10086.cn/b2b/main/viewNoticeContent.html?noticeBean.id=638567,2020-03-11
政企分公司,云南省大理州平安校园一键报警等4个项目技术支撑服务（集成公司）采购项目_比选公告,https://b2b.10086.cn/b2b/main/viewNoticeContent.html?noticeBean.id=638568,2020-03-11
政企分公司,中国移动四川公司成都分公司2019年四川省烟草公司成都市公司手持对讲系统技术服务（集成公司）采购项目_比选公告,https://b2b.10086.cn/b2b/main/viewNoticeContent.html?noticeBean.id=638569,2020-03-11
政企分公司,集成公司2020年市场拓展部乌鲁木齐员工宿舍租赁项目_采购公告,https://b2b.10086.cn/b2b/main/viewNoticeContent.html?noticeBean.id=638576,2020-03-11
物联网公司,物联网安全接入及防护网关研发项目_比选公告,https://b2b.10086.cn/b2b/main/viewNoticeContent.html?noticeBean.id=638585,2020-03-11
江苏移动,中国移动江苏公司5G智能机器人设备租赁项目（二次）_采购公告,https://b2b.10086.cn/b2b/main/viewNoticeContent.html?noticeBean.id=638587,2020-03-11
安徽移动,宿州市园林绿化管理局公车管理平台项目_询价公告,https://b2b.10086.cn/b2b/main/viewNoticeContent.html?noticeBean.id=638589,2020-03-11
政企分公司,集成公司2020年市场拓展部西安员工宿舍租赁项目_采购公告,https://b2b.10086.cn/b2b/main/viewNoticeContent.html?noticeBean.id=638593,2020-03-11
黑龙江移动,黑龙江移动2020年数据中心Uptime认证咨询服务采购项目_比选公告,https://b2b.10086.cn/b2b/main/viewNoticeContent.html?noticeBean.id=638607,2020-03-11
安徽移动,安徽移动2020年零星维护材料（视讯部分）采购项目_询价公告,https://b2b.10086.cn/b2b/main/viewNoticeContent.html?noticeBean.id=638614,2020-03-11
内蒙移动,中国移动内蒙古公司2020年电子渠道服务质量监测项目_比选公告,https://b2b.10086.cn/b2b/main/viewNoticeContent.html?noticeBean.id=638623,2020-03-11
内蒙移动,中国移动内蒙古公司2020年舆情监测项目_比选公告,https://b2b.10086.cn/b2b/main/viewNoticeContent.html?noticeBean.id=638624,2020-03-11
终端公司,中国移动通信集团终端有限公司北京分公司2020-2021年度顺差让利支撑服务项目_比选公告,https://b2b.10086.cn/b2b/main/viewNoticeContent.html?noticeBean.id=638626,2020-03-11
北京移动,中国移动北京公司物流管理系统项目_招标公告,https://b2b.10086.cn/b2b/main/viewNoticeContent.html?noticeBean.id=638627,2020-03-11
湖北移动,中国移动湖北公司2020年黄冈汪家墩综合业务区黄州书院业务汇聚机房购置项目_公开竞争性谈判公告(第二次),https://b2b.10086.cn/b2b/main/viewNoticeContent.html?noticeBean.id=638642,2020-03-11
湖北移动,中国移动湖北公司2020年黄冈经济园综合业务区东方名都业务汇聚机房购置项目_公开竞争性谈判公告(第二次),https://b2b.10086.cn/b2b/main/viewNoticeContent.html?noticeBean.id=638643,2020-03-11
西藏移动,中国移动西藏日喀则分公司2020年关于业务支撑系统专项维护服务项目_比选公告,https://b2b.10086.cn/b2b/main/viewNoticeContent.html?noticeBean.id=638649,2020-03-11
福建移动,福建移动三明分公司2020年关于政企信息化技术支撑服务公开比选采购项目_比选公告,https://b2b.10086.cn/b2b/main/viewNoticeContent.html?noticeBean.id=638670,2020-03-11
辽宁移动,中国移动辽宁公司2019年云计算平台扩容工程(云十期）-VMware SDN软件_比选公告,https://b2b.10086.cn/b2b/main/viewNoticeContent.html?noticeBean.id=638672,2020-03-11
