采购单位,标题,链接,发标日期
陕西移动,陕西移动榆林分公司部分小区室分及综合业务机房转供电改直供施工项目_比选公告,https://b2b.10086.cn/b2b/main/viewNoticeContent.html?noticeBean.id=639501,2020-03-16
内蒙移动,中国移动（呼和浩特）数据中心二期一阶段机电配套工程（B05空调系统安装工程、B05机房及制冷站配套集成工程）项目第二标段_采购变更公告(2),https://b2b.10086.cn/b2b/main/viewNoticeContent.html?noticeBean.id=639504,2020-03-16
辽宁移动,辽宁移动2020年（沈阳）数据中心二期土建工程全过程跟踪审计服务项目_比选公告,https://b2b.10086.cn/b2b/main/viewNoticeContent.html?noticeBean.id=639538,2020-03-16
黑龙江移动,UPF配套电源工程（产业园空调室外机雾化喷淋系统）施工单位采购项目_比选公告,https://b2b.10086.cn/b2b/main/viewNoticeContent.html?noticeBean.id=639568,2020-03-16
浙江移动,中国移动浙江公司2020年度全省市场营销物资采购_比选公告,https://b2b.10086.cn/b2b/main/viewNoticeContent.html?noticeBean.id=639586,2020-03-16
政企分公司,四川省宜宾市高县工业园区管理委员会智能化服务（中移集成）采购项目_比选公告,https://b2b.10086.cn/b2b/main/viewNoticeContent.html?noticeBean.id=639595,2020-03-16
政企分公司,移动传播平台开发服务、平台云资源租用及驻场支撑服务（集成公司）采购项目_比选公告,https://b2b.10086.cn/b2b/main/viewNoticeContent.html?noticeBean.id=639606,2020-03-16
设计院,设计院2020-2022年管理体系认证服务采购项目_比选公告,https://b2b.10086.cn/b2b/main/viewNoticeContent.html?noticeBean.id=639608,2020-03-16
江苏移动,中国移动江苏公司2020年省本部政企市场综合对标分析服务项目项目_比选公告,https://b2b.10086.cn/b2b/main/viewNoticeContent.html?noticeBean.id=639619,2020-03-16
投资公司,中国移动投资公司人力资源管理提升项目_比选公告,https://b2b.10086.cn/b2b/main/viewNoticeContent.html?noticeBean.id=639625,2020-03-16
