采购单位,标题,链接,发标日期
内蒙移动,中国移动内蒙古公司2020年GPS北斗干放共享系统采购项目_招标公告,https://b2b.10086.cn/b2b/main/viewNoticeContent.html?noticeBean.id=639782,2020-03-17
江苏移动,中国移动江苏公司关于无锡分公司邮寄服务（因公文件及物品、线上营销号卡及板卡寄送服务）的采购项目_比选公告,https://b2b.10086.cn/b2b/main/viewNoticeContent.html?noticeBean.id=639809,2020-03-17
政企分公司,四川省阿坝州儿童福利院监控系统技术服务（集成公司）采购项目_比选公告,https://b2b.10086.cn/b2b/main/viewNoticeContent.html?noticeBean.id=639822,2020-03-17
设计院,2020年设计院vRealize Suite 软件采购项目_询价公告,https://b2b.10086.cn/b2b/main/viewNoticeContent.html?noticeBean.id=639827,2020-03-17
设计院,2020年设计院JetBrains All Products Pack软件采购项目_询价公告,https://b2b.10086.cn/b2b/main/viewNoticeContent.html?noticeBean.id=639828,2020-03-17
设计院,2020年设计院Visual Studio Enterprise软件采购项目_询价公告,https://b2b.10086.cn/b2b/main/viewNoticeContent.html?noticeBean.id=639836,2020-03-17
福建移动,2019年泉州移动泉州市金鸡拦河闸视频监控系统项目_询价公告,https://b2b.10086.cn/b2b/main/viewNoticeContent.html?noticeBean.id=639838,2020-03-17
在线服务公司,在线服务公司2020语音通信风控能力研发项目_招标公告,https://b2b.10086.cn/b2b/main/viewNoticeContent.html?noticeBean.id=639845,2020-03-17
设计院,2020年设计院Navicat Premium软件采购项目_询价公告,https://b2b.10086.cn/b2b/main/viewNoticeContent.html?noticeBean.id=639851,2020-03-17
投资公司,中国移动投资公司云网行业及细分头部公司项目研究行业顾问采购项目_比选公告,https://b2b.10086.cn/b2b/main/viewNoticeContent.html?noticeBean.id=639854,2020-03-17
投资公司,中国移动投资公司DICT行业及细分头部公司项目研究行业顾问采购项目_比选公告,https://b2b.10086.cn/b2b/main/viewNoticeContent.html?noticeBean.id=639855,2020-03-17
四川移动,中国移动四川公司2019年集中故障管理系统扩容改造工程（智能光缆健康度诊断应用系统）_比选公告,https://b2b.10086.cn/b2b/main/viewNoticeContent.html?noticeBean.id=639872,2020-03-17
湖南移动,中国移动湖南公司邵阳市大祥区教育科技局整体推进教育信息化建设DICT项目_比选公告,https://b2b.10086.cn/b2b/main/viewNoticeContent.html?noticeBean.id=639878,2020-03-17
云南移动,中国移动云南公司普洱分公司智能脉冲电子围栏项目_比选公告,https://b2b.10086.cn/b2b/main/viewNoticeContent.html?noticeBean.id=639891,2020-03-17
广东移动,中国移动广东公司2020年用户异常网络感知分析系统软件技术服务公开比选项目_比选公告,https://b2b.10086.cn/b2b/main/viewNoticeContent.html?noticeBean.id=639896,2020-03-17
政企分公司,重庆忠县公共广场无线上网认证及运维服务（中移全通）采购项目_比选公告,https://b2b.10086.cn/b2b/main/viewNoticeContent.html?noticeBean.id=639914,2020-03-17
