采购单位,标题,链接,发标日期
政企分公司,重庆市政务办公短信平台开发服务（中移集成）采购项目1_比选公告,https://b2b.10086.cn/b2b/main/viewNoticeContent.html?noticeBean.id=640065,2020-03-18
江西移动,江西移动2020年上半年全省综合管理类车辆购置采购项目_询价公告,https://b2b.10086.cn/b2b/main/viewNoticeContent.html?noticeBean.id=640066,2020-03-18
内蒙移动,中国移动通信集团内蒙古有限公司鄂尔多斯分公司2020年现场落地活动支撑项目_招标公告,https://b2b.10086.cn/b2b/main/viewNoticeContent.html?noticeBean.id=640068,2020-03-18
在线服务公司,在线服务公司陕西分公司2020-2022年员工餐厅运营服务项目_比选公告,https://b2b.10086.cn/b2b/main/viewNoticeContent.html?noticeBean.id=640085,2020-03-18
福建移动,惠安县文化馆无线WIFI系统建设项目公开询价代建_采购公告,https://b2b.10086.cn/b2b/main/viewNoticeContent.html?noticeBean.id=640100,2020-03-18
铁通公司,中移铁通安徽分公司南陵经济开发区重点污染源中控系统采购项目_询价公告,https://b2b.10086.cn/b2b/main/viewNoticeContent.html?noticeBean.id=640117,2020-03-18
福建移动,惠安县博物馆无线WIFI系统建设项目公开询价_采购公告,https://b2b.10086.cn/b2b/main/viewNoticeContent.html?noticeBean.id=640119,2020-03-18
云南移动,中国移动云南公司迪庆分公司2019年迪庆移动IDC机房信息系统信息化项目_比选公告,https://b2b.10086.cn/b2b/main/viewNoticeContent.html?noticeBean.id=640123,2020-03-18
设计院,2020年设计院开发项目管理软件采购项目_询价公告,https://b2b.10086.cn/b2b/main/viewNoticeContent.html?noticeBean.id=640124,2020-03-18
西藏移动,中国移动西藏公司区19年太阳能市电切换装置应用创新试点项目_比选公告,https://b2b.10086.cn/b2b/main/viewNoticeContent.html?noticeBean.id=640150,2020-03-18
云南移动,中国移动云南公司普洱分公司2020-年-2021年信息化IT设备维护服务项目_比选公告,https://b2b.10086.cn/b2b/main/viewNoticeContent.html?noticeBean.id=640152,2020-03-18
终端公司,四川终端2020乐山营销中心办公场地租赁项目_采购公告,https://b2b.10086.cn/b2b/main/viewNoticeContent.html?noticeBean.id=640160,2020-03-18
政企分公司,云南省云南石化无线覆盖项目系统集成服务（集成公司）采购项目_比选公告,https://b2b.10086.cn/b2b/main/viewNoticeContent.html?noticeBean.id=640165,2020-03-18
辽宁移动,中国移动辽宁公司2020年基础网维护中心采购48芯应急抢通倒纤盘_采购公告,https://b2b.10086.cn/b2b/main/viewNoticeContent.html?noticeBean.id=640193,2020-03-18
黑龙江移动,黑龙江移动哈尔滨数据中心2020-2021年66kV变配电设备技术服务项目_比选公告,https://b2b.10086.cn/b2b/main/viewNoticeContent.html?noticeBean.id=640199,2020-03-18
