采购单位,标题,链接,发标日期
河南移动,河南移动2019年家庭网关管理与插件管理系统研发采购项目_招标公告,https://b2b.10086.cn/b2b/main/viewNoticeContent.html?noticeBean.id=638273,2020-03-10
铁通公司,中移铁通有限公司山西分公司2020年至2021年度维护、销售劳务分包项目_比选公告,https://b2b.10086.cn/b2b/main/viewNoticeContent.html?noticeBean.id=638282,2020-03-10
安徽移动,合肥移动包河营销中心绿地中心厅、信达天御厅招商项目_采购公告,https://b2b.10086.cn/b2b/main/viewNoticeContent.html?noticeBean.id=638284,2020-03-10
江西移动,铅山县永平铜矿固话C-C08程控交换机维护服务采购项目_询价公告,https://b2b.10086.cn/b2b/main/viewNoticeContent.html?noticeBean.id=638299,2020-03-10
终端公司,关于云南分公司市场销售部新业务组引入新零售工具系统采购项目的报备_采购公告,https://b2b.10086.cn/b2b/main/viewNoticeContent.html?noticeBean.id=638305,2020-03-10
安徽移动,安徽移动2020-2021年度广告媒介评估及策略支撑服务采购项目_比选公告,https://b2b.10086.cn/b2b/main/viewNoticeContent.html?noticeBean.id=638320,2020-03-10
江苏移动,中国移动江苏公司2020年镇江分公司智能门锁采购项目(小区共建共享机房)项目_采购公告,https://b2b.10086.cn/b2b/main/viewNoticeContent.html?noticeBean.id=638330,2020-03-10
江苏移动,中国移动江苏公司2020-2022年IP网络运营性支撑服务项目_比选公告,https://b2b.10086.cn/b2b/main/viewNoticeContent.html?noticeBean.id=638340,2020-03-10
江苏移动,中国移动江苏公司中国移动（苏州）数据机房项目二期工程检测单位请购项目_比选公告,https://b2b.10086.cn/b2b/main/viewNoticeContent.html?noticeBean.id=638349,2020-03-10
内蒙移动,中国移动内蒙古公司2020年热线服务质量监测项目_比选公告,https://b2b.10086.cn/b2b/main/viewNoticeContent.html?noticeBean.id=638354,2020-03-10
北京移动,中国移动北京公司2020-2021年5G测试分析服务项目_比选公告,https://b2b.10086.cn/b2b/main/viewNoticeContent.html?noticeBean.id=638357,2020-03-10
广西移动,中国移动广西玉林分公司2020年集团客户体验终端采购项目_询价公告,https://b2b.10086.cn/b2b/main/viewNoticeContent.html?noticeBean.id=638367,2020-03-10
物联网公司,深圳智能投影集成服务采购项目（2）_采购公告,https://b2b.10086.cn/b2b/main/viewNoticeContent.html?noticeBean.id=638380,2020-03-10
浙江移动,中国移动浙江公司2020-2021年度全省社会渠道市场监测服务_比选公告,https://b2b.10086.cn/b2b/main/viewNoticeContent.html?noticeBean.id=638389,2020-03-10
湖北移动,中国移动湖北公司2020年黄冈汪家墩综合业务区香山湖畔业务汇聚机房购置项目_公开竞争性谈判公告(第二次),https://b2b.10086.cn/b2b/main/viewNoticeContent.html?noticeBean.id=638399,2020-03-10
湖北移动,中国移动湖北公司2020年黄冈二枢纽业务区状元名府业务汇聚机房购置项目_公开竞争性谈判公告(第二次),https://b2b.10086.cn/b2b/main/viewNoticeContent.html?noticeBean.id=638400,2020-03-10
湖北移动,中国移动湖北公司2020年黄冈二枢纽业务区嘉豪金时代业务汇聚机房购置项目_公开竞争性谈判公告(第二次),https://b2b.10086.cn/b2b/main/viewNoticeContent.html?noticeBean.id=638401,2020-03-10
河北移动,中国移动河北公司2019年邢台综合楼高低压配电系统扩容机房加固改造工程施工服务(邢台)项目_比选采购_变更公告_(1),https://b2b.10086.cn/b2b/main/viewNoticeContent.html?noticeBean.id=638404,2020-03-10
