采购单位,标题,链接,发标日期
安徽移动,安徽移动淮南数据中心2020-2021年度绿植租赁服务采购项目_询价公告,https://b2b.10086.cn/b2b/main/viewNoticeContent.html?noticeBean.id=628708,2020-01-06
终端公司,中国移动通信集团终端有限公司广东分公司2020年3月-2022年9月高德置地办公场地物业管理服务项目_比选公告,https://b2b.10086.cn/b2b/main/viewNoticeContent.html?noticeBean.id=628746,2020-01-06
苏州研发中心,苏州研发中心2020-2021年档案整理及数字化服务采购项目_比选公告,https://b2b.10086.cn/b2b/main/viewNoticeContent.html?noticeBean.id=628769,2020-01-06
贵州移动,2019年新技术新业务安全评估测试技术服务项目_竞争性谈判采购公告,https://b2b.10086.cn/b2b/main/viewNoticeContent.html?noticeBean.id=628778,2020-01-06
天津移动,中国移动天津公司内容运营中心IDC重要客户机柜拆改服务_比选公告,https://b2b.10086.cn/b2b/main/viewNoticeContent.html?noticeBean.id=628779,2020-01-06
重庆移动,2020-2022年虚拟化软件（Citrix 、Vmware）三方维保服务_询价公告,https://b2b.10086.cn/b2b/main/viewNoticeContent.html?noticeBean.id=628783,2020-01-06
苏州研发中心,苏州研发中心2019年机电配套工程总包项目_比选公告,https://b2b.10086.cn/b2b/main/viewNoticeContent.html?noticeBean.id=628784,2020-01-06
重庆移动,2019年永川分公司有线宽带建设疑难楼盘选址服务采购_询价公告,https://b2b.10086.cn/b2b/main/viewNoticeContent.html?noticeBean.id=628789,2020-01-06
广东移动,中国移动广东公司2019年网管支撑域安全建设项目全流量威胁感知平台公开比选项目_比选公告,https://b2b.10086.cn/b2b/main/viewNoticeContent.html?noticeBean.id=628792,2020-01-06
江苏移动,中国移动江苏公司关于无锡分公司2020年业务按装及维护服务（无锡车辆定位业务装维服务）项目项目_比选公告,https://b2b.10086.cn/b2b/main/viewNoticeContent.html?noticeBean.id=628802,2020-01-06
江苏移动,中国移动江苏公司关于无锡分公司蠡园机房240V高压直流改造试点项目高压直流系统及配套设备采购的方案项目_比选公告,https://b2b.10086.cn/b2b/main/viewNoticeContent.html?noticeBean.id=628815,2020-01-06
重庆移动,2020年 12582基地移动互联网业务安全加固服务项目_比选公告,https://b2b.10086.cn/b2b/main/viewNoticeContent.html?noticeBean.id=628832,2020-01-06
湖北移动,中国移动湖北公司武汉生产调度用房5楼会议室大屏幕显示系统集成服务_比选公告,https://b2b.10086.cn/b2b/main/viewNoticeContent.html?noticeBean.id=628854,2020-01-06
云南移动,中国移动云南公司大理分公司2020年动感新青年业务外包项目_比选公告,https://b2b.10086.cn/b2b/main/viewNoticeContent.html?noticeBean.id=628857,2020-01-06
