采购单位,标题,链接,发标日期
辽宁移动,中国移动辽宁公司辽宁省车务通专业化服务支撑项目_比选公告,https://b2b.10086.cn/b2b/main/viewNoticeContent.html?noticeBean.id=629878,2020-01-09
政企分公司,来凤县智慧城市智慧城管及运营管理平台项目设备及服务（中移全通）采购项目_比选公告,https://b2b.10086.cn/b2b/main/viewNoticeContent.html?noticeBean.id=629884,2020-01-09
广西移动,中国移动广西公司玉林分公司兴业县自来水厂接入区云天新城业务汇聚机房购置采购项目（TD投资）   _采购变更公告(1),https://b2b.10086.cn/b2b/main/viewNoticeContent.html?noticeBean.id=629890,2020-01-09
政企分公司,重庆卷烟厂信息系统维保和计算机维修（中移全通）采购项目_比选公告,https://b2b.10086.cn/b2b/main/viewNoticeContent.html?noticeBean.id=629891,2020-01-09
陕西移动,汉阴县城关镇东城街东城小区等26个宽带网元租赁项目_比选公告,https://b2b.10086.cn/b2b/main/viewNoticeContent.html?noticeBean.id=629898,2020-01-09
陕西移动,西安移动智慧楼宇企业管家小程序开发服务项目_比选公告,https://b2b.10086.cn/b2b/main/viewNoticeContent.html?noticeBean.id=629900,2020-01-09
在线服务公司,在线服务公司淮安呼叫中心一期工程专题后评估项目_比选公告,https://b2b.10086.cn/b2b/main/viewNoticeContent.html?noticeBean.id=629909,2020-01-09
陕西移动,平利县正阳镇周家坪村等17个宽带网元租赁项目_比选公告,https://b2b.10086.cn/b2b/main/viewNoticeContent.html?noticeBean.id=629911,2020-01-09
陕西移动,平利县城关镇东一路南苑大厦小区等21个宽带网元租赁项目_比选公告,https://b2b.10086.cn/b2b/main/viewNoticeContent.html?noticeBean.id=629914,2020-01-09
山西移动,中国移动山西公司2019年晋中分公司智能楼宇系统及会议系统维修改造的采购项目_比选公告,https://b2b.10086.cn/b2b/main/viewNoticeContent.html?noticeBean.id=629916,2020-01-09
陕西移动,白河县仓上镇天宝村天宝安置小区等15个宽带网元租赁_比选公告,https://b2b.10086.cn/b2b/main/viewNoticeContent.html?noticeBean.id=629917,2020-01-09
四川移动,中国移动四川公司2020年-2021年智慧家庭、政企终端技术支撑服务_比选公告,https://b2b.10086.cn/b2b/main/viewNoticeContent.html?noticeBean.id=629919,2020-01-09
总部,中国移动2020年5G SA核心网移动用户数据设备集中采购_招标公告,https://b2b.10086.cn/b2b/main/viewNoticeContent.html?noticeBean.id=629931,2020-01-09
福建移动,2019年大数据对外变现应用支撑开发服务_比选公告,https://b2b.10086.cn/b2b/main/viewNoticeContent.html?noticeBean.id=629933,2020-01-09
河南移动,中国移动河南公司濮阳分公司2020-2023年濮阳县胡状营销中心租赁项目_采购公告,https://b2b.10086.cn/b2b/main/viewNoticeContent.html?noticeBean.id=629935,2020-01-09
物联网公司,黔西南生产调度楼智能化系统施工项目_采购公告,https://b2b.10086.cn/b2b/main/viewNoticeContent.html?noticeBean.id=629939,2020-01-09
重庆移动,2020-2022年度盘点支撑服务采购_比选公告,https://b2b.10086.cn/b2b/main/viewNoticeContent.html?noticeBean.id=629943,2020-01-09
重庆移动,电子渠道用户研究与产品优化支撑服务_比选公告,https://b2b.10086.cn/b2b/main/viewNoticeContent.html?noticeBean.id=629945,2020-01-09
吉林移动,中国移动吉林公司2019年性能管理系统（四轮十维）建设工程公开比选项目_比选公告,https://b2b.10086.cn/b2b/main/viewNoticeContent.html?noticeBean.id=629965,2020-01-09
四川移动,中国移动四川公司2020年管理信息系统应用软件测试技术服务项目_比选公告,https://b2b.10086.cn/b2b/main/viewNoticeContent.html?noticeBean.id=629974,2020-01-09
