采购单位,标题,链接,发标日期
设计院,2020年5G组网及优化工具开发面向5G多场景的高性能射线跟踪模块项目_询价公告,https://b2b.10086.cn/b2b/main/viewNoticeContent.html?noticeBean.id=635480,2020-02-24
贵州移动,2020年后勤管理部消防维修项目请购_比选公告,https://b2b.10086.cn/b2b/main/viewNoticeContent.html?noticeBean.id=635481,2020-02-24
北京移动,中国移动北京公司B1927832业运安全平台（SMP）扩容改造项目_比选公告,https://b2b.10086.cn/b2b/main/viewNoticeContent.html?noticeBean.id=635483,2020-02-24
广东移动,中国移动广东公司2020-2021年廉洁文化品牌建设支撑服务公开比选项目_比选公告,https://b2b.10086.cn/b2b/main/viewNoticeContent.html?noticeBean.id=635492,2020-02-24
铁通公司,中移铁通广西分公司2020-2021年综合业务劳务分包项目_比选公告,https://b2b.10086.cn/b2b/main/viewNoticeContent.html?noticeBean.id=635498,2020-02-24
四川移动,中国移动四川公司2019年网络安全管控系统扩容改造工程数据脱敏系统项目_比选公告,https://b2b.10086.cn/b2b/main/viewNoticeContent.html?noticeBean.id=635501,2020-02-24
政企分公司,河南省郑州市人民政府政务云平台（中移全通）采购项目_比选公告,https://b2b.10086.cn/b2b/main/viewNoticeContent.html?noticeBean.id=635511,2020-02-24
辽宁移动,中国移动辽宁公司引入AMDB实现辽宁移动私有云应用级资源管理模式项目_比选公告,https://b2b.10086.cn/b2b/main/viewNoticeContent.html?noticeBean.id=635526,2020-02-24
山东移动,山东移动2020年济宁分公司济宁市新旧动能可视化视频监控平台采购项目_比选公告,https://b2b.10086.cn/b2b/main/viewNoticeContent.html?noticeBean.id=635530,2020-02-24
政企分公司,广西玉林高速路管理处路政专网新建及维护搬迁（中移集成）采购项目_比选公告,https://b2b.10086.cn/b2b/main/viewNoticeContent.html?noticeBean.id=635536,2020-02-24
政企分公司,陕西商洛市巡特警街面立体化网格管理平台（中移集成）采购项目_比选公告,https://b2b.10086.cn/b2b/main/viewNoticeContent.html?noticeBean.id=635541,2020-02-24
政企分公司,四川省攀枝花市第七高级中学学校智能教育系统平台开发服务（中移集成）采购项目_比选公告,https://b2b.10086.cn/b2b/main/viewNoticeContent.html?noticeBean.id=635542,2020-02-24
广东移动,中国移动广东公司2020-2021年南方基地网管系统综合维护服务公开比选项目_比选公告,https://b2b.10086.cn/b2b/main/viewNoticeContent.html?noticeBean.id=635544,2020-02-24
销售分公司,中国移动销售分公司2020年电渠研发支撑服务项目_比选公告,https://b2b.10086.cn/b2b/main/viewNoticeContent.html?noticeBean.id=635547,2020-02-24
安徽移动,阜阳移动2020-2022年市县公司生产楼、汇聚高低压系统维保服务选型项目_比选公告,https://b2b.10086.cn/b2b/main/viewNoticeContent.html?noticeBean.id=635548,2020-02-24
上海移动,中国移动上海公司2020-2023年IT系统短信认证平台日常应用维护与优化服务_询价公告,https://b2b.10086.cn/b2b/main/viewNoticeContent.html?noticeBean.id=635549,2020-02-24
辽宁移动,中国移动辽宁公司IT私有云网络拓扑智能发现建设项目_比选公告,https://b2b.10086.cn/b2b/main/viewNoticeContent.html?noticeBean.id=635555,2020-02-24
咪咕公司,咪咕视讯2020年直播信号运维支撑服务项目_比选公告,https://b2b.10086.cn/b2b/main/viewNoticeContent.html?noticeBean.id=635556,2020-02-24
江苏移动,中国移动江苏公司2020-2021年泰州分公司业务宣传物料采购项目_比选公告,https://b2b.10086.cn/b2b/main/viewNoticeContent.html?noticeBean.id=635558,2020-02-24
信息技术公司,RPA服务能力工程及RPA能力平台研发项目采购_招标公告,https://b2b.10086.cn/b2b/main/viewNoticeContent.html?noticeBean.id=635567,2020-02-24
云南移动,中国移动云南公司楚雄分公司开发区永安路437号办公楼屋顶防水维修项目_竞争性谈判采购公告,https://b2b.10086.cn/b2b/main/viewNoticeContent.html?noticeBean.id=635569,2020-02-24
