采购单位,标题,链接,发标日期
福建移动,泉州分公司2020年大众市场行销活动服务支撑单位公开比选_比选公告,https://b2b.10086.cn/b2b/main/viewNoticeContent.html?noticeBean.id=634943,2020-02-19
广西移动,中国移动广西公司贵港分公司2020年智慧校园技术支撑框架服务采购项目_比选公告,https://b2b.10086.cn/b2b/main/viewNoticeContent.html?noticeBean.id=634944,2020-02-19
江苏移动,中国移动江苏公司关于无锡分公司新吴营销中心梅村路劲营业用房装修改造项目的方案项目_比选公告,https://b2b.10086.cn/b2b/main/viewNoticeContent.html?noticeBean.id=634950,2020-02-19
信息技术公司,中移动信息技术有限公司2020年内蒙古中心安全软件第三方维保服务(2)_比选公告,https://b2b.10086.cn/b2b/main/viewNoticeContent.html?noticeBean.id=634951,2020-02-19
政企分公司,云南省昭通分公司2019-2020年集客ICT集成技术支撑服务（中移集成）采购项目_比选公告,https://b2b.10086.cn/b2b/main/viewNoticeContent.html?noticeBean.id=634960,2020-02-19
在线服务公司,在线服务公司云客服分公司2020年云客服公有云应用支撑维护项目_比选公告,https://b2b.10086.cn/b2b/main/viewNoticeContent.html?noticeBean.id=634962,2020-02-19
江苏移动,中国移动江苏公司关于无锡分公司2020-2022年数据融合平台维护优化与分析支撑服务（综合分析域系统）的采购项目_比选公告,https://b2b.10086.cn/b2b/main/viewNoticeContent.html?noticeBean.id=634976,2020-02-19
总部,中国移动2020年至2021年数据中心交换机和管理交换机集中采购（新建部分）_招标公告,https://b2b.10086.cn/b2b/main/viewNoticeContent.html?noticeBean.id=634978,2020-02-19
浙江移动,中国移动舟山分公司2020-2022年临城综合大楼中央空调系统维保服务采购项目_比选公告,https://b2b.10086.cn/b2b/main/viewNoticeContent.html?noticeBean.id=634993,2020-02-19
