采购单位,标题,链接,发标日期
江西移动,吉安移动2020年第一批C类及乡镇厅店业务外包合作商引入项目_采购变更公告(1),https://b2b.10086.cn/b2b/main/viewNoticeContent.html?noticeBean.id=635252,2020-02-21
江苏移动,中国移动江苏公司2020-2022年IP网络运营性支撑服务项目_比选公告,https://b2b.10086.cn/b2b/main/viewNoticeContent.html?noticeBean.id=635256,2020-02-21
上海移动,中国移动上海公司上海移动能耗管理系统集成服务_询价公告,https://b2b.10086.cn/b2b/main/viewNoticeContent.html?noticeBean.id=635264,2020-02-21
江苏移动,中国移动江苏公司2020-2022年管理信息系统运维支撑服务项目_比选公告,https://b2b.10086.cn/b2b/main/viewNoticeContent.html?noticeBean.id=635277,2020-02-21
黑龙江移动,黑龙江移动本部、哈尔滨数据中心2020年-2023年电梯维保服务采购项目_比选公告,https://b2b.10086.cn/b2b/main/viewNoticeContent.html?noticeBean.id=635284,2020-02-21
物联网公司,M6315软件版本升级采购项目_采购公告,https://b2b.10086.cn/b2b/main/viewNoticeContent.html?noticeBean.id=635288,2020-02-21
