采购单位,标题,链接,发标日期
湖南移动,中国移动湖南公司张家界分公司2020年一点支撑精准营销技术服务项目_比选公告,https://b2b.10086.cn/b2b/main/viewNoticeContent.html?noticeBean.id=637961,2020-03-09
政企分公司,广东肇庆数据指挥中心及信息化平台服务（中移集成）采购项目_比选公告,https://b2b.10086.cn/b2b/main/viewNoticeContent.html?noticeBean.id=637966,2020-03-09
终端公司,福建分公司2020-2021年售后业务外包合作商引入采购项目_比选公告,https://b2b.10086.cn/b2b/main/viewNoticeContent.html?noticeBean.id=637969,2020-03-09
北京移动,中国移动北京公司承载5G的城域传送网新技术发展及规划建设应用策略研究项目_比选公告,https://b2b.10086.cn/b2b/main/viewNoticeContent.html?noticeBean.id=637974,2020-03-09
政企分公司,四川省乐山市大佛景区WIFI系统集成服务（中移全通）采购项目_比选公告,https://b2b.10086.cn/b2b/main/viewNoticeContent.html?noticeBean.id=637999,2020-03-09
福建移动,2020年福建移动福州分公司福建医科大学台江校区宽带接入公开比选项目_比选公告,https://b2b.10086.cn/b2b/main/viewNoticeContent.html?noticeBean.id=638012,2020-03-09
甘肃移动,中国移动甘肃公司2018年省级政务安全云平台一期工程安全态势感知平台和安全综合运维展示平台采购项目_比选公告,https://b2b.10086.cn/b2b/main/viewNoticeContent.html?noticeBean.id=638016,2020-03-09
北京移动,中国移动北京公司2020年-2021年营业业务档案及客户资料委托管理服务项目_比选公告,https://b2b.10086.cn/b2b/main/viewNoticeContent.html?noticeBean.id=638028,2020-03-09
广东移动,中国移动广东公司南方基地二期6号地项目机电系统第三方检测调适服务公开比选项目（南方基地）_比选公告,https://b2b.10086.cn/b2b/main/viewNoticeContent.html?noticeBean.id=638047,2020-03-09
北京移动,中国移动北京公司网信安中心2020年5月-2021年12月垃圾短彩信及骚扰诈骗电话治理运营支撑服务项目_比选公告,https://b2b.10086.cn/b2b/main/viewNoticeContent.html?noticeBean.id=638053,2020-03-09
