采购单位,标题,链接,发标日期
河北移动,中国移动河北公司河北移动2020年法律咨询服务框架项目（标段二）重新比选项目_比选公告,https://b2b.10086.cn/b2b/main/viewNoticeContent.html?noticeBean.id=632929,2020-01-22
江苏移动,中国移动江苏公司2020-2021年泰州分公司业务活动推广服务（新媒体运营服务）采购项目_比选公告,https://b2b.10086.cn/b2b/main/viewNoticeContent.html?noticeBean.id=632954,2020-01-22
山东移动,山东移动2020年济南数据中心二期工程节能报告编制单位采购项目_比选公告,https://b2b.10086.cn/b2b/main/viewNoticeContent.html?noticeBean.id=632973,2020-01-22
江苏移动,中国移动江苏公司 宿迁分公司电子渠道运营支撑服务采购项目_比选公告,https://b2b.10086.cn/b2b/main/viewNoticeContent.html?noticeBean.id=632989,2020-01-22
黑龙江移动,黑龙江移动鹤岗分公司2020年智能组网装维服务采购项目_比选公告,https://b2b.10086.cn/b2b/main/viewNoticeContent.html?noticeBean.id=633002,2020-01-22
