采购单位,标题,链接,发标日期
物联网公司,特定目标监测分析系统研发项目_比选公告,https://b2b.10086.cn/b2b/main/viewNoticeContent.html?noticeBean.id=634184,2020-02-12
政企分公司,广东省0221706040项目（医院物联网及信息化类）（中移集成）采购项目_比选公告,https://b2b.10086.cn/b2b/main/viewNoticeContent.html?noticeBean.id=634186,2020-02-12
山西移动,中国移动山西公司2020年山西移动风冷空调群控系统的采购项目_比选采购_变更公告_(1),https://b2b.10086.cn/b2b/main/viewNoticeContent.html?noticeBean.id=634187,2020-02-12
设计院,2020-2021年度设计院传统业务非核心能力技术配合服务集中采购项目（土建）(2)_比选公告,https://b2b.10086.cn/b2b/main/viewNoticeContent.html?noticeBean.id=634191,2020-02-12
