采购单位,标题,链接,发标日期
杭州研发中心,中移（杭州）信息技术有限公司2020年大屏运营支撑平台采购项目_比选公告,https://b2b.10086.cn/b2b/main/viewNoticeContent.html?noticeBean.id=631620,2020-01-16
内蒙移动,中国移动通信集团内蒙古有限公司呼伦贝尔分公司市场部2020年-2021年营业厅装修、维修设计服务项目_比选公告,https://b2b.10086.cn/b2b/main/viewNoticeContent.html?noticeBean.id=631627,2020-01-16
杭州研发中心,中移（杭州）信息技术有限公司大屏驻地运营支撑服务采购项目_比选公告,https://b2b.10086.cn/b2b/main/viewNoticeContent.html?noticeBean.id=631643,2020-01-16
杭州研发中心,中移（杭州）信息技术有限公司2020-2022年家庭安防业务支撑服务采购项目_比选公告,https://b2b.10086.cn/b2b/main/viewNoticeContent.html?noticeBean.id=631644,2020-01-16
江西移动,江西移动鹰潭地区2020-2021年食材供货平台项目采购包2_比选公告,https://b2b.10086.cn/b2b/main/viewNoticeContent.html?noticeBean.id=631647,2020-01-16
北京移动,中国移动北京公司资产管理提升项目_比选公告,https://b2b.10086.cn/b2b/main/viewNoticeContent.html?noticeBean.id=631653,2020-01-16
上海移动,中国移动上海公司2019年上海移动重要光缆监测系统建设工程主体设备采购_询价公告,https://b2b.10086.cn/b2b/main/viewNoticeContent.html?noticeBean.id=631660,2020-01-16
江西移动,上饶移动2019年第四批乡镇厅及宽服厅业务外包合作商项目_采购变更公告(2),https://b2b.10086.cn/b2b/main/viewNoticeContent.html?noticeBean.id=631681,2020-01-16
