采购单位,标题,链接,发标日期
铁通公司,中移铁通北京分公司2020年市场产品及服务宣传形象设计采购项目_比选公告,https://b2b.10086.cn/b2b/main/viewNoticeContent.html?noticeBean.id=632119,2020-01-19
江苏移动,中国移动江苏公司2020年淮安移动淮阴区东城区综合业务区汇聚机房采购方案项目_采购公告,https://b2b.10086.cn/b2b/main/viewNoticeContent.html?noticeBean.id=632143,2020-01-19
上海移动,中国移动上海公司上海移动能耗管理系统集成服务_询价公告,https://b2b.10086.cn/b2b/main/viewNoticeContent.html?noticeBean.id=632147,2020-01-19
安徽移动,安徽移动支撑云资源池七期二阶段工程数据库迁移服务采购项目_招标公告,https://b2b.10086.cn/b2b/main/viewNoticeContent.html?noticeBean.id=632176,2020-01-19
江苏移动,中国移动江苏公司常州分公司2020年社区灯箱运营项目_询价公告,https://b2b.10086.cn/b2b/main/viewNoticeContent.html?noticeBean.id=632183,2020-01-19
上海移动,中国移动上海公司国际数据中心一期动力配套项目电源配套第一批扩容工程监理_比选公告,https://b2b.10086.cn/b2b/main/viewNoticeContent.html?noticeBean.id=632200,2020-01-19
上海移动,中国移动上海公司国际数据中心一期动力配套项目空调配套第一批扩容工程监理_比选公告,https://b2b.10086.cn/b2b/main/viewNoticeContent.html?noticeBean.id=632201,2020-01-19
黑龙江移动,中国移动（哈尔滨）数据中心二期工程智能应急照明等消防系统设备采购项目_比选公告,https://b2b.10086.cn/b2b/main/viewNoticeContent.html?noticeBean.id=632204,2020-01-19
