采购单位,标题,链接,发标日期
江苏移动,中国移动江苏公司5G智能机器人设备租赁项目_采购公告,https://b2b.10086.cn/b2b/main/viewNoticeContent.html?noticeBean.id=630565,2020-01-13
北京移动,中国移动北京公司家庭私有云存储采购项目 _比选公告,https://b2b.10086.cn/b2b/main/viewNoticeContent.html?noticeBean.id=630586,2020-01-13
咪咕公司,咪咕动漫2020年应用系统三线维护协维采购项目_比选公告,https://b2b.10086.cn/b2b/main/viewNoticeContent.html?noticeBean.id=630650,2020-01-13
广东移动,中国移动广东公司2020年Veritas软件第三方维保服务公开比选项目_比选公告,https://b2b.10086.cn/b2b/main/viewNoticeContent.html?noticeBean.id=630675,2020-01-13
政企分公司,天津市宝坻区建设工程质量安全监督管理支队视频监控平台及视频会议系统维护服务（中移全通）项目_比选公告,https://b2b.10086.cn/b2b/main/viewNoticeContent.html?noticeBean.id=630686,2020-01-13
广西移动,中国移动广西公司柳州分公司工业云平台采购项目_招标公告,https://b2b.10086.cn/b2b/main/viewNoticeContent.html?noticeBean.id=630694,2020-01-13
北京移动,中国移动北京公司B1827541有价卡数据生成系统（原刮卡系统）加密机项目_比选公告,https://b2b.10086.cn/b2b/main/viewNoticeContent.html?noticeBean.id=630705,2020-01-13
山东移动,山东移动2020年枣庄分公司市民服务中心云桌面系统采购项目_比选公告,https://b2b.10086.cn/b2b/main/viewNoticeContent.html?noticeBean.id=630723,2020-01-13
天津移动,天津市中医院研究院附属医院一楼门禁系统项目_询价公告,https://b2b.10086.cn/b2b/main/viewNoticeContent.html?noticeBean.id=630735,2020-01-13
北京移动,中国移动北京公司2019-2021年舆情监测服务项目_比选公告,https://b2b.10086.cn/b2b/main/viewNoticeContent.html?noticeBean.id=630737,2020-01-13
河南移动,河南移动2020-2021年港区、高新区数据中心动力维护服务项目_比选公告,https://b2b.10086.cn/b2b/main/viewNoticeContent.html?noticeBean.id=630739,2020-01-13
河南移动,中国移动河南公司郑州分公司郑州瑞泰耐火科技有限公司工业互联网平台项目合作伙伴引入项目_采购公告,https://b2b.10086.cn/b2b/main/viewNoticeContent.html?noticeBean.id=630747,2020-01-13
北京移动,中国移动北京公司2020-2021年星级俱乐部支撑服务项目_比选公告,https://b2b.10086.cn/b2b/main/viewNoticeContent.html?noticeBean.id=630748,2020-01-13
河南移动,中国移动河南公司郑州分公司郑州市中牟信访局视频会议系统扩建合作伙伴引入项目_采购公告,https://b2b.10086.cn/b2b/main/viewNoticeContent.html?noticeBean.id=630750,2020-01-13
海南移动,中国移动海南公司老城数据中心2019年机电配套及机房启用工程系统集成项目_招标公告,https://b2b.10086.cn/b2b/main/viewNoticeContent.html?noticeBean.id=630757,2020-01-13
