采购单位,标题,链接,发标日期
安徽移动,铜陵移动义安区文化市场综合执法队执法手机终端采购项目_采购公告,https://b2b.10086.cn/b2b/main/viewNoticeContent.html?noticeBean.id=634016,2020-02-11
云南移动,中国移动云南公司2019年网管支撑网IT资源池扩容系统集成服务项目_招标公告,https://b2b.10086.cn/b2b/main/viewNoticeContent.html?noticeBean.id=634035,2020-02-11
重庆移动,2020年垫江税务局专线（网上行为管理系统设备）联合采购_比选采购_变更公告_(1),https://b2b.10086.cn/b2b/main/viewNoticeContent.html?noticeBean.id=634039,2020-02-11
重庆移动,2020年垫江税务局专线（网上行为管理系统设备）联合采购_比选公告,https://b2b.10086.cn/b2b/main/viewNoticeContent.html?noticeBean.id=634054,2020-02-11
福建移动,中国移动福建公司厦门分公司关于2020-2021年IT支撑（OA信息化系统）技术服务项目_比选公告,https://b2b.10086.cn/b2b/main/viewNoticeContent.html?noticeBean.id=634056,2020-02-11
