采购单位,标题,链接,发标日期
安徽移动,合肥市公安局警务通四期AR智能终端小额采购项目_采购公告,https://b2b.10086.cn/b2b/main/viewNoticeContent.html?noticeBean.id=640364,2020-03-19
政企分公司,四川省德阳市公安局旌阳区分局图码联采系统技术服务（集成公司）采购项目_比选公告,https://b2b.10086.cn/b2b/main/viewNoticeContent.html?noticeBean.id=640382,2020-03-19
安徽移动,淮北分公司市场经营部2020-2021年自建渠道装修改造项目_比选公告,https://b2b.10086.cn/b2b/main/viewNoticeContent.html?noticeBean.id=640388,2020-03-19
安徽移动,2020-2022年池州移动青阳县公司综合楼及九华西路营业厅绿化维护服务项目的采购合同_采购公告,https://b2b.10086.cn/b2b/main/viewNoticeContent.html?noticeBean.id=640399,2020-03-19
重庆移动,永川分公司有线宽带建设项目疑难楼盘选址服务采购_询价公告,https://b2b.10086.cn/b2b/main/viewNoticeContent.html?noticeBean.id=640402,2020-03-19
云南移动,中国移动云南公司昭通分公司2020年镇雄县就业扶贫信息系统建设项目_招标公告,https://b2b.10086.cn/b2b/main/viewNoticeContent.html?noticeBean.id=640403,2020-03-19
江西移动,江西移动2020-2022年红角洲智能化系统核心设备维护服务采购项目_比选公告,https://b2b.10086.cn/b2b/main/viewNoticeContent.html?noticeBean.id=640404,2020-03-19
政企分公司,四川省雅安市环境信息化省市县三级统筹建设（集成公司）采购项目_比选公告,https://b2b.10086.cn/b2b/main/viewNoticeContent.html?noticeBean.id=640411,2020-03-19
河南移动,中国移动河南公司郑州分公司政务短信平台合作伙伴引入项目_采购公告,https://b2b.10086.cn/b2b/main/viewNoticeContent.html?noticeBean.id=640413,2020-03-19
安徽移动,2020年池州移动市场部网格包干合作商引入比选项目_采购变更公告(1),https://b2b.10086.cn/b2b/main/viewNoticeContent.html?noticeBean.id=640435,2020-03-19
河北移动,中国移动河北公司河北移动2020年保定、石家庄数据中心空调耗材采购项目_比选公告,https://b2b.10086.cn/b2b/main/viewNoticeContent.html?noticeBean.id=640442,2020-03-19
甘肃移动,省公司本部、民主路办公楼、新区数据中心消防设施维保采购项目_比选公告,https://b2b.10086.cn/b2b/main/viewNoticeContent.html?noticeBean.id=640448,2020-03-19
云南移动,中国移动云南公司玉溪分公司2020-2021年度视频监控报警系统维保项目_询价公告,https://b2b.10086.cn/b2b/main/viewNoticeContent.html?noticeBean.id=640450,2020-03-19
浙江移动,中国移动浙江公司2020-2022年基础安全运营维护技术支撑服务项目_比选公告,https://b2b.10086.cn/b2b/main/viewNoticeContent.html?noticeBean.id=640456,2020-03-19
重庆移动,2020年长寿分公司集客维护项目（集团客户局域网整改）_比选公告,https://b2b.10086.cn/b2b/main/viewNoticeContent.html?noticeBean.id=640461,2020-03-19
湖南移动,湖南移动2020年市场动态监测及策略研究项目_比选公告,https://b2b.10086.cn/b2b/main/viewNoticeContent.html?noticeBean.id=640462,2020-03-19
陕西移动,宁陕县太山庙镇胭脂坝小区等31个宽带网元租赁项目_比选公告,https://b2b.10086.cn/b2b/main/viewNoticeContent.html?noticeBean.id=640466,2020-03-19
陕西移动,2020年西安移动微波维修维护服务项目_比选公告,https://b2b.10086.cn/b2b/main/viewNoticeContent.html?noticeBean.id=640480,2020-03-19
黑龙江移动,黑龙江移动牡丹江分公司2020年通信市场政企信息调查采购项目_比选公告,https://b2b.10086.cn/b2b/main/viewNoticeContent.html?noticeBean.id=640481,2020-03-19
陕西移动,白河县茅坪镇大山村安置小区等16个宽带网元租赁项目_比选公告,https://b2b.10086.cn/b2b/main/viewNoticeContent.html?noticeBean.id=640488,2020-03-19
