采购单位,标题,链接,发标日期
山东移动,山东移动2020年潍坊分公司诸城林业局移动办公系统采购项目_采购公告,https://b2b.10086.cn/b2b/main/viewNoticeContent.html?noticeBean.id=636125,2020-02-27
内蒙移动,中国移动通信集团内蒙古有限公司鄂尔多斯分公司2020年网络维护物资零星搬运项目_招标公告,https://b2b.10086.cn/b2b/main/viewNoticeContent.html?noticeBean.id=636126,2020-02-27
设计院,2020-2021年设计院土建业务设计分包项目_比选公告,https://b2b.10086.cn/b2b/main/viewNoticeContent.html?noticeBean.id=636135,2020-02-27
宁夏移动,中国移动宁夏公司2020年西夏生产中心维护支撑用房室外工程施工采购项目_比选公告,https://b2b.10086.cn/b2b/main/viewNoticeContent.html?noticeBean.id=636138,2020-02-27
山东移动,山东移动2020年潍坊分公司经开区综合治理辅助平台采购项目_询价公告,https://b2b.10086.cn/b2b/main/viewNoticeContent.html?noticeBean.id=636144,2020-02-27
福建移动,福建移动三明分公司2020年关于三钢生产视频会议系统升级改造项目代建合作伙伴招募_采购公告,https://b2b.10086.cn/b2b/main/viewNoticeContent.html?noticeBean.id=636145,2020-02-27
苏州研发中心,苏州研发中心2020年车辆维保服务采购项目_询价公告,https://b2b.10086.cn/b2b/main/viewNoticeContent.html?noticeBean.id=636146,2020-02-27
政企分公司,中移雄安产业研究院专业无人机采购项目_比选公告,https://b2b.10086.cn/b2b/main/viewNoticeContent.html?noticeBean.id=636154,2020-02-27
山西移动,中国移动山西公司2019年省公司信息技术部企业级数据库资源池采购项目_招标公告,https://b2b.10086.cn/b2b/main/viewNoticeContent.html?noticeBean.id=636163,2020-02-27
山西移动,中国移动山西公司2020年省公司信息技术部支撑网网络安全设备扩容项目防绕行设备采购项目_询价公告,https://b2b.10086.cn/b2b/main/viewNoticeContent.html?noticeBean.id=636164,2020-02-27
重庆移动,城三分公司2020年第一批4G基站疑难站址选址服务项目_询价公告,https://b2b.10086.cn/b2b/main/viewNoticeContent.html?noticeBean.id=636185,2020-02-27
陕西移动,西咸分公司全业务支撑中心办公用房租赁项目_采购公告,https://b2b.10086.cn/b2b/main/viewNoticeContent.html?noticeBean.id=636188,2020-02-27
上海移动,中国移动上海公司上海中移信息2020-2022年智能WLAN客户端集成服务_比选公告,https://b2b.10086.cn/b2b/main/viewNoticeContent.html?noticeBean.id=636190,2020-02-27
政企分公司,5G+信息化体验厅装饰装修工程（中移集成）采购项目_比选公告,https://b2b.10086.cn/b2b/main/viewNoticeContent.html?noticeBean.id=636208,2020-02-27
政企分公司,福建省南安市行政服务中心智慧办事大厅建设及运维服务（中移集成）采购项目_比选公告,https://b2b.10086.cn/b2b/main/viewNoticeContent.html?noticeBean.id=636231,2020-02-27
