采购单位,标题,链接,发标日期
广西移动,中国移动广西公司2020-2021年存量基站塔类维护维修服务框架协议采购项目_比选公告,https://b2b.10086.cn/b2b/main/viewNoticeContent.html?noticeBean.id=635933,2020-02-26
黑龙江移动,黑龙江移动网络管理部智能网及数据网Oracle数据库软件维保服务采购项目_比选公告,https://b2b.10086.cn/b2b/main/viewNoticeContent.html?noticeBean.id=635976,2020-02-26
政企分公司,宁夏固原市职业技术学校综合公共数据服务平台（数据中心）建设项目一标段（中移集成）采购项目_比选公告,https://b2b.10086.cn/b2b/main/viewNoticeContent.html?noticeBean.id=635978,2020-02-26
北京移动,中国移动北京公司昌平分公司2020年NB-IoT干扰研究项目_比选公告,https://b2b.10086.cn/b2b/main/viewNoticeContent.html?noticeBean.id=636016,2020-02-26
咪咕公司,咪咕公司固定资产投资全生命周期智能管控平台三期工程管理中后台定制开发软件项目_招标公告,https://b2b.10086.cn/b2b/main/viewNoticeContent.html?noticeBean.id=636022,2020-02-26
内蒙移动,中国移动内蒙古公司2020年农村无线宽带WBS出保设备维保服务_比选公告,https://b2b.10086.cn/b2b/main/viewNoticeContent.html?noticeBean.id=636024,2020-02-26
